wind_label,phase,t_s,tau_x,tau_y,tau_z,tau_x_raw,tau_y_raw,tau_z_raw,tauff_x,tauff_y,tauff_z,roll_deg,pitch_deg,wx_rad_s,wy_rad_s
default,rot_off,0.00,0.0000,0.0000,0.0000,0.0000,0.0000,0.0000,0.000,0.000,0.000,1.555,4.154,-0.0010,-0.0049
default,rot_off,0.05,0.0000,0.0000,0.0000,0.0000,0.0000,0.0000,0.000,0.000,0.000,1.553,4.141,-0.0018,-0.0052
default,rot_off,0.10,0.0000,0.0000,0.0000,0.0000,0.0000,0.0000,0.000,0.000,0.000,1.549,4.121,-0.0024,-0.0079
default,rot_off,0.15,0.0000,0.0000,0.0000,0.0000,0.0000,0.0000,0.000,0.000,0.000,1.542,4.100,-0.0029,-0.0084
default,rot_off,0.20,0.0000,0.0000,0.0000,0.0000,0.0000,0.0000,0.000,0.000,0.000,1.534,4.075,-0.0033,-0.0097
default,rot_off,0.25,0.0000,0.0000,0.0000,0.0000,0.0000,0.0000,0.000,0.000,0.000,1.523,4.049,-0.0060,-0.0085
default,rot_off,0.30,0.0000,0.0000,0.0000,0.0000,0.0000,0.0000,0.000,0.000,0.000,1.512,4.021,-0.0049,-0.0103
default,rot_off,0.35,0.0000,0.0000,0.0000,0.0000,0.0000,0.0000,0.000,0.000,0.000,1.501,3.995,-0.0052,-0.0096
default,rot_off,0.40,0.0000,0.0000,0.0000,0.0000,0.0000,0.0000,0.000,0.000,0.000,1.488,3.964,-0.0054,-0.0111
default,rot_off,0.45,0.0000,0.0000,0.0000,0.0000,0.0000,0.0000,0.000,0.000,0.000,1.474,3.936,-0.0058,-0.0109
default,rot_off,0.50,0.0000,0.0000,0.0000,0.0000,0.0000,0.0000,0.000,0.000,0.000,1.458,3.904,-0.0060,-0.0106
default,rot_off,0.55,0.0000,0.0000,0.0000,0.0000,0.0000,0.0000,0.000,0.000,0.000,1.445,3.875,-0.0068,-0.0115
default,rot_off,0.60,0.0000,0.0000,0.0000,0.0000,0.0000,0.0000,0.000,0.000,0.000,1.430,3.841,-0.0061,-0.0103
default,rot_off,0.65,0.0000,0.0000,0.0000,0.0000,0.0000,0.0000,0.000,0.000,0.000,1.418,3.808,-0.0059,-0.0120
default,rot_off,0.70,0.0000,0.0000,0.0000,0.0000,0.0000,0.0000,0.000,0.000,0.000,1.406,3.773,-0.0044,-0.0111
default,rot_off,0.75,0.0000,0.0000,0.0000,0.0000,0.0000,0.0000,0.000,0.000,0.000,1.397,3.741,-0.0040,-0.0116
default,rot_off,0.80,0.0000,0.0000,0.0000,0.0000,0.0000,0.0000,0.000,0.000,0.000,1.392,3.705,-0.0031,-0.0120
default,rot_off,0.85,0.0000,0.0000,0.0000,0.0000,0.0000,0.0000,0.000,0.000,0.000,1.388,3.670,-0.0026,-0.0125
default,rot_off,0.90,0.0000,0.0000,0.0000,0.0000,0.0000,0.0000,0.000,0.000,0.000,1.388,3.634,-0.0003,-0.0121
default,rot_off,0.95,0.0000,0.0000,0.0000,0.0000,0.0000,0.0000,0.000,0.000,0.000,1.393,3.598,-0.0000,-0.0124
default,rot_off,1.00,0.0000,0.0000,0.0000,0.0000,0.0000,0.0000,0.000,0.000,0.000,1.402,3.560,0.0023,-0.0122
default,rot_off,1.05,0.0000,0.0000,0.0000,0.0000,0.0000,0.0000,0.000,0.000,0.000,1.412,3.524,0.0022,-0.0123
default,rot_off,1.10,0.0000,0.0000,0.0000,0.0000,0.0000,0.0000,0.000,0.000,0.000,1.426,3.488,0.0036,-0.0131
default,rot_off,1.15,0.0000,0.0000,0.0000,0.0000,0.0000,0.0000,0.000,0.000,0.000,1.440,3.456,0.0027,-0.0108
default,rot_off,1.20,0.0000,0.0000,0.0000,0.0000,0.0000,0.0000,0.000,0.000,0.000,1.454,3.423,0.0024,-0.0098
default,rot_off,1.25,0.0000,0.0000,0.0000,0.0000,0.0000,0.0000,0.000,0.000,0.000,1.465,3.395,0.0025,-0.0096
default,rot_off,1.30,0.0000,0.0000,0.0000,0.0000,0.0000,0.0000,0.000,0.000,0.000,1.473,3.369,0.0010,-0.0077
default,rot_off,1.35,0.0000,0.0000,0.0000,0.0000,0.0000,0.0000,0.000,0.000,0.000,1.482,3.350,0.0024,-0.0046
default,rot_off,1.40,0.0000,0.0000,0.0000,0.0000,0.0000,0.0000,0.000,0.000,0.000,1.492,3.332,0.0018,-0.0041
default,rot_off,1.45,0.0000,0.0000,0.0000,0.0000,0.0000,0.0000,0.000,0.000,0.000,1.500,3.321,0.0015,-0.0027
default,rot_off,1.50,0.0000,0.0000,0.0000,0.0000,0.0000,0.0000,0.000,0.000,0.000,1.511,3.313,0.0020,-0.0009
default,rot_off,1.55,0.0000,0.0000,0.0000,0.0000,0.0000,0.0000,0.000,0.000,0.000,1.519,3.310,0.0026,-0.0002
default,rot_off,1.60,0.0000,0.0000,0.0000,0.0000,0.0000,0.0000,0.000,0.000,0.000,1.530,3.310,0.0038,0.0011
default,rot_off,1.65,0.0000,0.0000,0.0000,0.0000,0.0000,0.0000,0.000,0.000,0.000,1.539,3.311,0.0021,0.0022
default,rot_off,1.70,0.0000,0.0000,0.0000,0.0000,0.0000,0.0000,0.000,0.000,0.000,1.550,3.316,0.0032,0.0020
default,rot_off,1.75,0.0000,0.0000,0.0000,0.0000,0.0000,0.0000,0.000,0.000,0.000,1.560,3.318,0.0021,0.0020
default,rot_off,1.80,0.0000,0.0000,0.0000,0.0000,0.0000,0.0000,0.000,0.000,0.000,1.567,3.320,0.0015,0.0013
default,rot_off,1.85,0.0000,0.0000,0.0000,0.0000,0.0000,0.0000,0.000,0.000,0.000,1.576,3.321,0.0011,0.0007
default,rot_off,1.90,0.0000,0.0000,0.0000,0.0000,0.0000,0.0000,0.000,0.000,0.000,1.585,3.321,0.0014,0.0008
default,rot_off,1.95,0.0000,0.0000,0.0000,0.0000,0.0000,0.0000,0.000,0.000,0.000,1.590,3.321,0.0009,0.0017
default,rot_off,2.00,0.0000,0.0000,0.0000,0.0000,0.0000,0.0000,0.000,0.000,0.000,1.597,3.323,-0.0005,0.0011
default,rot_off,2.05,0.0000,0.0000,0.0000,0.0000,0.0000,0.0000,0.000,0.000,0.000,1.600,3.326,-0.0001,0.0031
default,rot_off,2.10,0.0000,0.0000,0.0000,0.0000,0.0000,0.0000,0.000,0.000,0.000,1.601,3.331,-0.0012,0.0031
default,rot_off,2.15,0.0000,0.0000,0.0000,0.0000,0.0000,0.0000,0.000,0.000,0.000,1.601,3.337,-0.0020,0.0024
default,rot_off,2.20,0.0000,0.0000,0.0000,0.0000,0.0000,0.0000,0.000,0.000,0.000,1.598,3.343,-0.0034,0.0027
default,rot_off,2.25,0.0000,0.0000,0.0000,0.0000,0.0000,0.0000,0.000,0.000,0.000,1.595,3.349,-0.0036,0.0029
default,rot_off,2.30,0.0000,0.0000,0.0000,0.0000,0.0000,0.0000,0.000,0.000,0.000,1.587,3.355,-0.0048,0.0037
default,rot_off,2.35,0.0000,0.0000,0.0000,0.0000,0.0000,0.0000,0.000,0.000,0.000,1.577,3.361,-0.0051,0.0030
default,rot_off,2.40,0.0000,0.0000,0.0000,0.0000,0.0000,0.0000,0.000,0.000,0.000,1.565,3.367,-0.0061,0.0032
default,rot_off,2.45,0.0000,0.0000,0.0000,0.0000,0.0000,0.0000,0.000,0.000,0.000,1.552,3.372,-0.0057,0.0023
default,rot_off,2.50,0.0000,0.0000,0.0000,0.0000,0.0000,0.0000,0.000,0.000,0.000,1.538,3.375,-0.0060,0.0018
default,rot_off,2.55,0.0000,0.0000,0.0000,0.0000,0.0000,0.0000,0.000,0.000,0.000,1.524,3.376,-0.0079,0.0005
default,rot_off,2.60,0.0000,0.0000,0.0000,0.0000,0.0000,0.0000,0.000,0.000,0.000,1.510,3.377,-0.0067,0.0018
default,rot_off,2.65,0.0000,0.0000,0.0000,0.0000,0.0000,0.0000,0.000,0.000,0.000,1.495,3.377,-0.0077,-0.0006
default,rot_off,2.70,0.0000,0.0000,0.0000,0.0000,0.0000,0.0000,0.000,0.000,0.000,1.478,3.374,-0.0078,-0.0004
default,rot_off,2.75,0.0000,0.0000,0.0000,0.0000,0.0000,0.0000,0.000,0.000,0.000,1.462,3.369,-0.0076,-0.0017
default,rot_off,2.80,0.0000,0.0000,0.0000,0.0000,0.0000,0.0000,0.000,0.000,0.000,1.445,3.362,-0.0078,-0.0031
default,rot_off,2.85,0.0000,0.0000,0.0000,0.0000,0.0000,0.0000,0.000,0.000,0.000,1.430,3.355,-0.0073,-0.0029
default,rot_off,2.90,0.0000,0.0000,0.0000,0.0000,0.0000,0.0000,0.000,0.000,0.000,1.416,3.340,-0.0062,-0.0056
default,rot_off,2.95,0.0000,0.0000,0.0000,0.0000,0.0000,0.0000,0.000,0.000,0.000,1.407,3.326,-0.0044,-0.0066
default,rot_off,3.00,0.0000,0.0000,0.0000,0.0000,0.0000,0.0000,0.000,0.000,0.000,1.401,3.307,-0.0025,-0.0071
default,rot_off,3.05,0.0000,0.0000,0.0000,0.0000,0.0000,0.0000,0.000,0.000,0.000,1.399,3.288,-0.0016,-0.0062
default,rot_off,3.10,0.0000,0.0000,0.0000,0.0000,0.0000,0.0000,0.000,0.000,0.000,1.402,3.267,0.0009,-0.0062
default,rot_off,3.15,0.0000,0.0000,0.0000,0.0000,0.0000,0.0000,0.000,0.000,0.000,1.410,3.248,0.0019,-0.0048
default,rot_off,3.20,0.0000,0.0000,0.0000,0.0000,0.0000,0.0000,0.000,0.000,0.000,1.423,3.232,0.0045,-0.0043
default,rot_off,3.25,0.0000,0.0000,0.0000,0.0000,0.0000,0.0000,0.000,0.000,0.000,1.440,3.221,0.0063,-0.0024
default,rot_off,3.30,0.0000,0.0000,0.0000,0.0000,0.0000,0.0000,0.000,0.000,0.000,1.462,3.211,0.0076,-0.0015
default,rot_off,3.35,0.0000,0.0000,0.0000,0.0000,0.0000,0.0000,0.000,0.000,0.000,1.487,3.206,0.0087,-0.0010
default,rot_off,3.40,0.0000,0.0000,0.0000,0.0000,0.0000,0.0000,0.000,0.000,0.000,1.516,3.207,0.0103,0.0023
default,rot_off,3.45,0.0000,0.0000,0.0000,0.0000,0.0000,0.0000,0.000,0.000,0.000,1.548,3.209,0.0118,0.0017
default,rot_off,3.50,0.0000,0.0000,0.0000,0.0000,0.0000,0.0000,0.000,0.000,0.000,1.585,3.216,0.0125,0.0040
default,rot_off,3.55,0.0000,0.0000,0.0000,0.0000,0.0000,0.0000,0.000,0.000,0.000,1.628,3.226,0.0138,0.0050
default,rot_off,3.60,0.0000,0.0000,0.0000,0.0000,0.0000,0.0000,0.000,0.000,0.000,1.667,3.234,0.0148,0.0041
default,rot_off,3.65,0.0000,0.0000,0.0000,0.0000,0.0000,0.0000,0.000,0.000,0.000,1.706,3.243,0.0142,0.0037
default,rot_off,3.70,0.0000,0.0000,0.0000,0.0000,0.0000,0.0000,0.000,0.000,0.000,1.750,3.252,0.0142,0.0029
default,rot_off,3.75,0.0000,0.0000,0.0000,0.0000,0.0000,0.0000,0.000,0.000,0.000,1.789,3.260,0.0128,0.0038
default,rot_off,3.80,0.0000,0.0000,0.0000,0.0000,0.0000,0.0000,0.000,0.000,0.000,1.827,3.267,0.0124,0.0029
default,rot_off,3.85,0.0000,0.0000,0.0000,0.0000,0.0000,0.0000,0.000,0.000,0.000,1.861,3.274,0.0103,0.0022
default,rot_off,3.90,0.0000,0.0000,0.0000,0.0000,0.0000,0.0000,0.000,0.000,0.000,1.893,3.277,0.0095,0.0001
default,rot_off,3.95,0.0000,0.0000,0.0000,0.0000,0.0000,0.0000,0.000,0.000,0.000,1.920,3.278,0.0084,0.0009
default,rot_off,4.00,0.0000,0.0000,0.0000,0.0000,0.0000,0.0000,0.000,0.000,0.000,1.947,3.277,0.0074,-0.0004
default,rot_off,4.05,0.0000,0.0000,0.0000,0.0000,0.0000,0.0000,0.000,0.000,0.000,1.966,3.272,0.0053,-0.0020
default,rot_off,4.10,0.0000,0.0000,0.0000,0.0000,0.0000,0.0000,0.000,0.000,0.000,1.981,3.264,0.0034,-0.0031
default,rot_off,4.15,0.0000,0.0000,0.0000,0.0000,0.0000,0.0000,0.000,0.000,0.000,1.989,3.254,0.0005,-0.0039
default,rot_off,4.20,0.0000,0.0000,0.0000,0.0000,0.0000,0.0000,0.000,0.000,0.000,1.992,3.242,-0.0013,-0.0038
default,rot_off,4.25,0.0000,0.0000,0.0000,0.0000,0.0000,0.0000,0.000,0.000,0.000,1.992,3.231,-0.0023,-0.0041
default,rot_off,4.30,0.0000,0.0000,0.0000,0.0000,0.0000,0.0000,0.000,0.000,0.000,1.986,3.218,-0.0048,-0.0039
default,rot_off,4.35,0.0000,0.0000,0.0000,0.0000,0.0000,0.0000,0.000,0.000,0.000,1.977,3.206,-0.0056,-0.0034
default,rot_off,4.40,0.0000,0.0000,0.0000,0.0000,0.0000,0.0000,0.000,0.000,0.000,1.964,3.196,-0.0068,-0.0030
default,rot_off,4.45,0.0000,0.0000,0.0000,0.0000,0.0000,0.0000,0.000,0.000,0.000,1.949,3.188,-0.0071,-0.0013
default,rot_off,4.50,0.0000,0.0000,0.0000,0.0000,0.0000,0.0000,0.000,0.000,0.000,1.932,3.183,-0.0071,0.0001
default,rot_off,4.55,0.0000,0.0000,0.0000,0.0000,0.0000,0.0000,0.000,0.000,0.000,1.916,3.181,-0.0071,0.0005
default,rot_off,4.60,0.0000,0.0000,0.0000,0.0000,0.0000,0.0000,0.000,0.000,0.000,1.897,3.183,-0.0074,0.0016
default,rot_off,4.65,0.0000,0.0000,0.0000,0.0000,0.0000,0.0000,0.000,0.000,0.000,1.880,3.186,-0.0074,0.0030
default,rot_off,4.70,0.0000,0.0000,0.0000,0.0000,0.0000,0.0000,0.000,0.000,0.000,1.861,3.194,-0.0081,0.0030
default,rot_off,4.75,0.0000,0.0000,0.0000,0.0000,0.0000,0.0000,0.000,0.000,0.000,1.843,3.203,-0.0071,0.0044
default,rot_off,4.80,0.0000,0.0000,0.0000,0.0000,0.0000,0.0000,0.000,0.000,0.000,1.825,3.213,-0.0072,0.0051
default,rot_off,4.85,0.0000,0.0000,0.0000,0.0000,0.0000,0.0000,0.000,0.000,0.000,1.808,3.223,-0.0073,0.0039
default,rot_off,4.90,0.0000,0.0000,0.0000,0.0000,0.0000,0.0000,0.000,0.000,0.000,1.791,3.235,-0.0060,0.0044
default,rot_off,4.95,0.0000,0.0000,0.0000,0.0000,0.0000,0.0000,0.000,0.000,0.000,1.775,3.246,-0.0060,0.0042
default,rot_off,5.00,0.0000,0.0000,0.0000,0.0000,0.0000,0.0000,0.000,0.000,0.000,1.760,3.256,-0.0054,0.0046
default,rot_off,5.05,0.0000,0.0000,0.0000,0.0000,0.0000,0.0000,0.000,0.000,0.000,1.750,3.266,-0.0041,0.0042
default,rot_off,5.10,0.0000,0.0000,0.0000,0.0000,0.0000,0.0000,0.000,0.000,0.000,1.740,3.272,-0.0032,0.0017
default,rot_off,5.15,0.0000,0.0000,0.0000,0.0000,0.0000,0.0000,0.000,0.000,0.000,1.732,3.278,-0.0042,0.0015
default,rot_off,5.20,0.0000,0.0000,0.0000,0.0000,0.0000,0.0000,0.000,0.000,0.000,1.726,3.281,-0.0024,0.0004
default,rot_off,5.25,0.0000,0.0000,0.0000,0.0000,0.0000,0.0000,0.000,0.000,0.000,1.720,3.284,-0.0031,0.0014
default,rot_off,5.30,0.0000,0.0000,0.0000,0.0000,0.0000,0.0000,0.000,0.000,0.000,1.713,3.287,-0.0035,0.0013
default,rot_off,5.35,0.0000,0.0000,0.0000,0.0000,0.0000,0.0000,0.000,0.000,0.000,1.709,3.290,-0.0022,0.0023
default,rot_off,5.40,0.0000,0.0000,0.0000,0.0000,0.0000,0.0000,0.000,0.000,0.000,1.703,3.292,-0.0023,0.0007
default,rot_off,5.45,0.0000,0.0000,0.0000,0.0000,0.0000,0.0000,0.000,0.000,0.000,1.700,3.291,-0.0006,-0.0024
default,rot_off,5.50,0.0000,0.0000,0.0000,0.0000,0.0000,0.0000,0.000,0.000,0.000,1.702,3.290,0.0004,-0.0006
default,rot_off,5.55,0.0000,0.0000,0.0000,0.0000,0.0000,0.0000,0.000,0.000,0.000,1.706,3.284,0.0005,-0.0027
default,rot_off,5.60,0.0000,0.0000,0.0000,0.0000,0.0000,0.0000,0.000,0.000,0.000,1.712,3.274,0.0022,-0.0042
default,rot_off,5.65,0.0000,0.0000,0.0000,0.0000,0.0000,0.0000,0.000,0.000,0.000,1.722,3.263,0.0026,-0.0039
default,rot_off,5.70,0.0000,0.0000,0.0000,0.0000,0.0000,0.0000,0.000,0.000,0.000,1.733,3.247,0.0035,-0.0057
default,rot_off,5.75,0.0000,0.0000,0.0000,0.0000,0.0000,0.0000,0.000,0.000,0.000,1.746,3.232,0.0029,-0.0059
default,rot_off,5.80,0.0000,0.0000,0.0000,0.0000,0.0000,0.0000,0.000,0.000,0.000,1.760,3.211,0.0035,-0.0082
default,rot_off,5.85,0.0000,0.0000,0.0000,0.0000,0.0000,0.0000,0.000,0.000,0.000,1.773,3.194,0.0033,-0.0058
default,rot_off,5.90,0.0000,0.0000,0.0000,0.0000,0.0000,0.0000,0.000,0.000,0.000,1.787,3.174,0.0034,-0.0058
default,rot_off,5.95,0.0000,0.0000,0.0000,0.0000,0.0000,0.0000,0.000,0.000,0.000,1.797,3.158,0.0011,-0.0068
default,rot_off,6.00,0.0000,0.0000,0.0000,0.0000,0.0000,0.0000,0.000,0.000,0.000,1.806,3.143,0.0020,-0.0045
default,rot_off,6.05,0.0000,0.0000,0.0000,0.0000,0.0000,0.0000,0.000,0.000,0.000,1.814,3.129,0.0013,-0.0037
default,rot_off,6.10,0.0000,0.0000,0.0000,0.0000,0.0000,0.0000,0.000,0.000,0.000,1.821,3.117,0.0021,-0.0024
default,rot_off,6.15,0.0000,0.0000,0.0000,0.0000,0.0000,0.0000,0.000,0.000,0.000,1.826,3.108,0.0005,-0.0031
default,rot_off,6.20,0.0000,0.0000,0.0000,0.0000,0.0000,0.0000,0.000,0.000,0.000,1.834,3.101,0.0009,-0.0018
default,rot_off,6.25,0.0000,0.0000,0.0000,0.0000,0.0000,0.0000,0.000,0.000,0.000,1.838,3.093,0.0005,-0.0027
default,rot_off,6.30,0.0000,0.0000,0.0000,0.0000,0.0000,0.0000,0.000,0.000,0.000,1.843,3.087,0.0011,-0.0017
default,rot_off,6.35,0.0000,0.0000,0.0000,0.0000,0.0000,0.0000,0.000,0.000,0.000,1.847,3.083,-0.0001,0.0003
default,rot_off,6.40,0.0000,0.0000,0.0000,0.0000,0.0000,0.0000,0.000,0.000,0.000,1.850,3.083,-0.0007,0.0005
default,rot_off,6.45,0.0000,0.0000,0.0000,0.0000,0.0000,0.0000,0.000,0.000,0.000,1.852,3.084,-0.0004,0.0015
default,rot_off,6.50,0.0000,0.0000,0.0000,0.0000,0.0000,0.0000,0.000,0.000,0.000,1.854,3.089,-0.0000,0.0029
default,rot_off,6.55,0.0000,0.0000,0.0000,0.0000,0.0000,0.0000,0.000,0.000,0.000,1.856,3.097,-0.0006,0.0033
default,rot_off,6.60,0.0000,0.0000,0.0000,0.0000,0.0000,0.0000,0.000,0.000,0.000,1.861,3.107,0.0006,0.0052
default,rot_off,6.65,0.0000,0.0000,0.0000,0.0000,0.0000,0.0000,0.000,0.000,0.000,1.866,3.117,0.0023,0.0053
default,rot_off,6.70,0.0000,0.0000,0.0000,0.0000,0.0000,0.0000,0.000,0.000,0.000,1.872,3.131,0.0016,0.0057
default,rot_off,6.75,0.0000,0.0000,0.0000,0.0000,0.0000,0.0000,0.000,0.000,0.000,1.880,3.146,0.0021,0.0066
default,rot_off,6.80,0.0000,0.0000,0.0000,0.0000,0.0000,0.0000,0.000,0.000,0.000,1.888,3.163,0.0012,0.0076
default,rot_off,6.85,0.0000,0.0000,0.0000,0.0000,0.0000,0.0000,0.000,0.000,0.000,1.896,3.183,0.0017,0.0074
default,rot_off,6.90,0.0000,0.0000,0.0000,0.0000,0.0000,0.0000,0.000,0.000,0.000,1.906,3.204,0.0026,0.0083
default,rot_off,6.95,0.0000,0.0000,0.0000,0.0000,0.0000,0.0000,0.000,0.000,0.000,1.916,3.226,0.0033,0.0087
default,rot_off,7.00,0.0000,0.0000,0.0000,0.0000,0.0000,0.0000,0.000,0.000,0.000,1.926,3.251,0.0020,0.0086
default,rot_off,7.05,0.0000,0.0000,0.0000,0.0000,0.0000,0.0000,0.000,0.000,0.000,1.935,3.273,0.0011,0.0077
default,rot_off,7.10,0.0000,0.0000,0.0000,0.0000,0.0000,0.0000,0.000,0.000,0.000,1.944,3.294,0.0020,0.0073
default,rot_off,7.15,0.0000,0.0000,0.0000,0.0000,0.0000,0.0000,0.000,0.000,0.000,1.952,3.311,0.0009,0.0057
default,rot_off,7.20,0.0000,0.0000,0.0000,0.0000,0.0000,0.0000,0.000,0.000,0.000,1.956,3.324,0.0008,0.0045
default,rot_off,7.25,0.0000,0.0000,0.0000,0.0000,0.0000,0.0000,0.000,0.000,0.000,1.963,3.333,0.0010,0.0044
default,rot_off,7.30,0.0000,0.0000,0.0000,0.0000,0.0000,0.0000,0.000,0.000,0.000,1.966,3.339,0.0004,0.0013
default,rot_off,7.35,0.0000,0.0000,0.0000,0.0000,0.0000,0.0000,0.000,0.000,0.000,1.969,3.342,-0.0006,-0.0002
default,rot_off,7.40,0.0000,0.0000,0.0000,0.0000,0.0000,0.0000,0.000,0.000,0.000,1.971,3.342,0.0009,0.0002
default,rot_off,7.45,0.0000,0.0000,0.0000,0.0000,0.0000,0.0000,0.000,0.000,0.000,1.973,3.338,-0.0013,-0.0024
default,rot_off,7.50,0.0000,0.0000,0.0000,0.0000,0.0000,0.0000,0.000,0.000,0.000,1.975,3.331,-0.0008,-0.0029
default,rot_off,7.55,0.0000,0.0000,0.0000,0.0000,0.0000,0.0000,0.000,0.000,0.000,1.977,3.320,-0.0005,-0.0041
default,rot_off,7.60,0.0000,0.0000,0.0000,0.0000,0.0000,0.0000,0.000,0.000,0.000,1.979,3.309,-0.0011,-0.0044
default,rot_off,7.65,0.0000,0.0000,0.0000,0.0000,0.0000,0.0000,0.000,0.000,0.000,1.982,3.295,-0.0003,-0.0049
default,rot_off,7.70,0.0000,0.0000,0.0000,0.0000,0.0000,0.0000,0.000,0.000,0.000,1.987,3.278,-0.0005,-0.0048
default,rot_off,7.75,0.0000,0.0000,0.0000,0.0000,0.0000,0.0000,0.000,0.000,0.000,1.989,3.262,-0.0009,-0.0059
default,rot_off,7.80,0.0000,0.0000,0.0000,0.0000,0.0000,0.0000,0.000,0.000,0.000,1.992,3.244,-0.0012,-0.0063
default,rot_off,7.85,0.0000,0.0000,0.0000,0.0000,0.0000,0.0000,0.000,0.000,0.000,1.993,3.228,-0.0013,-0.0056
default,rot_off,7.90,0.0000,0.0000,0.0000,0.0000,0.0000,0.0000,0.000,0.000,0.000,1.992,3.211,-0.0016,-0.0051
default,rot_off,7.95,0.0000,0.0000,0.0000,0.0000,0.0000,0.0000,0.000,0.000,0.000,1.993,3.197,-0.0017,-0.0046
default,rot_off,8.00,0.0000,0.0000,0.0000,0.0000,0.0000,0.0000,0.000,0.000,0.000,1.992,3.183,-0.0013,-0.0027
default,rot_off,8.05,0.0000,0.0000,0.0000,0.0000,0.0000,0.0000,0.000,0.000,0.000,1.994,3.171,0.0002,-0.0033
default,rot_off,8.10,0.0000,0.0000,0.0000,0.0000,0.0000,0.0000,0.000,0.000,0.000,1.998,3.160,-0.0005,-0.0027
default,rot_off,8.15,0.0000,0.0000,0.0000,0.0000,0.0000,0.0000,0.000,0.000,0.000,2.004,3.152,0.0017,-0.0018
default,rot_off,8.20,0.0000,0.0000,0.0000,0.0000,0.0000,0.0000,0.000,0.000,0.000,2.016,3.148,0.0038,0.0008
default,rot_off,8.25,0.0000,0.0000,0.0000,0.0000,0.0000,0.0000,0.000,0.000,0.000,2.029,3.146,0.0039,0.0008
default,rot_off,8.30,0.0000,0.0000,0.0000,0.0000,0.0000,0.0000,0.000,0.000,0.000,2.044,3.148,0.0057,0.0012
default,rot_off,8.35,0.0000,0.0000,0.0000,0.0000,0.0000,0.0000,0.000,0.000,0.000,2.060,3.153,0.0048,0.0026
default,rot_off,8.40,0.0000,0.0000,0.0000,0.0000,0.0000,0.0000,0.000,0.000,0.000,2.079,3.160,0.0063,0.0028
default,rot_off,8.45,0.0000,0.0000,0.0000,0.0000,0.0000,0.0000,0.000,0.000,0.000,2.099,3.166,0.0066,0.0035
default,rot_off,8.50,0.0000,0.0000,0.0000,0.0000,0.0000,0.0000,0.000,0.000,0.000,2.120,3.172,0.0066,0.0023
default,rot_off,8.55,0.0000,0.0000,0.0000,0.0000,0.0000,0.0000,0.000,0.000,0.000,2.138,3.178,0.0059,0.0027
default,rot_off,8.60,0.0000,0.0000,0.0000,0.0000,0.0000,0.0000,0.000,0.000,0.000,2.157,3.183,0.0051,0.0024
default,rot_off,8.65,0.0000,0.0000,0.0000,0.0000,0.0000,0.0000,0.000,0.000,0.000,2.173,3.191,0.0026,0.0039
default,rot_off,8.70,0.0000,0.0000,0.0000,0.0000,0.0000,0.0000,0.000,0.000,0.000,2.187,3.202,0.0020,0.0040
default,rot_off,8.75,0.0000,0.0000,0.0000,0.0000,0.0000,0.0000,0.000,0.000,0.000,2.198,3.213,0.0034,0.0046
default,rot_off,8.80,0.0000,0.0000,0.0000,0.0000,0.0000,0.0000,0.000,0.000,0.000,2.206,3.225,0.0017,0.0043
default,rot_off,8.85,0.0000,0.0000,0.0000,0.0000,0.0000,0.0000,0.000,0.000,0.000,2.211,3.235,0.0012,0.0032
default,rot_off,8.90,0.0000,0.0000,0.0000,0.0000,0.0000,0.0000,0.000,0.000,0.000,2.215,3.244,-0.0007,0.0032
default,rot_off,8.95,0.0000,0.0000,0.0000,0.0000,0.0000,0.0000,0.000,0.000,0.000,2.216,3.250,-0.0007,0.0030
default,rot_off,9.00,0.0000,0.0000,0.0000,0.0000,0.0000,0.0000,0.000,0.000,0.000,2.214,3.256,-0.0021,0.0028
default,rot_off,9.05,0.0000,0.0000,0.0000,0.0000,0.0000,0.0000,0.000,0.000,0.000,2.210,3.262,-0.0040,0.0032
default,rot_off,9.10,0.0000,0.0000,0.0000,0.0000,0.0000,0.0000,0.000,0.000,0.000,2.200,3.267,-0.0052,0.0023
default,rot_off,9.15,0.0000,0.0000,0.0000,0.0000,0.0000,0.0000,0.000,0.000,0.000,2.188,3.272,-0.0066,0.0029
default,rot_off,9.20,0.0000,0.0000,0.0000,0.0000,0.0000,0.0000,0.000,0.000,0.000,2.171,3.277,-0.0071,0.0021
default,rot_off,9.25,0.0000,0.0000,0.0000,0.0000,0.0000,0.0000,0.000,0.000,0.000,2.152,3.280,-0.0099,0.0017
default,rot_off,9.30,0.0000,0.0000,0.0000,0.0000,0.0000,0.0000,0.000,0.000,0.000,2.127,3.284,-0.0101,0.0020
default,rot_off,9.35,0.0000,0.0000,0.0000,0.0000,0.0000,0.0000,0.000,0.000,0.000,2.100,3.286,-0.0119,0.0009
default,rot_off,9.40,0.0000,0.0000,0.0000,0.0000,0.0000,0.0000,0.000,0.000,0.000,2.070,3.289,-0.0129,0.0024
default,rot_off,9.45,0.0000,0.0000,0.0000,0.0000,0.0000,0.0000,0.000,0.000,0.000,2.040,3.290,-0.0126,0.0010
default,rot_off,9.50,0.0000,0.0000,0.0000,0.0000,0.0000,0.0000,0.000,0.000,0.000,2.006,3.293,-0.0129,0.0005
default,rot_off,9.55,0.0000,0.0000,0.0000,0.0000,0.0000,0.0000,0.000,0.000,0.000,1.978,3.294,-0.0106,0.0007
default,rot_off,9.60,0.0000,0.0000,0.0000,0.0000,0.0000,0.0000,0.000,0.000,0.000,1.948,3.294,-0.0108,0.0008
default,rot_off,9.65,0.0000,0.0000,0.0000,0.0000,0.0000,0.0000,0.000,0.000,0.000,1.920,3.292,-0.0111,-0.0028
default,rot_off,9.70,0.0000,0.0000,0.0000,0.0000,0.0000,0.0000,0.000,0.000,0.000,1.895,3.287,-0.0091,-0.0014
default,rot_off,9.75,0.0000,0.0000,0.0000,0.0000,0.0000,0.0000,0.000,0.000,0.000,1.875,3.278,-0.0080,-0.0032
default,rot_off,9.80,0.0000,0.0000,0.0000,0.0000,0.0000,0.0000,0.000,0.000,0.000,1.861,3.267,-0.0048,-0.0045
default,rot_off,9.85,0.0000,0.0000,0.0000,0.0000,0.0000,0.0000,0.000,0.000,0.000,1.850,3.253,-0.0038,-0.0051
default,rot_off,9.90,0.0000,0.0000,0.0000,0.0000,0.0000,0.0000,0.000,0.000,0.000,1.844,3.237,-0.0028,-0.0059
default,rot_off,9.95,0.0000,0.0000,0.0000,0.0000,0.0000,0.0000,0.000,0.000,0.000,1.843,3.219,0.0004,-0.0067
default,rot_off,10.00,0.0000,0.0000,0.0000,0.0000,0.0000,0.0000,0.000,0.000,0.000,1.845,3.200,-0.0004,-0.0060
default,rot_off,10.05,0.0000,0.0000,0.0000,0.0000,0.0000,0.0000,0.000,0.000,0.000,1.850,3.180,0.0016,-0.0085
default,rot_off,10.10,0.0000,0.0000,0.0000,0.0000,0.0000,0.0000,0.000,0.000,0.000,1.860,3.159,0.0025,-0.0078
default,rot_off,10.15,0.0000,0.0000,0.0000,0.0000,0.0000,0.0000,0.000,0.000,0.000,1.871,3.139,0.0027,-0.0062
default,rot_off,10.20,0.0000,0.0000,0.0000,0.0000,0.0000,0.0000,0.000,0.000,0.000,1.885,3.118,0.0042,-0.0065
default,rot_off,10.25,0.0000,0.0000,0.0000,0.0000,0.0000,0.0000,0.000,0.000,0.000,1.899,3.101,0.0041,-0.0047
default,rot_off,10.30,0.0000,0.0000,0.0000,0.0000,0.0000,0.0000,0.000,0.000,0.000,1.917,3.088,0.0065,-0.0024
default,rot_off,10.35,0.0000,0.0000,0.0000,0.0000,0.0000,0.0000,0.000,0.000,0.000,1.937,3.080,0.0072,-0.0005
default,rot_off,10.40,0.0000,0.0000,0.0000,0.0000,0.0000,0.0000,0.000,0.000,0.000,1.962,3.077,0.0083,0.0007
default,rot_off,10.45,0.0000,0.0000,0.0000,0.0000,0.0000,0.0000,0.000,0.000,0.000,1.986,3.079,0.0082,0.0022
default,rot_off,10.50,0.0000,0.0000,0.0000,0.0000,0.0000,0.0000,0.000,0.000,0.000,2.017,3.087,0.0092,0.0042
default,rot_off,10.55,0.0000,0.0000,0.0000,0.0000,0.0000,0.0000,0.000,0.000,0.000,2.046,3.098,0.0091,0.0069
default,rot_off,10.60,0.0000,0.0000,0.0000,0.0000,0.0000,0.0000,0.000,0.000,0.000,2.076,3.113,0.0091,0.0066
default,rot_off,10.65,0.0000,0.0000,0.0000,0.0000,0.0000,0.0000,0.000,0.000,0.000,2.104,3.130,0.0094,0.0078
default,rot_off,10.70,0.0000,0.0000,0.0000,0.0000,0.0000,0.0000,0.000,0.000,0.000,2.131,3.151,0.0080,0.0083
default,rot_off,10.75,0.0000,0.0000,0.0000,0.0000,0.0000,0.0000,0.000,0.000,0.000,2.155,3.167,0.0073,0.0062
default,rot_off,10.80,0.0000,0.0000,0.0000,0.0000,0.0000,0.0000,0.000,0.000,0.000,2.178,3.182,0.0067,0.0061
default,rot_off,10.85,0.0000,0.0000,0.0000,0.0000,0.0000,0.0000,0.000,0.000,0.000,2.198,3.193,0.0069,0.0038
default,rot_off,10.90,0.0000,0.0000,0.0000,0.0000,0.0000,0.0000,0.000,0.000,0.000,2.218,3.198,0.0051,0.0012
default,rot_off,10.95,0.0000,0.0000,0.0000,0.0000,0.0000,0.0000,0.000,0.000,0.000,2.233,3.198,0.0037,-0.0001
default,rot_off,11.00,0.0000,0.0000,0.0000,0.0000,0.0000,0.0000,0.000,0.000,0.000,2.248,3.192,0.0027,-0.0032
default,rot_off,11.05,0.0000,0.0000,0.0000,0.0000,0.0000,0.0000,0.000,0.000,0.000,2.257,3.182,0.0017,-0.0040
default,rot_off,11.10,0.0000,0.0000,0.0000,0.0000,0.0000,0.0000,0.000,0.000,0.000,2.267,3.170,0.0023,-0.0064
default,rot_off,11.15,0.0000,0.0000,0.0000,0.0000,0.0000,0.0000,0.000,0.000,0.000,2.270,3.153,0.0006,-0.0067
default,rot_off,11.20,0.0000,0.0000,0.0000,0.0000,0.0000,0.0000,0.000,0.000,0.000,2.276,3.132,0.0002,-0.0074
default,rot_off,11.25,0.0000,0.0000,0.0000,0.0000,0.0000,0.0000,0.000,0.000,0.000,2.279,3.110,-0.0000,-0.0090
default,rot_off,11.30,0.0000,0.0000,0.0000,0.0000,0.0000,0.0000,0.000,0.000,0.000,2.281,3.084,-0.0004,-0.0088
default,rot_off,11.35,0.0000,0.0000,0.0000,0.0000,0.0000,0.0000,0.000,0.000,0.000,2.283,3.058,0.0006,-0.0098
default,rot_off,11.40,0.0000,0.0000,0.0000,0.0000,0.0000,0.0000,0.000,0.000,0.000,2.284,3.029,-0.0012,-0.0106
default,rot_off,11.45,0.0000,0.0000,0.0000,0.0000,0.0000,0.0000,0.000,0.000,0.000,2.286,3.002,-0.0008,-0.0087
default,rot_off,11.50,0.0000,0.0000,0.0000,0.0000,0.0000,0.0000,0.000,0.000,0.000,2.286,2.974,-0.0009,-0.0095
default,rot_off,11.55,0.0000,0.0000,0.0000,0.0000,0.0000,0.0000,0.000,0.000,0.000,2.288,2.951,-0.0001,-0.0067
default,rot_off,11.60,0.0000,0.0000,0.0000,0.0000,0.0000,0.0000,0.000,0.000,0.000,2.288,2.928,-0.0008,-0.0080
default,rot_off,11.65,0.0000,0.0000,0.0000,0.0000,0.0000,0.0000,0.000,0.000,0.000,2.289,2.912,-0.0009,-0.0047
default,rot_off,11.70,0.0000,0.0000,0.0000,0.0000,0.0000,0.0000,0.000,0.000,0.000,2.288,2.896,-0.0016,-0.0039
default,rot_off,11.75,0.0000,0.0000,0.0000,0.0000,0.0000,0.0000,0.000,0.000,0.000,2.287,2.886,-0.0001,-0.0022
default,rot_off,11.80,0.0000,0.0000,0.0000,0.0000,0.0000,0.0000,0.000,0.000,0.000,2.287,2.876,-0.0009,-0.0030
default,rot_off,11.85,0.0000,0.0000,0.0000,0.0000,0.0000,0.0000,0.000,0.000,0.000,2.287,2.873,-0.0008,0.0004
default,rot_off,11.90,0.0000,0.0000,0.0000,0.0000,0.0000,0.0000,0.000,0.000,0.000,2.286,2.870,-0.0010,-0.0003
default,rot_off,11.95,0.0000,0.0000,0.0000,0.0000,0.0000,0.0000,0.000,0.000,0.000,2.288,2.872,0.0009,0.0013
default,rot_off,12.00,0.0000,0.0000,0.0000,0.0000,0.0000,0.0000,0.000,0.000,0.000,2.289,2.875,-0.0008,0.0022
default,rot_off,12.05,0.0000,0.0000,0.0000,0.0000,0.0000,0.0000,0.000,0.000,0.000,2.287,2.882,-0.0008,0.0033
default,rot_off,12.10,0.0000,0.0000,0.0000,0.0000,0.0000,0.0000,0.000,0.000,0.000,2.287,2.891,-0.0026,0.0035
default,rot_off,12.15,0.0000,0.0000,0.0000,0.0000,0.0000,0.0000,0.000,0.000,0.000,2.286,2.900,-0.0013,0.0035
default,rot_off,12.20,0.0000,0.0000,0.0000,0.0000,0.0000,0.0000,0.000,0.000,0.000,2.283,2.909,-0.0022,0.0041
default,rot_off,12.25,0.0000,0.0000,0.0000,0.0000,0.0000,0.0000,0.000,0.000,0.000,2.278,2.918,-0.0028,0.0034
default,rot_off,12.30,0.0000,0.0000,0.0000,0.0000,0.0000,0.0000,0.000,0.000,0.000,2.271,2.926,-0.0038,0.0021
default,rot_off,12.35,0.0000,0.0000,0.0000,0.0000,0.0000,0.0000,0.000,0.000,0.000,2.262,2.933,-0.0051,0.0027
default,rot_off,12.40,0.0000,0.0000,0.0000,0.0000,0.0000,0.0000,0.000,0.000,0.000,2.250,2.940,-0.0054,0.0026
default,rot_off,12.45,0.0000,0.0000,0.0000,0.0000,0.0000,0.0000,0.000,0.000,0.000,2.236,2.944,-0.0080,0.0017
default,rot_off,12.50,0.0000,0.0000,0.0000,0.0000,0.0000,0.0000,0.000,0.000,0.000,2.217,2.947,-0.0082,0.0026
default,rot_off,12.55,0.0000,0.0000,0.0000,0.0000,0.0000,0.0000,0.000,0.000,0.000,2.198,2.951,-0.0076,0.0016
default,rot_off,12.60,0.0000,0.0000,0.0000,0.0000,0.0000,0.0000,0.000,0.000,0.000,2.178,2.955,-0.0070,0.0028
default,rot_off,12.65,0.0000,0.0000,0.0000,0.0000,0.0000,0.0000,0.000,0.000,0.000,2.160,2.959,-0.0070,0.0019
default,rot_off,12.70,0.0000,0.0000,0.0000,0.0000,0.0000,0.0000,0.000,0.000,0.000,2.145,2.965,-0.0049,0.0025
default,rot_off,12.75,0.0000,0.0000,0.0000,0.0000,0.0000,0.0000,0.000,0.000,0.000,2.132,2.970,-0.0053,0.0025
default,rot_off,12.80,0.0000,0.0000,0.0000,0.0000,0.0000,0.0000,0.000,0.000,0.000,2.124,2.976,-0.0037,0.0023
default,rot_off,12.85,0.0000,0.0000,0.0000,0.0000,0.0000,0.0000,0.000,0.000,0.000,2.117,2.981,-0.0026,0.0037
default,rot_off,12.90,0.0000,0.0000,0.0000,0.0000,0.0000,0.0000,0.000,0.000,0.000,2.114,2.988,-0.0016,0.0027
default,rot_off,12.95,0.0000,0.0000,0.0000,0.0000,0.0000,0.0000,0.000,0.000,0.000,2.113,2.996,0.0002,0.0033
default,rot_off,13.00,0.0000,0.0000,0.0000,0.0000,0.0000,0.0000,0.000,0.000,0.000,2.117,3.004,0.0013,0.0037
default,rot_off,13.05,0.0000,0.0000,0.0000,0.0000,0.0000,0.0000,0.000,0.000,0.000,2.124,3.012,0.0043,0.0040
default,rot_off,13.10,0.0000,0.0000,0.0000,0.0000,0.0000,0.0000,0.000,0.000,0.000,2.136,3.025,0.0044,0.0066
default,rot_off,13.15,0.0000,0.0000,0.0000,0.0000,0.0000,0.0000,0.000,0.000,0.000,2.151,3.036,0.0059,0.0049
default,rot_off,13.20,0.0000,0.0000,0.0000,0.0000,0.0000,0.0000,0.000,0.000,0.000,2.171,3.047,0.0057,0.0038
default,rot_off,13.25,0.0000,0.0000,0.0000,0.0000,0.0000,0.0000,0.000,0.000,0.000,2.191,3.058,0.0071,0.0045
default,rot_off,13.30,0.0000,0.0000,0.0000,0.0000,0.0000,0.0000,0.000,0.000,0.000,2.215,3.069,0.0074,0.0034
default,rot_off,13.35,0.0000,0.0000,0.0000,0.0000,0.0000,0.0000,0.000,0.000,0.000,2.236,3.078,0.0080,0.0040
default,rot_off,13.40,0.0000,0.0000,0.0000,0.0000,0.0000,0.0000,0.000,0.000,0.000,2.260,3.087,0.0072,0.0039
default,rot_off,13.45,0.0000,0.0000,0.0000,0.0000,0.0000,0.0000,0.000,0.000,0.000,2.281,3.095,0.0078,0.0033
default,rot_off,13.50,0.0000,0.0000,0.0000,0.0000,0.0000,0.0000,0.000,0.000,0.000,2.306,3.102,0.0068,0.0025
default,rot_off,13.55,0.0000,0.0000,0.0000,0.0000,0.0000,0.0000,0.000,0.000,0.000,2.328,3.106,0.0075,0.0017
default,rot_off,13.60,0.0000,0.0000,0.0000,0.0000,0.0000,0.0000,0.000,0.000,0.000,2.351,3.108,0.0054,0.0010
default,rot_off,13.65,0.0000,0.0000,0.0000,0.0000,0.0000,0.0000,0.000,0.000,0.000,2.370,3.108,0.0052,0.0003
default,rot_off,13.70,0.0000,0.0000,0.0000,0.0000,0.0000,0.0000,0.000,0.000,0.000,2.387,3.105,0.0038,-0.0006
default,rot_off,13.75,0.0000,0.0000,0.0000,0.0000,0.0000,0.0000,0.000,0.000,0.000,2.401,3.101,0.0037,-0.0027
default,rot_off,13.80,0.0000,0.0000,0.0000,0.0000,0.0000,0.0000,0.000,0.000,0.000,2.413,3.095,0.0028,-0.0006
default,rot_off,13.85,0.0000,0.0000,0.0000,0.0000,0.0000,0.0000,0.000,0.000,0.000,2.419,3.086,0.0001,-0.0038
default,rot_off,13.90,0.0000,0.0000,0.0000,0.0000,0.0000,0.0000,0.000,0.000,0.000,2.423,3.075,-0.0005,-0.0036
default,rot_off,13.95,0.0000,0.0000,0.0000,0.0000,0.0000,0.0000,0.000,0.000,0.000,2.422,3.066,-0.0027,-0.0025
default,rot_off,14.00,0.0000,0.0000,0.0000,0.0000,0.0000,0.0000,0.000,0.000,0.000,2.416,3.055,-0.0037,-0.0022
default,rot_off,14.05,0.0000,0.0000,0.0000,0.0000,0.0000,0.0000,0.000,0.000,0.000,2.408,3.049,-0.0050,-0.0016
default,rot_off,14.10,0.0000,0.0000,0.0000,0.0000,0.0000,0.0000,0.000,0.000,0.000,2.396,3.040,-0.0058,-0.0028
default,rot_off,14.15,0.0000,0.0000,0.0000,0.0000,0.0000,0.0000,0.000,0.000,0.000,2.385,3.034,-0.0052,-0.0025
default,rot_off,14.20,0.0000,0.0000,0.0000,0.0000,0.0000,0.0000,0.000,0.000,0.000,2.374,3.025,-0.0039,-0.0029
default,rot_off,14.25,0.0000,0.0000,0.0000,0.0000,0.0000,0.0000,0.000,0.000,0.000,2.364,3.016,-0.0043,-0.0024
default,rot_off,14.30,0.0000,0.0000,0.0000,0.0000,0.0000,0.0000,0.000,0.000,0.000,2.356,3.007,-0.0031,-0.0037
default,rot_off,14.35,0.0000,0.0000,0.0000,0.0000,0.0000,0.0000,0.000,0.000,0.000,2.349,2.996,-0.0030,-0.0032
default,rot_off,14.40,0.0000,0.0000,0.0000,0.0000,0.0000,0.0000,0.000,0.000,0.000,2.345,2.986,-0.0013,-0.0029
default,rot_off,14.45,0.0000,0.0000,0.0000,0.0000,0.0000,0.0000,0.000,0.000,0.000,2.345,2.977,-0.0003,-0.0021
default,rot_off,14.50,0.0000,0.0000,0.0000,0.0000,0.0000,0.0000,0.000,0.000,0.000,2.346,2.968,0.0003,-0.0029
default,rot_off,14.55,0.0000,0.0000,0.0000,0.0000,0.0000,0.0000,0.000,0.000,0.000,2.352,2.960,0.0013,-0.0026
default,rot_off,14.60,0.0000,0.0000,0.0000,0.0000,0.0000,0.0000,0.000,0.000,0.000,2.360,2.955,0.0027,0.0002
default,rot_off,14.65,0.0000,0.0000,0.0000,0.0000,0.0000,0.0000,0.000,0.000,0.000,2.370,2.953,0.0037,-0.0000
default,rot_off,14.70,0.0000,0.0000,0.0000,0.0000,0.0000,0.0000,0.000,0.000,0.000,2.379,2.951,0.0027,0.0005
default,rot_off,14.75,0.0000,0.0000,0.0000,0.0000,0.0000,0.0000,0.000,0.000,0.000,2.390,2.952,0.0039,0.0004
default,rot_off,14.80,0.0000,0.0000,0.0000,0.0000,0.0000,0.0000,0.000,0.000,0.000,2.401,2.955,0.0049,0.0015
default,rot_off,14.85,0.0000,0.0000,0.0000,0.0000,0.0000,0.0000,0.000,0.000,0.000,2.412,2.956,0.0036,0.0011
default,rot_off,14.90,0.0000,0.0000,0.0000,0.0000,0.0000,0.0000,0.000,0.000,0.000,2.426,2.958,0.0045,0.0016
default,rot_off,14.95,0.0000,0.0000,0.0000,0.0000,0.0000,0.0000,0.000,0.000,0.000,2.440,2.961,0.0049,0.0023
default,rot_on,0.00,0.0000,0.0000,0.0000,0.0000,0.0000,0.0000,0.000,0.000,0.000,1.566,3.833,0.0078,0.0032
default,rot_on,0.05,0.0000,0.0000,0.0000,0.0000,0.0000,0.0000,0.000,0.000,0.000,1.591,3.841,0.0077,0.0044
default,rot_on,0.10,0.0000,0.0000,0.0000,0.0000,0.0000,0.0000,0.000,0.000,0.000,1.617,3.848,0.0083,0.0027
default,rot_on,0.15,0.0000,0.0000,0.0000,0.0000,0.0000,0.0000,0.000,0.000,0.000,1.643,3.853,0.0088,0.0024
default,rot_on,0.20,0.0000,0.0000,0.0000,0.0000,0.0000,0.0000,0.000,0.000,0.000,1.672,3.857,0.0092,0.0009
default,rot_on,0.25,0.0000,0.0000,0.0000,0.0000,0.0000,0.0000,0.000,0.000,0.000,1.699,3.857,0.0091,0.0006
default,rot_on,0.30,0.0000,0.0000,0.0000,0.0000,0.0000,0.0000,0.000,0.000,0.000,1.729,3.854,0.0088,-0.0008
default,rot_on,0.35,0.0000,0.0000,0.0000,0.0000,0.0000,0.0000,0.000,0.000,0.000,1.755,3.846,0.0083,-0.0022
default,rot_on,0.40,0.0000,0.0000,0.0000,0.0000,0.0000,0.0000,0.000,0.000,0.000,1.785,3.833,0.0079,-0.0048
default,rot_on,0.45,0.0000,0.0000,0.0000,0.0000,0.0000,0.0000,0.000,0.000,0.000,1.810,3.816,0.0064,-0.0057
default,rot_on,0.50,0.0000,0.0000,0.0000,0.0000,0.0000,0.0000,0.000,0.000,0.000,1.835,3.793,0.0081,-0.0082
default,rot_on,0.55,0.0000,0.0000,0.0000,0.0000,0.0000,0.0000,0.000,0.000,0.000,1.857,3.768,0.0065,-0.0096
default,rot_on,0.60,0.0000,0.0000,0.0000,0.0000,0.0000,0.0000,0.000,0.000,0.000,1.877,3.735,0.0054,-0.0108
default,rot_on,0.65,0.0000,0.0000,0.0000,0.0000,0.0000,0.0000,0.000,0.000,0.000,1.894,3.699,0.0049,-0.0135
default,rot_on,0.70,0.0000,0.0000,0.0000,0.0000,0.0000,0.0000,0.000,0.000,0.000,1.913,3.657,0.0064,-0.0144
default,rot_on,0.75,0.0000,0.0000,0.0000,0.0000,0.0000,0.0000,0.000,0.000,0.000,1.931,3.617,0.0062,-0.0145
default,rot_on,0.80,0.0000,0.0000,0.0000,0.0000,0.0000,0.0000,0.000,0.000,0.000,1.950,3.573,0.0062,-0.0144
default,rot_on,0.85,0.0000,0.0000,0.0000,0.0000,0.0000,0.0000,0.000,0.000,0.000,1.973,3.531,0.0081,-0.0153
default,rot_on,0.90,0.0000,0.0000,0.0000,0.0000,0.0000,0.0000,0.000,0.000,0.000,1.997,3.487,0.0076,-0.0150
default,rot_on,0.95,0.0089,-0.0246,0.0015,0.0089,-0.0246,0.0015,-0.001,0.002,-0.000,2.023,3.447,0.0095,-0.0153
default,rot_on,1.00,0.0087,-0.0246,0.0015,0.0085,-0.0245,0.0016,-0.001,0.002,-0.000,2.052,3.404,0.0099,-0.0130
default,rot_on,1.05,0.0086,-0.0245,0.0016,0.0082,-0.0242,0.0016,-0.001,0.002,-0.000,2.076,3.381,0.0071,-0.0009
default,rot_on,1.10,0.0083,-0.0247,0.0016,0.0078,-0.0252,0.0016,-0.001,0.002,-0.000,2.095,3.385,0.0051,0.0025
default,rot_on,1.15,0.0081,-0.0250,0.0016,0.0078,-0.0256,0.0016,-0.001,0.002,-0.000,2.109,3.391,0.0035,0.0030
default,rot_on,1.20,0.0083,-0.0253,0.0016,0.0085,-0.0259,0.0016,-0.001,0.003,-0.000,2.125,3.393,0.0061,0.0018
default,rot_on,1.25,0.0085,-0.0255,0.0016,0.0090,-0.0260,0.0015,-0.001,0.003,-0.000,2.141,3.390,0.0056,-0.0003
default,rot_on,1.30,0.0087,-0.0257,0.0016,0.0090,-0.0261,0.0015,-0.001,0.003,-0.000,2.157,3.382,0.0055,-0.0009
default,rot_on,1.35,0.0087,-0.0260,0.0015,0.0088,-0.0266,0.0015,-0.001,0.003,-0.000,2.171,3.371,0.0043,-0.0035
default,rot_on,1.40,0.0089,-0.0262,0.0015,0.0091,-0.0267,0.0015,-0.001,0.003,-0.000,2.181,3.356,0.0021,-0.0048
default,rot_on,1.45,0.0092,-0.0264,0.0015,0.0099,-0.0267,0.0015,-0.001,0.003,-0.000,2.189,3.338,0.0017,-0.0058
default,rot_on,1.50,0.0096,-0.0265,0.0015,0.0103,-0.0268,0.0015,-0.001,0.003,-0.000,2.192,3.317,0.0002,-0.0077
default,rot_on,1.55,0.0099,-0.0265,0.0015,0.0106,-0.0265,0.0015,-0.001,0.003,-0.000,2.191,3.296,-0.0016,-0.0057
default,rot_on,1.60,0.0102,-0.0267,0.0015,0.0107,-0.0270,0.0015,-0.001,0.003,-0.000,2.186,3.272,-0.0030,-0.0090
default,rot_on,1.65,0.0105,-0.0266,0.0015,0.0112,-0.0264,0.0015,-0.001,0.003,-0.000,2.178,3.248,-0.0039,-0.0076
default,rot_on,1.70,0.0106,-0.0266,0.0015,0.0108,-0.0266,0.0015,-0.001,0.003,-0.000,2.161,3.222,-0.0079,-0.0095
default,rot_on,1.75,0.0107,-0.0265,0.0015,0.0107,-0.0263,0.0015,-0.001,0.003,-0.000,2.140,3.195,-0.0096,-0.0096
default,rot_on,1.80,0.0108,-0.0264,0.0015,0.0111,-0.0263,0.0015,-0.001,0.003,-0.000,2.113,3.166,-0.0104,-0.0098
default,rot_on,1.85,0.0106,-0.0263,0.0015,0.0101,-0.0261,0.0016,-0.001,0.003,-0.000,2.083,3.136,-0.0124,-0.0095
default,rot_on,1.90,0.0103,-0.0262,0.0015,0.0098,-0.0259,0.0016,-0.001,0.003,-0.000,2.054,3.109,-0.0118,-0.0093
default,rot_on,1.95,0.0101,-0.0260,0.0015,0.0096,-0.0257,0.0016,-0.001,0.003,-0.000,2.026,3.083,-0.0120,-0.0083
default,rot_on,2.00,0.0097,-0.0259,0.0016,0.0090,-0.0256,0.0016,-0.001,0.003,-0.000,1.996,3.058,-0.0109,-0.0076
default,rot_on,2.05,0.0096,-0.0257,0.0015,0.0093,-0.0253,0.0015,-0.001,0.003,-0.000,1.970,3.036,-0.0092,-0.0071
default,rot_on,2.10,0.0092,-0.0255,0.0016,0.0086,-0.0252,0.0016,-0.001,0.003,-0.000,1.945,3.015,-0.0079,-0.0055
default,rot_on,2.15,0.0088,-0.0255,0.0016,0.0079,-0.0255,0.0016,-0.001,0.003,-0.000,1.925,2.998,-0.0077,-0.0067
default,rot_on,2.20,0.0086,-0.0254,0.0016,0.0083,-0.0253,0.0016,-0.001,0.003,-0.000,1.906,2.979,-0.0062,-0.0055
default,rot_on,2.25,0.0087,-0.0256,0.0016,0.0087,-0.0259,0.0016,-0.001,0.003,-0.000,1.894,2.961,-0.0048,-0.0061
default,rot_on,2.30,0.0087,-0.0258,0.0016,0.0088,-0.0261,0.0016,-0.001,0.003,-0.000,1.884,2.945,-0.0041,-0.0055
default,rot_on,2.35,0.0089,-0.0260,0.0016,0.0092,-0.0264,0.0016,-0.001,0.003,-0.000,1.878,2.928,-0.0018,-0.0056
default,rot_on,2.40,0.0089,-0.0263,0.0016,0.0091,-0.0268,0.0016,-0.001,0.003,-0.000,1.875,2.909,-0.0022,-0.0061
default,rot_on,2.45,0.0092,-0.0265,0.0016,0.0098,-0.0269,0.0016,-0.001,0.003,-0.000,1.876,2.894,0.0015,-0.0049
default,rot_on,2.50,0.0093,-0.0268,0.0016,0.0093,-0.0273,0.0016,-0.001,0.003,-0.000,1.881,2.880,0.0012,-0.0047
default,rot_on,2.55,0.0094,-0.0270,0.0016,0.0096,-0.0275,0.0015,-0.001,0.003,-0.000,1.889,2.866,0.0018,-0.0038
default,rot_on,2.60,0.0095,-0.0273,0.0015,0.0097,-0.0277,0.0015,-0.001,0.003,-0.000,1.899,2.856,0.0030,-0.0028
default,rot_on,2.65,0.0095,-0.0275,0.0015,0.0095,-0.0281,0.0014,-0.001,0.003,-0.000,1.911,2.849,0.0030,-0.0021
default,rot_on,2.70,0.0095,-0.0276,0.0015,0.0097,-0.0279,0.0014,-0.001,0.003,-0.000,1.922,2.843,0.0034,-0.0007
default,rot_on,2.75,0.0099,-0.0276,0.0014,0.0107,-0.0275,0.0013,-0.001,0.003,-0.000,1.933,2.841,0.0035,-0.0005
default,rot_on,2.80,0.0102,-0.0274,0.0014,0.0109,-0.0271,0.0013,-0.001,0.003,-0.000,1.945,2.845,0.0023,0.0032
default,rot_on,2.85,0.0108,-0.0273,0.0013,0.0119,-0.0269,0.0012,-0.001,0.003,-0.000,1.955,2.852,0.0022,0.0040
default,rot_on,2.90,0.0115,-0.0270,0.0013,0.0128,-0.0266,0.0011,-0.001,0.003,-0.000,1.966,2.863,0.0030,0.0046
default,rot_on,2.95,0.0122,-0.0268,0.0012,0.0136,-0.0264,0.0011,-0.001,0.003,-0.000,1.974,2.877,0.0024,0.0067
default,rot_on,3.00,0.0129,-0.0268,0.0011,0.0144,-0.0266,0.0010,-0.001,0.003,-0.000,1.982,2.897,0.0021,0.0078
default,rot_on,3.05,0.0136,-0.0268,0.0011,0.0149,-0.0268,0.0010,-0.001,0.003,-0.000,1.991,2.919,0.0024,0.0091
default,rot_on,3.10,0.0142,-0.0269,0.0010,0.0154,-0.0271,0.0009,-0.001,0.003,-0.000,1.998,2.945,0.0012,0.0109
default,rot_on,3.15,0.0151,-0.0271,0.0010,0.0168,-0.0275,0.0009,-0.002,0.003,-0.000,2.006,2.971,0.0024,0.0096
default,rot_on,3.20,0.0159,-0.0273,0.0009,0.0176,-0.0278,0.0008,-0.002,0.003,-0.000,2.016,3.000,0.0049,0.0098
default,rot_on,3.25,0.0164,-0.0276,0.0009,0.0174,-0.0283,0.0009,-0.002,0.003,-0.000,2.029,3.029,0.0040,0.0107
default,rot_on,3.30,0.0169,-0.0281,0.0009,0.0180,-0.0289,0.0008,-0.002,0.003,-0.000,2.045,3.058,0.0054,0.0098
default,rot_on,3.35,0.0175,-0.0284,0.0009,0.0186,-0.0292,0.0008,-0.002,0.003,-0.000,2.060,3.085,0.0058,0.0104
default,rot_on,3.40,0.0177,-0.0289,0.0009,0.0180,-0.0299,0.0009,-0.002,0.003,-0.000,2.077,3.111,0.0051,0.0092
default,rot_on,3.45,0.0178,-0.0295,0.0009,0.0181,-0.0305,0.0008,-0.002,0.003,-0.000,2.094,3.135,0.0058,0.0079
default,rot_on,3.50,0.0177,-0.0300,0.0009,0.0174,-0.0312,0.0008,-0.002,0.003,-0.000,2.112,3.158,0.0053,0.0070
default,rot_on,3.55,0.0173,-0.0306,0.0009,0.0164,-0.0319,0.0009,-0.002,0.003,-0.000,2.128,3.178,0.0045,0.0062
default,rot_on,3.60,0.0165,-0.0313,0.0009,0.0150,-0.0326,0.0009,-0.002,0.003,-0.000,2.143,3.193,0.0045,0.0059
default,rot_on,3.65,0.0155,-0.0320,0.0009,0.0134,-0.0335,0.0009,-0.002,0.003,-0.000,2.156,3.205,0.0045,0.0038
default,rot_on,3.70,0.0144,-0.0326,0.0009,0.0123,-0.0337,0.0010,-0.001,0.003,-0.000,2.170,3.216,0.0032,0.0047
default,rot_on,3.75,0.0137,-0.0330,0.0009,0.0122,-0.0337,0.0010,-0.001,0.003,-0.000,2.183,3.222,0.0036,0.0019
default,rot_on,3.80,0.0131,-0.0331,0.0010,0.0118,-0.0334,0.0010,-0.001,0.003,-0.000,2.194,3.231,0.0034,0.0021
default,rot_on,3.85,0.0124,-0.0331,0.0010,0.0112,-0.0332,0.0010,-0.001,0.003,-0.000,2.204,3.239,0.0023,0.0041
default,rot_on,3.90,0.0117,-0.0332,0.0010,0.0103,-0.0334,0.0011,-0.001,0.003,-0.000,2.215,3.241,0.0023,0.0006
default,rot_on,3.95,0.0110,-0.0331,0.0011,0.0097,-0.0330,0.0011,-0.001,0.003,-0.000,2.223,3.243,0.0017,0.0004
default,rot_on,4.00,0.0104,-0.0330,0.0011,0.0092,-0.0328,0.0012,-0.001,0.003,-0.000,2.230,3.243,0.0011,-0.0004
default,rot_on,4.05,0.0099,-0.0328,0.0011,0.0089,-0.0324,0.0012,-0.001,0.003,-0.000,2.233,3.241,0.0001,-0.0004
default,rot_on,4.10,0.0093,-0.0326,0.0012,0.0082,-0.0323,0.0012,-0.001,0.003,-0.000,2.234,3.236,-0.0016,-0.0011
default,rot_on,4.15,0.0090,-0.0324,0.0012,0.0082,-0.0319,0.0012,-0.001,0.003,-0.000,2.232,3.230,-0.0018,-0.0024
default,rot_on,4.20,0.0085,-0.0321,0.0012,0.0075,-0.0315,0.0013,-0.001,0.003,-0.000,2.226,3.221,-0.0034,-0.0014
default,rot_on,4.25,0.0079,-0.0319,0.0013,0.0067,-0.0316,0.0013,-0.001,0.003,-0.000,2.219,3.210,-0.0036,-0.0047
default,rot_on,4.30,0.0072,-0.0316,0.0013,0.0060,-0.0311,0.0014,-0.001,0.003,-0.000,2.208,3.197,-0.0054,-0.0050
default,rot_on,4.35,0.0068,-0.0313,0.0013,0.0059,-0.0308,0.0014,-0.001,0.003,-0.000,2.193,3.184,-0.0073,-0.0040
default,rot_on,4.40,0.0063,-0.0311,0.0014,0.0053,-0.0307,0.0014,-0.001,0.003,-0.000,2.176,3.171,-0.0078,-0.0039
default,rot_on,4.45,0.0058,-0.0309,0.0014,0.0047,-0.0306,0.0014,-0.001,0.003,-0.000,2.159,3.159,-0.0086,-0.0031
default,rot_on,4.50,0.0054,-0.0308,0.0014,0.0046,-0.0305,0.0014,-0.001,0.003,-0.000,2.139,3.148,-0.0076,-0.0033
default,rot_on,4.55,0.0051,-0.0306,0.0014,0.0044,-0.0303,0.0014,-0.001,0.003,-0.000,2.119,3.140,-0.0083,-0.0015
default,rot_on,4.60,0.0048,-0.0305,0.0014,0.0042,-0.0303,0.0014,-0.000,0.003,-0.000,2.098,3.135,-0.0089,0.0004
default,rot_on,4.65,0.0044,-0.0305,0.0014,0.0036,-0.0305,0.0014,-0.000,0.003,-0.000,2.073,3.133,-0.0111,0.0003
default,rot_on,4.70,0.0043,-0.0304,0.0014,0.0041,-0.0303,0.0014,-0.000,0.003,-0.000,2.048,3.134,-0.0097,0.0036
default,rot_on,4.75,0.0042,-0.0305,0.0014,0.0039,-0.0308,0.0014,-0.000,0.003,-0.000,2.025,3.136,-0.0092,0.0020
default,rot_on,4.80,0.0041,-0.0306,0.0014,0.0039,-0.0306,0.0014,-0.000,0.003,-0.000,2.000,3.145,-0.0095,0.0033
default,rot_on,4.85,0.0041,-0.0306,0.0014,0.0041,-0.0307,0.0013,-0.000,0.003,-0.000,1.978,3.157,-0.0091,0.0063
default,rot_on,4.90,0.0041,-0.0308,0.0014,0.0042,-0.0312,0.0013,-0.000,0.003,-0.000,1.955,3.170,-0.0088,0.0056
default,rot_on,4.95,0.0043,-0.0309,0.0013,0.0047,-0.0312,0.0013,-0.000,0.003,-0.000,1.936,3.183,-0.0073,0.0053
default,rot_on,5.00,0.0046,-0.0310,0.0013,0.0051,-0.0312,0.0013,-0.000,0.003,-0.000,1.917,3.199,-0.0073,0.0061
default,rot_on,5.05,0.0047,-0.0312,0.0013,0.0050,-0.0316,0.0013,-0.000,0.003,-0.000,1.899,3.211,-0.0087,0.0039
default,rot_on,5.10,0.0051,-0.0313,0.0013,0.0060,-0.0315,0.0013,-0.001,0.003,-0.000,1.882,3.223,-0.0064,0.0037
default,rot_on,5.15,0.0055,-0.0314,0.0013,0.0061,-0.0316,0.0013,-0.001,0.003,-0.000,1.866,3.232,-0.0077,0.0044
default,rot_on,5.20,0.0057,-0.0315,0.0013,0.0063,-0.0318,0.0013,-0.001,0.003,-0.000,1.849,3.238,-0.0071,0.0021
default,rot_on,5.25,0.0060,-0.0316,0.0013,0.0065,-0.0317,0.0013,-0.001,0.003,-0.000,1.837,3.242,-0.0048,0.0007
default,rot_on,5.30,0.0063,-0.0315,0.0013,0.0069,-0.0315,0.0013,-0.001,0.003,-0.000,1.824,3.243,-0.0055,-0.0007
default,rot_on,5.35,0.0066,-0.0314,0.0013,0.0073,-0.0312,0.0013,-0.001,0.003,-0.000,1.816,3.240,-0.0041,-0.0021
default,rot_on,5.40,0.0068,-0.0313,0.0013,0.0071,-0.0310,0.0013,-0.001,0.003,-0.000,1.810,3.231,-0.0031,-0.0028
default,rot_on,5.45,0.0069,-0.0312,0.0013,0.0072,-0.0310,0.0013,-0.001,0.003,-0.000,1.806,3.218,-0.0018,-0.0057
default,rot_on,5.50,0.0070,-0.0310,0.0013,0.0072,-0.0305,0.0012,-0.001,0.003,-0.000,1.807,3.197,-0.0011,-0.0072
default,rot_on,5.55,0.0069,-0.0307,0.0013,0.0068,-0.0303,0.0013,-0.001,0.003,-0.000,1.809,3.176,0.0010,-0.0079
default,rot_on,5.60,0.0066,-0.0305,0.0013,0.0059,-0.0301,0.0013,-0.001,0.003,-0.000,1.814,3.150,0.0010,-0.0080
default,rot_on,5.65,0.0063,-0.0303,0.0013,0.0057,-0.0300,0.0013,-0.001,0.003,-0.000,1.822,3.125,0.0011,-0.0102
default,rot_on,5.70,0.0061,-0.0301,0.0013,0.0057,-0.0296,0.0013,-0.001,0.003,-0.000,1.833,3.096,0.0026,-0.0105
default,rot_on,5.75,0.0058,-0.0298,0.0013,0.0054,-0.0294,0.0013,-0.001,0.003,-0.000,1.846,3.067,0.0023,-0.0084
default,rot_on,5.80,0.0055,-0.0297,0.0013,0.0049,-0.0295,0.0013,-0.001,0.003,-0.000,1.857,3.040,0.0028,-0.0097
default,rot_on,5.85,0.0053,-0.0296,0.0013,0.0048,-0.0293,0.0013,-0.001,0.003,-0.000,1.870,3.015,0.0035,-0.0093
default,rot_on,5.90,0.0051,-0.0295,0.0013,0.0049,-0.0292,0.0013,-0.001,0.003,-0.000,1.883,2.989,0.0023,-0.0083
default,rot_on,5.95,0.0050,-0.0294,0.0013,0.0048,-0.0292,0.0013,-0.001,0.003,-0.000,1.895,2.966,0.0029,-0.0079
default,rot_on,6.00,0.0049,-0.0293,0.0013,0.0047,-0.0292,0.0013,-0.000,0.003,-0.000,1.908,2.942,0.0020,-0.0080
default,rot_on,6.05,0.0049,-0.0293,0.0013,0.0048,-0.0292,0.0013,-0.000,0.003,-0.000,1.921,2.921,0.0023,-0.0067
default,rot_on,6.10,0.0048,-0.0293,0.0013,0.0046,-0.0293,0.0013,-0.000,0.003,-0.000,1.936,2.900,0.0039,-0.0052
default,rot_on,6.15,0.0048,-0.0294,0.0013,0.0047,-0.0296,0.0013,-0.000,0.003,-0.000,1.951,2.881,0.0039,-0.0070
default,rot_on,6.20,0.0049,-0.0294,0.0013,0.0051,-0.0294,0.0013,-0.000,0.003,-0.000,1.965,2.864,0.0027,-0.0052
default,rot_on,6.25,0.0050,-0.0295,0.0013,0.0052,-0.0296,0.0013,-0.001,0.003,-0.000,1.975,2.850,0.0028,-0.0038
default,rot_on,6.30,0.0052,-0.0296,0.0013,0.0055,-0.0299,0.0013,-0.001,0.003,-0.000,1.987,2.839,0.0027,-0.0030
default,rot_on,6.35,0.0054,-0.0298,0.0013,0.0057,-0.0301,0.0012,-0.001,0.003,-0.000,1.999,2.832,0.0025,-0.0027
default,rot_on,6.40,0.0057,-0.0299,0.0012,0.0064,-0.0301,0.0012,-0.001,0.003,-0.000,2.009,2.829,0.0019,-0.0000
default,rot_on,6.45,0.0067,-0.0297,0.0012,0.0086,-0.0294,0.0012,-0.001,0.003,-0.000,2.019,2.829,0.0016,0.0023
default,rot_on,6.50,0.0079,-0.0294,0.0012,0.0105,-0.0287,0.0012,-0.001,0.003,-0.000,2.027,2.834,0.0013,0.0039
default,rot_on,6.55,0.0095,-0.0290,0.0012,0.0128,-0.0281,0.0011,-0.001,0.003,-0.000,2.035,2.843,0.0015,0.0050
default,rot_on,6.60,0.0111,-0.0285,0.0012,0.0143,-0.0277,0.0011,-0.001,0.003,-0.000,2.042,2.857,0.0012,0.0067
default,rot_on,6.65,0.0126,-0.0282,0.0011,0.0157,-0.0274,0.0011,-0.001,0.003,-0.000,2.044,2.875,-0.0006,0.0086
default,rot_on,6.70,0.0142,-0.0279,0.0011,0.0173,-0.0273,0.0011,-0.001,0.003,-0.000,2.046,2.900,-0.0010,0.0114
default,rot_on,6.75,0.0155,-0.0278,0.0011,0.0181,-0.0276,0.0011,-0.002,0.003,-0.000,2.046,2.926,-0.0011,0.0116
default,rot_on,6.80,0.0168,-0.0277,0.0011,0.0193,-0.0276,0.0010,-0.002,0.003,-0.000,2.048,2.957,-0.0003,0.0121
default,rot_on,6.85,0.0179,-0.0278,0.0011,0.0202,-0.0278,0.0010,-0.002,0.003,-0.000,2.049,2.986,0.0008,0.0127
default,rot_on,6.90,0.0189,-0.0279,0.0010,0.0210,-0.0282,0.0010,-0.002,0.003,-0.000,2.056,3.021,0.0013,0.0120
default,rot_on,6.95,0.0198,-0.0281,0.0010,0.0214,-0.0285,0.0010,-0.002,0.003,-0.000,2.066,3.053,0.0029,0.0129
default,rot_on,7.00,0.0205,-0.0284,0.0010,0.0219,-0.0290,0.0010,-0.002,0.003,-0.000,2.078,3.086,0.0046,0.0124
default,rot_on,7.05,0.0210,-0.0287,0.0010,0.0221,-0.0294,0.0010,-0.002,0.003,-0.000,2.094,3.115,0.0055,0.0106
default,rot_on,7.10,0.0211,-0.0291,0.0010,0.0214,-0.0300,0.0011,-0.002,0.003,-0.000,2.118,3.143,0.0077,0.0099
default,rot_on,7.15,0.0213,-0.0296,0.0010,0.0215,-0.0304,0.0010,-0.002,0.003,-0.000,2.143,3.166,0.0092,0.0092
default,rot_on,7.20,0.0212,-0.0301,0.0010,0.0211,-0.0312,0.0011,-0.002,0.003,-0.000,2.177,3.187,0.0123,0.0069
default,rot_on,7.25,0.0208,-0.0306,0.0011,0.0199,-0.0317,0.0011,-0.002,0.003,-0.000,2.209,3.203,0.0114,0.0066
default,rot_on,7.30,0.0200,-0.0313,0.0011,0.0184,-0.0326,0.0011,-0.002,0.003,-0.000,2.248,3.215,0.0122,0.0051
default,rot_on,7.35,0.0188,-0.0320,0.0011,0.0165,-0.0335,0.0011,-0.002,0.003,-0.000,2.286,3.227,0.0133,0.0043
default,rot_on,7.40,0.0174,-0.0328,0.0011,0.0144,-0.0344,0.0012,-0.002,0.003,-0.000,2.331,3.236,0.0138,0.0041
default,rot_on,7.45,0.0158,-0.0336,0.0011,0.0128,-0.0351,0.0012,-0.002,0.003,-0.000,2.371,3.245,0.0138,0.0032
default,rot_on,7.50,0.0147,-0.0340,0.0012,0.0125,-0.0350,0.0012,-0.001,0.003,-0.000,2.415,3.254,0.0130,0.0027
default,rot_on,7.55,0.0138,-0.0343,0.0012,0.0118,-0.0349,0.0012,-0.001,0.003,-0.000,2.455,3.258,0.0129,0.0012
default,rot_on,7.60,0.0131,-0.0344,0.0012,0.0117,-0.0346,0.0012,-0.001,0.003,-0.000,2.495,3.261,0.0125,0.0017
default,rot_on,7.65,0.0124,-0.0344,0.0012,0.0110,-0.0343,0.0013,-0.001,0.003,-0.000,2.530,3.260,0.0106,0.0011
default,rot_on,7.70,0.0116,-0.0343,0.0013,0.0101,-0.0341,0.0014,-0.001,0.003,-0.000,2.560,3.256,0.0085,-0.0013
default,rot_on,7.75,0.0111,-0.0340,0.0013,0.0099,-0.0335,0.0014,-0.001,0.003,-0.000,2.584,3.248,0.0061,-0.0034
default,rot_on,7.80,0.0105,-0.0336,0.0014,0.0095,-0.0329,0.0015,-0.001,0.003,-0.000,2.603,3.236,0.0038,-0.0046
default,rot_on,7.85,0.0099,-0.0333,0.0014,0.0086,-0.0325,0.0015,-0.001,0.003,-0.000,2.614,3.220,0.0017,-0.0057
default,rot_on,7.90,0.0093,-0.0328,0.0015,0.0081,-0.0320,0.0016,-0.001,0.003,-0.000,2.623,3.199,0.0015,-0.0074
default,rot_on,7.95,0.0086,-0.0324,0.0015,0.0071,-0.0314,0.0017,-0.001,0.003,-0.000,2.627,3.177,0.0006,-0.0071
default,rot_on,8.00,0.0078,-0.0320,0.0016,0.0064,-0.0311,0.0017,-0.001,0.003,-0.000,2.628,3.151,-0.0020,-0.0087
default,rot_on,8.05,0.0071,-0.0315,0.0017,0.0058,-0.0306,0.0018,-0.001,0.003,-0.000,2.625,3.126,-0.0037,-0.0094
default,rot_on,8.10,0.0065,-0.0311,0.0017,0.0052,-0.0302,0.0018,-0.001,0.003,-0.000,2.617,3.098,-0.0039,-0.0096
default,rot_on,8.15,0.0058,-0.0306,0.0018,0.0043,-0.0297,0.0019,-0.001,0.003,-0.000,2.606,3.071,-0.0061,-0.0088
default,rot_on,8.20,0.0051,-0.0302,0.0018,0.0038,-0.0294,0.0019,-0.001,0.003,-0.000,2.592,3.042,-0.0057,-0.0093
default,rot_on,8.25,0.0044,-0.0298,0.0018,0.0031,-0.0289,0.0019,-0.000,0.003,-0.000,2.577,3.016,-0.0071,-0.0080
default,rot_on,8.30,0.0038,-0.0294,0.0019,0.0024,-0.0287,0.0019,-0.000,0.003,-0.000,2.557,2.989,-0.0078,-0.0085
default,rot_on,8.35,0.0031,-0.0291,0.0019,0.0019,-0.0284,0.0020,-0.000,0.003,-0.000,2.537,2.965,-0.0095,-0.0079
default,rot_on,8.40,0.0025,-0.0288,0.0019,0.0014,-0.0282,0.0020,-0.000,0.003,-0.000,2.512,2.940,-0.0107,-0.0070
default,rot_on,8.45,0.0019,-0.0286,0.0019,0.0006,-0.0281,0.0020,-0.000,0.003,-0.000,2.486,2.922,-0.0107,-0.0058
default,rot_on,8.50,0.0013,-0.0284,0.0020,0.0002,-0.0282,0.0020,-0.000,0.003,-0.000,2.458,2.904,-0.0113,-0.0051
default,rot_on,8.55,0.0011,-0.0283,0.0020,0.0005,-0.0281,0.0019,-0.000,0.003,-0.000,2.428,2.890,-0.0122,-0.0042
default,rot_on,8.60,0.0009,-0.0282,0.0019,0.0004,-0.0281,0.0019,-0.000,0.003,-0.000,2.395,2.876,-0.0125,-0.0032
default,rot_on,8.65,0.0010,-0.0280,0.0019,0.0012,-0.0276,0.0019,-0.000,0.003,-0.000,2.366,2.868,-0.0124,-0.0017
default,rot_on,8.70,0.0015,-0.0277,0.0019,0.0026,-0.0270,0.0019,-0.000,0.003,-0.000,2.333,2.860,-0.0131,-0.0013
default,rot_on,8.75,0.0023,-0.0272,0.0019,0.0039,-0.0264,0.0019,-0.000,0.003,-0.000,2.303,2.854,-0.0124,-0.0017
default,rot_on,8.80,0.0034,-0.0267,0.0019,0.0056,-0.0257,0.0019,-0.000,0.003,-0.000,2.271,2.849,-0.0116,-0.0019
default,rot_on,8.85,0.0045,-0.0263,0.0019,0.0068,-0.0255,0.0018,-0.000,0.003,-0.000,2.243,2.844,-0.0112,-0.0021
default,rot_on,8.90,0.0058,-0.0259,0.0019,0.0082,-0.0252,0.0018,-0.001,0.003,-0.000,2.212,2.840,-0.0113,-0.0013
default,rot_on,8.95,0.0069,-0.0257,0.0018,0.0091,-0.0251,0.0018,-0.001,0.003,-0.000,2.186,2.837,-0.0100,-0.0004
default,rot_on,9.00,0.0081,-0.0254,0.0018,0.0104,-0.0249,0.0018,-0.001,0.003,-0.000,2.161,2.836,-0.0097,0.0002
default,rot_on,9.05,0.0092,-0.0252,0.0018,0.0115,-0.0248,0.0018,-0.001,0.003,-0.000,2.138,2.837,-0.0096,0.0018
default,rot_on,9.10,0.0104,-0.0251,0.0018,0.0127,-0.0248,0.0017,-0.001,0.003,-0.000,2.117,2.840,-0.0074,0.0015
default,rot_on,9.15,0.0114,-0.0250,0.0017,0.0134,-0.0248,0.0017,-0.001,0.002,-0.000,2.099,2.842,-0.0074,0.0014
default,rot_on,9.20,0.0123,-0.0249,0.0017,0.0142,-0.0248,0.0016,-0.001,0.002,-0.000,2.082,2.845,-0.0057,0.0015
default,rot_on,9.25,0.0132,-0.0249,0.0017,0.0149,-0.0248,0.0016,-0.001,0.002,-0.000,2.071,2.849,-0.0037,0.0013
default,rot_on,9.30,0.0139,-0.0249,0.0016,0.0155,-0.0249,0.0015,-0.001,0.002,-0.000,2.065,2.853,-0.0018,0.0023
default,rot_on,9.35,0.0148,-0.0249,0.0016,0.0166,-0.0248,0.0015,-0.001,0.002,-0.000,2.068,2.860,0.0026,0.0029
default,rot_on,9.40,0.0156,-0.0248,0.0016,0.0171,-0.0248,0.0015,-0.002,0.002,-0.000,2.077,2.870,0.0038,0.0052
default,rot_on,9.45,0.0164,-0.0249,0.0015,0.0180,-0.0249,0.0014,-0.002,0.002,-0.000,2.093,2.882,0.0065,0.0053
default,rot_on,9.50,0.0172,-0.0249,0.0015,0.0188,-0.0249,0.0014,-0.002,0.002,-0.000,2.116,2.900,0.0087,0.0071
default,rot_on,9.55,0.0180,-0.0249,0.0014,0.0196,-0.0251,0.0014,-0.002,0.002,-0.000,2.145,2.916,0.0114,0.0064
default,rot_on,9.60,0.0186,-0.0250,0.0014,0.0198,-0.0251,0.0013,-0.002,0.003,-0.000,2.183,2.939,0.0129,0.0089
default,rot_on,9.65,0.0191,-0.0252,0.0014,0.0200,-0.0255,0.0013,-0.002,0.003,-0.000,2.221,2.961,0.0139,0.0093
default,rot_on,9.70,0.0194,-0.0255,0.0014,0.0202,-0.0261,0.0013,-0.002,0.003,-0.000,2.268,2.984,0.0156,0.0075
default,rot_on,9.75,0.0195,-0.0258,0.0013,0.0198,-0.0266,0.0013,-0.002,0.003,-0.000,2.311,3.005,0.0158,0.0079
default,rot_on,9.80,0.0195,-0.0263,0.0013,0.0194,-0.0274,0.0013,-0.002,0.003,-0.000,2.358,3.024,0.0157,0.0068
default,rot_on,9.85,0.0192,-0.0269,0.0013,0.0187,-0.0280,0.0013,-0.002,0.003,-0.000,2.402,3.041,0.0148,0.0067
default,rot_on,9.90,0.0189,-0.0275,0.0013,0.0181,-0.0288,0.0013,-0.002,0.003,-0.000,2.448,3.055,0.0135,0.0056
default,rot_on,9.95,0.0183,-0.0282,0.0013,0.0172,-0.0296,0.0013,-0.002,0.003,-0.000,2.486,3.066,0.0130,0.0035
default,rot_on,10.00,0.0174,-0.0290,0.0013,0.0156,-0.0304,0.0013,-0.002,0.003,-0.000,2.522,3.075,0.0110,0.0038
default,rot_on,10.05,0.0164,-0.0297,0.0013,0.0145,-0.0312,0.0013,-0.002,0.003,-0.000,2.551,3.083,0.0080,0.0038
default,rot_on,10.10,0.0152,-0.0305,0.0013,0.0126,-0.0321,0.0013,-0.002,0.003,-0.000,2.576,3.092,0.0046,0.0049
default,rot_on,10.15,0.0140,-0.0313,0.0013,0.0116,-0.0329,0.0013,-0.001,0.003,-0.000,2.591,3.101,0.0041,0.0040
default,rot_on,10.20,0.0126,-0.0320,0.0013,0.0100,-0.0334,0.0013,-0.001,0.003,-0.000,2.602,3.110,0.0011,0.0044
default,rot_on,10.25,0.0112,-0.0326,0.0013,0.0084,-0.0338,0.0013,-0.001,0.003,-0.000,2.606,3.119,-0.0007,0.0050
default,rot_on,10.30,0.0098,-0.0331,0.0013,0.0070,-0.0342,0.0014,-0.001,0.003,-0.000,2.609,3.127,-0.0012,0.0044
default,rot_on,10.35,0.0087,-0.0334,0.0014,0.0066,-0.0339,0.0014,-0.001,0.003,-0.000,2.606,3.136,-0.0014,0.0037
default,rot_on,10.40,0.0079,-0.0335,0.0014,0.0061,-0.0336,0.0015,-0.001,0.003,-0.000,2.602,3.142,-0.0025,0.0034
default,rot_on,10.45,0.0073,-0.0334,0.0014,0.0062,-0.0332,0.0015,-0.001,0.003,-0.000,2.599,3.147,-0.0018,0.0027
default,rot_on,10.50,0.0068,-0.0332,0.0015,0.0058,-0.0328,0.0015,-0.001,0.003,-0.000,2.596,3.149,-0.0016,0.0027
default,rot_on,10.55,0.0063,-0.0330,0.0015,0.0054,-0.0325,0.0016,-0.001,0.003,-0.000,2.595,3.151,-0.0004,0.0015
default,rot_on,10.60,0.0059,-0.0327,0.0015,0.0051,-0.0322,0.0017,-0.001,0.003,-0.000,2.596,3.149,-0.0000,-0.0009
default,rot_on,10.65,0.0055,-0.0323,0.0016,0.0048,-0.0316,0.0017,-0.001,0.003,-0.000,2.598,3.145,0.0003,-0.0003
default,rot_on,10.70,0.0051,-0.0320,0.0017,0.0043,-0.0314,0.0018,-0.001,0.003,-0.000,2.600,3.135,-0.0004,-0.0037
default,rot_on,10.75,0.0049,-0.0316,0.0017,0.0043,-0.0307,0.0018,-0.000,0.003,-0.000,2.604,3.123,0.0009,-0.0058
default,rot_on,10.80,0.0044,-0.0311,0.0018,0.0035,-0.0302,0.0019,-0.000,0.003,-0.000,2.606,3.105,-0.0006,-0.0051
default,rot_on,10.85,0.0041,-0.0307,0.0018,0.0034,-0.0299,0.0019,-0.000,0.003,-0.000,2.608,3.084,-0.0008,-0.0076
default,rot_on,10.90,0.0037,-0.0303,0.0019,0.0030,-0.0293,0.0019,-0.000,0.003,-0.000,2.609,3.057,-0.0017,-0.0080
default,rot_on,10.95,0.0032,-0.0299,0.0019,0.0020,-0.0291,0.0020,-0.000,0.003,-0.000,2.605,3.029,-0.0020,-0.0092
default,rot_on,11.00,0.0025,-0.0295,0.0020,0.0011,-0.0288,0.0020,-0.000,0.003,-0.000,2.599,2.999,-0.0037,-0.0106
default,rot_on,11.05,0.0020,-0.0291,0.0020,0.0011,-0.0282,0.0020,-0.000,0.003,-0.000,2.595,2.971,-0.0030,-0.0086
default,rot_on,11.10,0.0014,-0.0288,0.0020,0.0003,-0.0282,0.0020,-0.000,0.003,-0.000,2.586,2.938,-0.0037,-0.0111
default,rot_on,11.15,0.0008,-0.0284,0.0020,-0.0004,-0.0277,0.0020,-0.000,0.003,-0.000,2.576,2.911,-0.0041,-0.0111
default,rot_on,11.20,0.0002,-0.0281,0.0020,-0.0010,-0.0275,0.0020,-0.000,0.003,-0.000,2.566,2.878,-0.0043,-0.0110
default,rot_on,11.25,-0.0002,-0.0277,0.0020,-0.0011,-0.0270,0.0020,0.000,0.003,-0.000,2.556,2.850,-0.0036,-0.0101
default,rot_on,11.30,-0.0004,-0.0273,0.0020,-0.0006,-0.0264,0.0020,0.000,0.003,-0.000,2.544,2.819,-0.0042,-0.0097
default,rot_on,11.35,-0.0002,-0.0268,0.0020,0.0000,-0.0257,0.0020,0.000,0.003,-0.000,2.533,2.791,-0.0056,-0.0104
default,rot_on,11.40,0.0003,-0.0261,0.0020,0.0015,-0.0247,0.0020,-0.000,0.003,-0.000,2.522,2.762,-0.0051,-0.0103
default,rot_on,11.45,0.0011,-0.0253,0.0020,0.0027,-0.0238,0.0020,-0.000,0.003,-0.000,2.513,2.735,-0.0038,-0.0091
default,rot_on,11.50,0.0020,-0.0245,0.0020,0.0038,-0.0230,0.0020,-0.000,0.002,-0.000,2.503,2.707,-0.0040,-0.0091
default,rot_on,11.55,0.0031,-0.0237,0.0020,0.0053,-0.0220,0.0020,-0.000,0.002,-0.000,2.492,2.683,-0.0044,-0.0080
default,rot_on,11.60,0.0045,-0.0228,0.0020,0.0072,-0.0210,0.0020,-0.000,0.002,-0.000,2.479,2.659,-0.0058,-0.0072
default,rot_on,11.65,0.0062,-0.0218,0.0020,0.0095,-0.0199,0.0020,-0.001,0.002,-0.000,2.467,2.638,-0.0053,-0.0065
default,rot_on,11.70,0.0079,-0.0209,0.0020,0.0114,-0.0189,0.0020,-0.001,0.002,-0.000,2.454,2.620,-0.0048,-0.0036
default,rot_on,11.75,0.0097,-0.0200,0.0020,0.0132,-0.0182,0.0019,-0.001,0.002,-0.000,2.440,2.606,-0.0060,-0.0025
default,rot_on,11.80,0.0115,-0.0191,0.0019,0.0153,-0.0174,0.0019,-0.001,0.002,-0.000,2.425,2.596,-0.0060,-0.0018
default,rot_on,11.85,0.0134,-0.0183,0.0019,0.0172,-0.0167,0.0018,-0.001,0.002,-0.000,2.411,2.591,-0.0058,0.0001
default,rot_on,11.90,0.0152,-0.0176,0.0019,0.0187,-0.0162,0.0018,-0.002,0.002,-0.000,2.395,2.589,-0.0055,0.0008
default,rot_on,11.95,0.0169,-0.0170,0.0018,0.0203,-0.0158,0.0018,-0.002,0.002,-0.000,2.383,2.596,-0.0052,0.0040
default,rot_on,12.00,0.0186,-0.0166,0.0018,0.0219,-0.0158,0.0017,-0.002,0.002,-0.000,2.372,2.604,-0.0035,0.0036
default,rot_on,12.05,0.0202,-0.0162,0.0017,0.0235,-0.0155,0.0016,-0.002,0.002,-0.000,2.366,2.615,-0.0020,0.0044
default,rot_on,12.10,0.0217,-0.0159,0.0017,0.0248,-0.0154,0.0016,-0.002,0.002,-0.000,2.362,2.630,-0.0014,0.0046
default,rot_on,12.15,0.0232,-0.0157,0.0017,0.0262,-0.0154,0.0016,-0.002,0.002,-0.000,2.361,2.646,-0.0007,0.0059
default,rot_on,12.20,0.0247,-0.0157,0.0016,0.0276,-0.0155,0.0015,-0.002,0.002,-0.000,2.365,2.662,0.0014,0.0062
default,rot_on,12.25,0.0261,-0.0156,0.0016,0.0290,-0.0156,0.0015,-0.003,0.002,-0.000,2.372,2.678,0.0031,0.0061
default,rot_on,12.30,0.0272,-0.0157,0.0015,0.0294,-0.0158,0.0015,-0.003,0.002,-0.000,2.383,2.695,0.0039,0.0071
default,rot_on,12.35,0.0283,-0.0159,0.0015,0.0303,-0.0162,0.0015,-0.003,0.002,-0.000,2.395,2.712,0.0039,0.0059
default,rot_on,12.40,0.0292,-0.0160,0.0015,0.0311,-0.0164,0.0014,-0.003,0.002,-0.000,2.414,2.727,0.0067,0.0063
default,rot_on,12.45,0.0298,-0.0164,0.0015,0.0310,-0.0170,0.0014,-0.003,0.002,-0.000,2.434,2.742,0.0066,0.0060
default,rot_on,12.50,0.0303,-0.0167,0.0014,0.0312,-0.0175,0.0014,-0.003,0.002,-0.000,2.456,2.759,0.0074,0.0058
default,rot_on,12.55,0.0305,-0.0172,0.0014,0.0310,-0.0181,0.0014,-0.003,0.002,-0.000,2.477,2.775,0.0080,0.0066
default,rot_on,12.60,0.0305,-0.0178,0.0014,0.0303,-0.0190,0.0014,-0.003,0.002,-0.000,2.501,2.792,0.0071,0.0063
default,rot_on,12.65,0.0302,-0.0184,0.0014,0.0296,-0.0197,0.0014,-0.003,0.002,-0.000,2.522,2.809,0.0067,0.0061
default,rot_on,12.70,0.0296,-0.0192,0.0014,0.0284,-0.0207,0.0013,-0.003,0.002,-0.000,2.544,2.828,0.0056,0.0048
default,rot_on,12.75,0.0286,-0.0200,0.0014,0.0266,-0.0215,0.0014,-0.003,0.002,-0.000,2.564,2.844,0.0065,0.0061
default,rot_on,12.80,0.0274,-0.0208,0.0014,0.0249,-0.0226,0.0014,-0.003,0.002,-0.000,2.582,2.860,0.0057,0.0053
default,rot_on,12.85,0.0261,-0.0216,0.0014,0.0237,-0.0232,0.0014,-0.003,0.002,-0.000,2.599,2.873,0.0053,0.0048
default,rot_on,12.90,0.0247,-0.0224,0.0014,0.0220,-0.0240,0.0014,-0.002,0.002,-0.000,2.616,2.886,0.0046,0.0045
default,rot_on,12.95,0.0234,-0.0232,0.0014,0.0206,-0.0248,0.0014,-0.002,0.002,-0.000,2.629,2.898,0.0033,0.0039
default,rot_on,13.00,0.0219,-0.0239,0.0014,0.0190,-0.0253,0.0014,-0.002,0.002,-0.000,2.638,2.910,0.0012,0.0057
default,rot_on,13.05,0.0205,-0.0246,0.0014,0.0177,-0.0261,0.0014,-0.002,0.002,-0.000,2.643,2.920,0.0000,0.0055
default,rot_on,13.10,0.0192,-0.0253,0.0014,0.0165,-0.0266,0.0014,-0.002,0.003,-0.000,2.649,2.932,-0.0003,0.0048
default,rot_on,13.15,0.0177,-0.0259,0.0014,0.0147,-0.0271,0.0015,-0.002,0.003,-0.000,2.652,2.945,-0.0008,0.0051
default,rot_on,13.20,0.0162,-0.0265,0.0015,0.0133,-0.0276,0.0015,-0.002,0.003,-0.000,2.649,2.957,-0.0027,0.0050
default,rot_on,13.25,0.0149,-0.0270,0.0015,0.0123,-0.0279,0.0015,-0.001,0.003,-0.000,2.643,2.966,-0.0047,0.0042
default,rot_on,13.30,0.0136,-0.0274,0.0015,0.0110,-0.0282,0.0016,-0.001,0.003,-0.000,2.634,2.973,-0.0042,0.0031
default,rot_on,13.35,0.0124,-0.0277,0.0015,0.0099,-0.0284,0.0016,-0.001,0.003,-0.000,2.625,2.977,-0.0043,0.0016
default,rot_on,13.40,0.0112,-0.0280,0.0016,0.0088,-0.0286,0.0016,-0.001,0.003,-0.000,2.611,2.977,-0.0052,0.0004
default,rot_on,13.45,0.0099,-0.0282,0.0016,0.0072,-0.0287,0.0017,-0.001,0.003,-0.000,2.599,2.978,-0.0050,0.0002
default,rot_on,13.50,0.0089,-0.0284,0.0017,0.0068,-0.0287,0.0017,-0.001,0.003,-0.000,2.586,2.976,-0.0037,-0.0010
default,rot_on,13.55,0.0078,-0.0285,0.0017,0.0057,-0.0287,0.0018,-0.001,0.003,-0.000,2.575,2.969,-0.0051,-0.0025
default,rot_on,13.60,0.0069,-0.0285,0.0017,0.0050,-0.0285,0.0018,-0.001,0.003,-0.000,2.565,2.962,-0.0031,-0.0027
default,rot_on,13.65,0.0060,-0.0285,0.0018,0.0043,-0.0284,0.0019,-0.001,0.003,-0.000,2.555,2.948,-0.0046,-0.0049
default,rot_on,13.70,0.0053,-0.0283,0.0018,0.0040,-0.0280,0.0019,-0.001,0.003,-0.000,2.549,2.930,-0.0024,-0.0074
default,rot_on,13.75,0.0047,-0.0281,0.0019,0.0035,-0.0276,0.0019,-0.000,0.003,-0.000,2.545,2.909,-0.0018,-0.0081
default,rot_on,13.80,0.0040,-0.0278,0.0019,0.0025,-0.0273,0.0020,-0.000,0.003,-0.000,2.543,2.883,-0.0017,-0.0088
default,rot_on,13.85,0.0034,-0.0275,0.0019,0.0021,-0.0269,0.0020,-0.000,0.003,-0.000,2.542,2.854,-0.0010,-0.0109
default,rot_on,13.90,0.0029,-0.0271,0.0020,0.0019,-0.0264,0.0020,-0.000,0.003,-0.000,2.541,2.821,-0.0014,-0.0125
default,rot_on,13.95,0.0023,-0.0267,0.0020,0.0012,-0.0259,0.0021,-0.000,0.003,-0.000,2.539,2.788,-0.0021,-0.0124
default,rot_on,14.00,0.0017,-0.0263,0.0020,0.0006,-0.0255,0.0021,-0.000,0.003,-0.000,2.534,2.749,-0.0036,-0.0136
default,rot_on,14.05,0.0013,-0.0258,0.0020,0.0005,-0.0248,0.0021,-0.000,0.003,-0.000,2.525,2.710,-0.0045,-0.0136
default,rot_on,14.10,0.0011,-0.0253,0.0021,0.0005,-0.0242,0.0021,-0.000,0.003,-0.000,2.512,2.671,-0.0059,-0.0132
default,rot_on,14.15,0.0010,-0.0247,0.0021,0.0008,-0.0236,0.0021,-0.000,0.002,-0.000,2.498,2.637,-0.0065,-0.0117
default,rot_on,14.20,0.0011,-0.0241,0.0021,0.0014,-0.0230,0.0020,-0.000,0.002,-0.000,2.483,2.601,-0.0059,-0.0109
default,rot_on,14.25,0.0016,-0.0235,0.0020,0.0026,-0.0222,0.0020,-0.000,0.002,-0.000,2.470,2.571,-0.0063,-0.0100
default,rot_on,14.30,0.0023,-0.0228,0.0020,0.0037,-0.0215,0.0020,-0.000,0.002,-0.000,2.453,2.543,-0.0062,-0.0086
default,rot_on,14.35,0.0031,-0.0221,0.0020,0.0048,-0.0208,0.0020,-0.000,0.002,-0.000,2.439,2.524,-0.0058,-0.0060
default,rot_on,14.40,0.0044,-0.0214,0.0020,0.0068,-0.0200,0.0019,-0.000,0.002,-0.000,2.425,2.504,-0.0062,-0.0062
default,rot_on,14.45,0.0060,-0.0206,0.0019,0.0092,-0.0190,0.0018,-0.001,0.002,-0.000,2.413,2.493,-0.0047,-0.0036
default,rot_on,14.50,0.0077,-0.0198,0.0019,0.0112,-0.0183,0.0018,-0.001,0.002,-0.000,2.402,2.483,-0.0035,-0.0022
default,rot_on,14.55,0.0098,-0.0190,0.0019,0.0138,-0.0175,0.0018,-0.001,0.002,-0.000,2.396,2.476,-0.0016,-0.0022
default,rot_on,14.60,0.0120,-0.0182,0.0018,0.0163,-0.0165,0.0018,-0.001,0.002,-0.000,2.391,2.474,-0.0016,0.0001
default,rot_on,14.65,0.0143,-0.0174,0.0018,0.0189,-0.0159,0.0017,-0.001,0.002,-0.000,2.388,2.475,-0.0013,0.0014
default,rot_on,14.70,0.0167,-0.0167,0.0018,0.0215,-0.0153,0.0017,-0.002,0.002,-0.000,2.385,2.482,-0.0010,0.0034
default,rot_on,14.75,0.0193,-0.0161,0.0017,0.0244,-0.0149,0.0016,-0.002,0.002,-0.000,2.384,2.493,-0.0001,0.0057
default,rot_on,14.80,0.0217,-0.0156,0.0016,0.0266,-0.0146,0.0015,-0.002,0.002,-0.000,2.383,2.512,-0.0004,0.0073
default,rot_on,14.85,0.0239,-0.0152,0.0016,0.0284,-0.0145,0.0015,-0.002,0.002,-0.000,2.382,2.536,-0.0008,0.0100
default,rot_on,14.90,0.0261,-0.0150,0.0016,0.0304,-0.0146,0.0015,-0.003,0.002,-0.000,2.384,2.562,0.0000,0.0096
default,rot_on,14.95,0.0281,-0.0148,0.0015,0.0322,-0.0145,0.0014,-0.003,0.001,-0.000,2.387,2.591,0.0022,0.0109
