wind_label,phase,t_s,true_wind_north_m_s,true_wind_east_m_s,wind_est_north,wind_est_east,accel_n_m_s2,accel_e_m_s2,actual_north_m,actual_east_m,pos_error_m,roll_deg,pitch_deg
default_gust,correction_off,0.00,2.000,5.000,0.00,0.00,0.000,0.000,0.045,0.226,0.265,1.18,3.83
default_gust,correction_off,0.05,2.063,5.157,0.00,0.00,0.000,0.000,0.045,0.226,0.265,1.18,3.83
default_gust,correction_off,0.10,2.125,5.314,0.00,0.00,0.000,0.000,0.046,0.227,0.266,1.20,3.82
default_gust,correction_off,0.15,2.188,5.469,0.00,0.00,0.000,0.000,0.047,0.229,0.267,1.22,3.81
default_gust,correction_off,0.20,2.249,5.624,0.00,0.00,0.000,0.000,0.047,0.229,0.268,1.24,3.80
default_gust,correction_off,0.25,2.311,5.776,0.00,0.00,0.000,0.000,0.048,0.230,0.269,1.25,3.79
default_gust,correction_off,0.30,2.371,5.927,0.00,0.00,0.000,0.000,0.048,0.231,0.270,1.26,3.79
default_gust,correction_off,0.35,2.430,6.075,0.00,0.00,0.000,0.000,0.048,0.231,0.270,1.27,3.78
default_gust,correction_off,0.40,2.488,6.220,0.00,0.00,0.000,0.000,0.048,0.232,0.270,1.27,3.78
default_gust,correction_off,0.45,2.545,6.362,0.00,0.00,0.000,0.000,0.048,0.232,0.271,1.27,3.77
default_gust,correction_off,0.50,2.600,6.500,0.00,0.00,0.000,0.000,0.048,0.232,0.271,1.27,3.77
default_gust,correction_off,0.55,2.654,6.634,0.00,0.00,0.000,0.000,0.048,0.232,0.270,1.26,3.77
default_gust,correction_off,0.60,2.705,6.763,0.00,0.00,0.000,0.000,0.048,0.231,0.270,1.26,3.77
default_gust,correction_off,0.65,2.755,6.888,0.00,0.00,0.000,0.000,0.048,0.230,0.269,1.26,3.77
default_gust,correction_off,0.70,2.803,7.007,0.00,0.00,0.000,0.000,0.049,0.230,0.269,1.26,3.76
default_gust,correction_off,0.75,2.849,7.121,0.00,0.00,0.000,0.000,0.049,0.228,0.267,1.26,3.76
default_gust,correction_off,0.80,2.892,7.229,0.00,0.00,0.000,0.000,0.049,0.228,0.267,1.26,3.75
default_gust,correction_off,0.85,2.933,7.331,0.00,0.00,0.000,0.000,0.049,0.226,0.265,1.26,3.74
default_gust,correction_off,0.90,2.971,7.427,0.00,0.00,0.000,0.000,0.050,0.225,0.264,1.27,3.73
default_gust,correction_off,0.95,3.006,7.516,0.00,0.00,0.000,0.000,0.050,0.223,0.262,1.28,3.72
default_gust,correction_off,1.00,3.039,7.598,0.00,0.00,0.000,0.000,0.089,0.192,0.244,2.40,5.27
default_gust,correction_off,1.05,3.069,7.673,0.00,0.00,0.000,0.000,0.089,0.192,0.244,2.40,5.27
default_gust,correction_off,1.10,3.096,7.741,0.00,0.00,0.000,0.000,0.090,0.193,0.245,2.42,5.28
default_gust,correction_off,1.15,3.120,7.801,0.00,0.00,0.000,0.000,0.090,0.194,0.245,2.44,5.29
default_gust,correction_off,1.20,3.141,7.853,0.00,0.00,0.000,0.000,0.091,0.194,0.246,2.46,5.30
default_gust,correction_off,1.25,3.159,7.898,0.00,0.00,0.000,0.000,0.091,0.194,0.246,2.48,5.30
default_gust,correction_off,1.30,3.174,7.934,0.00,0.00,0.000,0.000,0.091,0.195,0.247,2.49,5.31
default_gust,correction_off,1.35,3.185,7.963,0.00,0.00,0.000,0.000,0.091,0.195,0.247,2.51,5.31
default_gust,correction_off,1.40,3.193,7.984,0.00,0.00,0.000,0.000,0.091,0.196,0.248,2.52,5.31
default_gust,correction_off,1.45,3.198,7.996,0.00,0.00,0.000,0.000,0.091,0.196,0.248,2.53,5.32
default_gust,correction_off,1.50,3.200,8.000,0.00,0.00,0.000,0.000,0.091,0.197,0.249,2.54,5.32
default_gust,correction_off,1.55,3.198,7.996,0.00,0.00,0.000,0.000,0.090,0.198,0.249,2.54,5.33
default_gust,correction_off,1.60,3.193,7.984,0.00,0.00,0.000,0.000,0.090,0.198,0.249,2.55,5.34
default_gust,correction_off,1.65,3.185,7.963,0.00,0.00,0.000,0.000,0.089,0.198,0.250,2.55,5.35
default_gust,correction_off,1.70,3.174,7.934,0.00,0.00,0.000,0.000,0.089,0.199,0.250,2.55,5.35
default_gust,correction_off,1.75,3.159,7.898,0.00,0.00,0.000,0.000,0.088,0.199,0.250,2.55,5.37
default_gust,correction_off,1.80,3.141,7.853,0.00,0.00,0.000,0.000,0.087,0.200,0.250,2.55,5.38
default_gust,correction_off,1.85,3.120,7.801,0.00,0.00,0.000,0.000,0.087,0.200,0.250,2.54,5.39
default_gust,correction_off,1.90,3.096,7.741,0.00,0.00,0.000,0.000,0.085,0.200,0.250,2.54,5.40
default_gust,correction_off,1.95,3.069,7.673,0.00,0.00,0.000,0.000,0.085,0.200,0.249,2.54,5.40
default_gust,correction_off,2.00,3.039,7.598,0.00,0.00,0.000,0.000,0.066,0.052,0.109,2.82,4.99
default_gust,correction_off,2.05,3.006,7.516,0.00,0.00,0.000,0.000,0.066,0.052,0.109,2.82,4.99
default_gust,correction_off,2.10,2.971,7.427,0.00,0.00,0.000,0.000,0.064,0.052,0.107,2.81,5.00
default_gust,correction_off,2.15,2.933,7.331,0.00,0.00,0.000,0.000,0.062,0.052,0.106,2.79,5.01
default_gust,correction_off,2.20,2.892,7.229,0.00,0.00,0.000,0.000,0.059,0.051,0.104,2.78,5.02
default_gust,correction_off,2.25,2.849,7.121,0.00,0.00,0.000,0.000,0.058,0.050,0.102,2.76,5.01
default_gust,correction_off,2.30,2.803,7.007,0.00,0.00,0.000,0.000,0.055,0.049,0.100,2.75,5.01
default_gust,correction_off,2.35,2.755,6.888,0.00,0.00,0.000,0.000,0.054,0.048,0.099,2.74,5.00
default_gust,correction_off,2.40,2.705,6.763,0.00,0.00,0.000,0.000,0.051,0.046,0.096,2.73,4.99
default_gust,correction_off,2.45,2.654,6.634,0.00,0.00,0.000,0.000,0.050,0.046,0.095,2.73,4.97
default_gust,correction_off,2.50,2.600,6.500,0.00,0.00,0.000,0.000,0.048,0.044,0.092,2.72,4.96
default_gust,correction_off,2.55,2.545,6.362,0.00,0.00,0.000,0.000,0.047,0.044,0.091,2.72,4.94
default_gust,correction_off,2.60,2.488,6.220,0.00,0.00,0.000,0.000,0.044,0.043,0.089,2.72,4.93
default_gust,correction_off,2.65,2.430,6.075,0.00,0.00,0.000,0.000,0.043,0.042,0.088,2.72,4.92
default_gust,correction_off,2.70,2.371,5.927,0.00,0.00,0.000,0.000,0.041,0.042,0.087,2.72,4.91
default_gust,correction_off,2.75,2.311,5.776,0.00,0.00,0.000,0.000,0.040,0.042,0.086,2.72,4.91
default_gust,correction_off,2.80,2.249,5.624,0.00,0.00,0.000,0.000,0.038,0.042,0.085,2.72,4.91
default_gust,correction_off,2.85,2.188,5.469,0.00,0.00,0.000,0.000,0.037,0.042,0.085,2.73,4.91
default_gust,correction_off,2.90,2.125,5.314,0.00,0.00,0.000,0.000,0.035,0.042,0.084,2.73,4.92
default_gust,correction_off,2.95,2.063,5.157,0.00,0.00,0.000,0.000,0.035,0.042,0.084,2.74,4.93
default_gust,correction_off,3.00,2.000,5.000,0.00,0.00,0.000,0.000,-0.033,-0.134,0.105,1.95,2.95
default_gust,correction_off,3.05,1.937,4.843,0.00,0.00,0.000,0.000,-0.033,-0.134,0.105,1.95,2.95
default_gust,correction_off,3.10,1.875,4.686,0.00,0.00,0.000,0.000,-0.034,-0.135,0.106,1.94,2.95
default_gust,correction_off,3.15,1.812,4.531,0.00,0.00,0.000,0.000,-0.036,-0.136,0.108,1.93,2.95
default_gust,correction_off,3.20,1.751,4.376,0.00,0.00,0.000,0.000,-0.036,-0.136,0.108,1.93,2.95
default_gust,correction_off,3.25,1.689,4.224,0.00,0.00,0.000,0.000,-0.037,-0.137,0.109,1.93,2.96
default_gust,correction_off,3.30,1.629,4.073,0.00,0.00,0.000,0.000,-0.037,-0.137,0.109,1.93,2.96
default_gust,correction_off,3.35,1.570,3.925,0.00,0.00,0.000,0.000,-0.038,-0.137,0.109,1.94,2.96
default_gust,correction_off,3.40,1.512,3.780,0.00,0.00,0.000,0.000,-0.038,-0.137,0.109,1.95,2.97
default_gust,correction_off,3.45,1.455,3.638,0.00,0.00,0.000,0.000,-0.038,-0.137,0.109,1.96,2.97
default_gust,correction_off,3.50,1.400,3.500,0.00,0.00,0.000,0.000,-0.037,-0.136,0.108,1.98,2.98
default_gust,correction_off,3.55,1.346,3.366,0.00,0.00,0.000,0.000,-0.037,-0.136,0.108,2.00,2.99
default_gust,correction_off,3.60,1.295,3.237,0.00,0.00,0.000,0.000,-0.036,-0.135,0.107,2.02,3.00
default_gust,correction_off,3.65,1.245,3.112,0.00,0.00,0.000,0.000,-0.035,-0.135,0.106,2.05,3.01
default_gust,correction_off,3.70,1.197,2.993,0.00,0.00,0.000,0.000,-0.034,-0.135,0.106,2.07,3.01
default_gust,correction_off,3.75,1.151,2.879,0.00,0.00,0.000,0.000,-0.033,-0.134,0.104,2.09,3.02
default_gust,correction_off,3.80,1.108,2.771,0.00,0.00,0.000,0.000,-0.032,-0.134,0.104,2.11,3.03
default_gust,correction_off,3.85,1.067,2.669,0.00,0.00,0.000,0.000,-0.030,-0.133,0.103,2.14,3.03
default_gust,correction_off,3.90,1.029,2.573,0.00,0.00,0.000,0.000,-0.029,-0.133,0.102,2.16,3.04
default_gust,correction_off,3.95,0.994,2.484,0.00,0.00,0.000,0.000,-0.028,-0.132,0.101,2.19,3.04
default_gust,correction_off,4.00,0.961,2.402,0.00,0.00,0.000,0.000,-0.074,-0.204,0.185,1.23,1.26
default_gust,correction_off,4.05,0.931,2.327,0.00,0.00,0.000,0.000,-0.074,-0.204,0.185,1.23,1.26
default_gust,correction_off,4.10,0.904,2.259,0.00,0.00,0.000,0.000,-0.074,-0.206,0.187,1.21,1.25
default_gust,correction_off,4.15,0.880,2.199,0.00,0.00,0.000,0.000,-0.075,-0.207,0.188,1.20,1.24
default_gust,correction_off,4.20,0.859,2.147,0.00,0.00,0.000,0.000,-0.076,-0.208,0.189,1.18,1.22
default_gust,correction_off,4.25,0.841,2.102,0.00,0.00,0.000,0.000,-0.077,-0.208,0.190,1.16,1.21
default_gust,correction_off,4.30,0.826,2.066,0.00,0.00,0.000,0.000,-0.078,-0.209,0.191,1.15,1.21
default_gust,correction_off,4.35,0.815,2.037,0.00,0.00,0.000,0.000,-0.078,-0.209,0.191,1.12,1.20
default_gust,correction_off,4.40,0.807,2.016,0.00,0.00,0.000,0.000,-0.079,-0.208,0.191,1.11,1.20
default_gust,correction_off,4.45,0.802,2.004,0.00,0.00,0.000,0.000,-0.080,-0.208,0.191,1.08,1.21
default_gust,correction_off,4.50,0.800,2.000,0.00,0.00,0.000,0.000,-0.081,-0.207,0.190,1.07,1.22
default_gust,correction_off,4.55,0.802,2.004,0.00,0.00,0.000,0.000,-0.081,-0.206,0.190,1.05,1.23
default_gust,correction_off,4.60,0.807,2.016,0.00,0.00,0.000,0.000,-0.083,-0.205,0.189,1.04,1.24
default_gust,correction_off,4.65,0.815,2.037,0.00,0.00,0.000,0.000,-0.083,-0.204,0.189,1.03,1.26
default_gust,correction_off,4.70,0.826,2.066,0.00,0.00,0.000,0.000,-0.085,-0.202,0.188,1.01,1.28
default_gust,correction_off,4.75,0.841,2.102,0.00,0.00,0.000,0.000,-0.086,-0.201,0.188,1.00,1.29
default_gust,correction_off,4.80,0.859,2.147,0.00,0.00,0.000,0.000,-0.088,-0.200,0.187,0.99,1.31
default_gust,correction_off,4.85,0.880,2.199,0.00,0.00,0.000,0.000,-0.089,-0.199,0.187,0.97,1.32
default_gust,correction_off,4.90,0.904,2.259,0.00,0.00,0.000,0.000,-0.091,-0.197,0.186,0.96,1.34
default_gust,correction_off,4.95,0.931,2.327,0.00,0.00,0.000,0.000,-0.092,-0.196,0.186,0.94,1.35
default_gust,correction_off,5.00,0.961,2.402,0.00,0.00,0.000,0.000,-0.018,-0.108,0.076,1.22,1.34
default_gust,correction_off,5.05,0.994,2.484,0.00,0.00,0.000,0.000,-0.018,-0.108,0.076,1.22,1.34
default_gust,correction_off,5.10,1.029,2.573,0.00,0.00,0.000,0.000,-0.020,-0.107,0.075,1.18,1.35
default_gust,correction_off,5.15,1.067,2.669,0.00,0.00,0.000,0.000,-0.023,-0.105,0.074,1.15,1.36
default_gust,correction_off,5.20,1.108,2.771,0.00,0.00,0.000,0.000,-0.024,-0.105,0.074,1.12,1.37
default_gust,correction_off,5.25,1.151,2.879,0.00,0.00,0.000,0.000,-0.027,-0.103,0.073,1.08,1.39
default_gust,correction_off,5.30,1.197,2.993,0.00,0.00,0.000,0.000,-0.029,-0.102,0.073,1.06,1.40
default_gust,correction_off,5.35,1.245,3.112,0.00,0.00,0.000,0.000,-0.032,-0.099,0.072,1.02,1.42
default_gust,correction_off,5.40,1.295,3.237,0.00,0.00,0.000,0.000,-0.033,-0.098,0.072,1.00,1.43
default_gust,correction_off,5.45,1.346,3.366,0.00,0.00,0.000,0.000,-0.037,-0.095,0.071,0.96,1.45
default_gust,correction_off,5.50,1.400,3.500,0.00,0.00,0.000,0.000,-0.039,-0.094,0.071,0.94,1.47
default_gust,correction_off,5.55,1.455,3.638,0.00,0.00,0.000,0.000,-0.042,-0.092,0.071,0.91,1.50
default_gust,correction_off,5.60,1.512,3.780,0.00,0.00,0.000,0.000,-0.044,-0.091,0.071,0.88,1.52
default_gust,correction_off,5.65,1.570,3.925,0.00,0.00,0.000,0.000,-0.047,-0.089,0.072,0.86,1.54
default_gust,correction_off,5.70,1.629,4.073,0.00,0.00,0.000,0.000,-0.049,-0.088,0.072,0.84,1.55
default_gust,correction_off,5.75,1.689,4.224,0.00,0.00,0.000,0.000,-0.051,-0.086,0.073,0.81,1.57
default_gust,correction_off,5.80,1.751,4.376,0.00,0.00,0.000,0.000,-0.053,-0.086,0.073,0.79,1.58
default_gust,correction_off,5.85,1.812,4.531,0.00,0.00,0.000,0.000,-0.055,-0.084,0.074,0.77,1.59
default_gust,correction_off,5.90,1.875,4.686,0.00,0.00,0.000,0.000,-0.056,-0.084,0.074,0.76,1.59
default_gust,correction_off,5.95,1.937,4.843,0.00,0.00,0.000,0.000,-0.057,-0.083,0.074,0.75,1.60
default_gust,correction_off,6.00,2.000,5.000,0.00,0.00,0.000,0.000,0.034,0.074,0.114,2.01,3.42
default_gust,correction_off,6.05,2.063,5.157,0.00,0.00,0.000,0.000,0.034,0.074,0.114,2.01,3.42
default_gust,correction_off,6.10,2.125,5.314,0.00,0.00,0.000,0.000,0.034,0.075,0.114,1.99,3.42
default_gust,correction_off,6.15,2.188,5.469,0.00,0.00,0.000,0.000,0.033,0.076,0.116,1.99,3.41
default_gust,correction_off,6.20,2.249,5.624,0.00,0.00,0.000,0.000,0.033,0.077,0.116,1.98,3.41
default_gust,correction_off,6.25,2.311,5.776,0.00,0.00,0.000,0.000,0.033,0.078,0.117,1.99,3.40
default_gust,correction_off,6.30,2.371,5.927,0.00,0.00,0.000,0.000,0.033,0.078,0.117,1.99,3.39
default_gust,correction_off,6.35,2.430,6.075,0.00,0.00,0.000,0.000,0.034,0.079,0.118,2.00,3.37
default_gust,correction_off,6.40,2.488,6.220,0.00,0.00,0.000,0.000,0.035,0.079,0.119,2.01,3.36
default_gust,correction_off,6.45,2.545,6.362,0.00,0.00,0.000,0.000,0.037,0.079,0.119,2.03,3.34
default_gust,correction_off,6.50,2.600,6.500,0.00,0.00,0.000,0.000,0.038,0.079,0.120,2.06,3.32
default_gust,correction_off,6.55,2.654,6.634,0.00,0.00,0.000,0.000,0.040,0.079,0.120,2.08,3.31
default_gust,correction_off,6.60,2.705,6.763,0.00,0.00,0.000,0.000,0.041,0.078,0.120,2.11,3.29
default_gust,correction_off,6.65,2.755,6.888,0.00,0.00,0.000,0.000,0.043,0.077,0.120,2.14,3.27
default_gust,correction_off,6.70,2.803,7.007,0.00,0.00,0.000,0.000,0.044,0.077,0.120,2.18,3.25
default_gust,correction_off,6.75,2.849,7.121,0.00,0.00,0.000,0.000,0.047,0.075,0.119,2.21,3.23
default_gust,correction_off,6.80,2.892,7.229,0.00,0.00,0.000,0.000,0.048,0.074,0.119,2.24,3.21
default_gust,correction_off,6.85,2.933,7.331,0.00,0.00,0.000,0.000,0.051,0.072,0.118,2.27,3.19
default_gust,correction_off,6.90,2.971,7.427,0.00,0.00,0.000,0.000,0.052,0.072,0.118,2.30,3.16
default_gust,correction_off,6.95,3.006,7.516,0.00,0.00,0.000,0.000,0.054,0.070,0.118,2.32,3.14
default_gust,correction_off,7.00,3.039,7.598,0.00,0.00,0.000,0.000,0.094,0.139,0.198,3.69,4.72
default_gust,correction_off,7.05,3.069,7.673,0.00,0.00,0.000,0.000,0.094,0.139,0.198,3.69,4.72
default_gust,correction_off,7.10,3.096,7.741,0.00,0.00,0.000,0.000,0.096,0.138,0.198,3.70,4.71
default_gust,correction_off,7.15,3.120,7.801,0.00,0.00,0.000,0.000,0.097,0.138,0.198,3.71,4.70
default_gust,correction_off,7.20,3.141,7.853,0.00,0.00,0.000,0.000,0.098,0.137,0.197,3.73,4.68
default_gust,correction_off,7.25,3.159,7.898,0.00,0.00,0.000,0.000,0.099,0.136,0.197,3.74,4.66
default_gust,correction_off,7.30,3.174,7.934,0.00,0.00,0.000,0.000,0.099,0.134,0.196,3.75,4.65
default_gust,correction_off,7.35,3.185,7.963,0.00,0.00,0.000,0.000,0.099,0.133,0.195,3.76,4.63
default_gust,correction_off,7.40,3.193,7.984,0.00,0.00,0.000,0.000,0.098,0.131,0.192,3.76,4.61
default_gust,correction_off,7.45,3.198,7.996,0.00,0.00,0.000,0.000,0.098,0.129,0.191,3.76,4.59
default_gust,correction_off,7.50,3.200,8.000,0.00,0.00,0.000,0.000,0.096,0.126,0.187,3.75,4.57
default_gust,correction_off,7.55,3.198,7.996,0.00,0.00,0.000,0.000,0.095,0.125,0.186,3.74,4.55
default_gust,correction_off,7.60,3.193,7.984,0.00,0.00,0.000,0.000,0.093,0.122,0.182,3.73,4.53
default_gust,correction_off,7.65,3.185,7.963,0.00,0.00,0.000,0.000,0.092,0.120,0.180,3.70,4.50
default_gust,correction_off,7.70,3.174,7.934,0.00,0.00,0.000,0.000,0.090,0.117,0.176,3.68,4.48
default_gust,correction_off,7.75,3.159,7.898,0.00,0.00,0.000,0.000,0.089,0.116,0.175,3.65,4.46
default_gust,correction_off,7.80,3.141,7.853,0.00,0.00,0.000,0.000,0.088,0.113,0.172,3.63,4.44
default_gust,correction_off,7.85,3.120,7.801,0.00,0.00,0.000,0.000,0.087,0.111,0.170,3.61,4.42
default_gust,correction_off,7.90,3.096,7.741,0.00,0.00,0.000,0.000,0.085,0.108,0.166,3.59,4.40
default_gust,correction_off,7.95,3.069,7.673,0.00,0.00,0.000,0.000,0.084,0.107,0.165,3.57,4.39
default_gust,correction_off,8.00,3.039,7.598,0.00,0.00,0.000,0.000,0.069,0.005,0.080,3.90,4.06
default_gust,correction_off,8.05,3.006,7.516,0.00,0.00,0.000,0.000,0.069,0.005,0.080,3.90,4.06
default_gust,correction_off,8.10,2.971,7.427,0.00,0.00,0.000,0.000,0.070,0.003,0.079,3.93,4.05
default_gust,correction_off,8.15,2.933,7.331,0.00,0.00,0.000,0.000,0.070,0.002,0.079,3.95,4.05
default_gust,correction_off,8.20,2.892,7.229,0.00,0.00,0.000,0.000,0.070,-0.000,0.078,3.97,4.04
default_gust,correction_off,8.25,2.849,7.121,0.00,0.00,0.000,0.000,0.070,-0.001,0.077,3.98,4.04
default_gust,correction_off,8.30,2.803,7.007,0.00,0.00,0.000,0.000,0.069,-0.004,0.076,4.00,4.03
default_gust,correction_off,8.35,2.755,6.888,0.00,0.00,0.000,0.000,0.069,-0.005,0.075,4.00,4.02
default_gust,correction_off,8.40,2.705,6.763,0.00,0.00,0.000,0.000,0.068,-0.007,0.073,4.01,4.01
default_gust,correction_off,8.45,2.654,6.634,0.00,0.00,0.000,0.000,0.067,-0.008,0.073,4.01,4.01
default_gust,correction_off,8.50,2.600,6.500,0.00,0.00,0.000,0.000,0.066,-0.010,0.071,4.01,4.00
default_gust,correction_off,8.55,2.545,6.362,0.00,0.00,0.000,0.000,0.066,-0.011,0.070,4.01,3.99
default_gust,correction_off,8.60,2.488,6.220,0.00,0.00,0.000,0.000,0.065,-0.012,0.069,4.00,3.99
default_gust,correction_off,8.65,2.430,6.075,0.00,0.00,0.000,0.000,0.064,-0.012,0.068,4.00,3.98
default_gust,correction_off,8.70,2.371,5.927,0.00,0.00,0.000,0.000,0.062,-0.013,0.066,4.00,3.98
default_gust,correction_off,8.75,2.311,5.776,0.00,0.00,0.000,0.000,0.062,-0.013,0.066,3.99,3.98
default_gust,correction_off,8.80,2.249,5.624,0.00,0.00,0.000,0.000,0.060,-0.013,0.064,3.98,3.99
default_gust,correction_off,8.85,2.188,5.469,0.00,0.00,0.000,0.000,0.059,-0.013,0.063,3.97,3.99
default_gust,correction_off,8.90,2.125,5.314,0.00,0.00,0.000,0.000,0.058,-0.013,0.062,3.97,4.00
default_gust,correction_off,8.95,2.063,5.157,0.00,0.00,0.000,0.000,0.057,-0.012,0.062,3.96,4.01
default_gust,correction_off,9.00,2.000,5.000,0.00,0.00,0.000,0.000,-0.053,-0.153,0.130,2.74,2.30
default_gust,correction_off,9.05,1.937,4.843,0.00,0.00,0.000,0.000,-0.053,-0.153,0.130,2.74,2.30
default_gust,correction_off,9.10,1.875,4.686,0.00,0.00,0.000,0.000,-0.053,-0.153,0.130,2.74,2.31
default_gust,correction_off,9.15,1.812,4.531,0.00,0.00,0.000,0.000,-0.054,-0.153,0.130,2.75,2.32
default_gust,correction_off,9.20,1.751,4.376,0.00,0.00,0.000,0.000,-0.054,-0.152,0.129,2.75,2.34
default_gust,correction_off,9.25,1.689,4.224,0.00,0.00,0.000,0.000,-0.054,-0.152,0.129,2.75,2.35
default_gust,correction_off,9.30,1.629,4.073,0.00,0.00,0.000,0.000,-0.055,-0.151,0.129,2.75,2.37
default_gust,correction_off,9.35,1.570,3.925,0.00,0.00,0.000,0.000,-0.055,-0.151,0.128,2.75,2.39
default_gust,correction_off,9.40,1.512,3.780,0.00,0.00,0.000,0.000,-0.054,-0.150,0.128,2.75,2.40
default_gust,correction_off,9.45,1.455,3.638,0.00,0.00,0.000,0.000,-0.054,-0.150,0.127,2.76,2.42
default_gust,correction_off,9.50,1.400,3.500,0.00,0.00,0.000,0.000,-0.054,-0.149,0.127,2.76,2.43
default_gust,correction_off,9.55,1.346,3.366,0.00,0.00,0.000,0.000,-0.053,-0.149,0.126,2.76,2.44
default_gust,correction_off,9.60,1.295,3.237,0.00,0.00,0.000,0.000,-0.053,-0.148,0.126,2.77,2.44
default_gust,correction_off,9.65,1.245,3.112,0.00,0.00,0.000,0.000,-0.053,-0.148,0.125,2.78,2.45
default_gust,correction_off,9.70,1.197,2.993,0.00,0.00,0.000,0.000,-0.053,-0.147,0.125,2.78,2.45
default_gust,correction_off,9.75,1.151,2.879,0.00,0.00,0.000,0.000,-0.053,-0.147,0.125,2.78,2.46
default_gust,correction_off,9.80,1.108,2.771,0.00,0.00,0.000,0.000,-0.054,-0.147,0.124,2.78,2.46
default_gust,correction_off,9.85,1.067,2.669,0.00,0.00,0.000,0.000,-0.054,-0.147,0.124,2.78,2.46
default_gust,correction_off,9.90,1.029,2.573,0.00,0.00,0.000,0.000,-0.055,-0.147,0.125,2.78,2.46
default_gust,correction_off,9.95,0.994,2.484,0.00,0.00,0.000,0.000,-0.055,-0.146,0.125,2.77,2.46
default_gust,correction_off,10.00,0.961,2.402,0.00,0.00,0.000,0.000,-0.108,-0.171,0.174,1.45,0.97
default_gust,correction_off,10.05,0.931,2.327,0.00,0.00,0.000,0.000,-0.108,-0.171,0.174,1.45,0.97
default_gust,correction_off,10.10,0.904,2.259,0.00,0.00,0.000,0.000,-0.108,-0.172,0.175,1.44,0.96
default_gust,correction_off,10.15,0.880,2.199,0.00,0.00,0.000,0.000,-0.108,-0.172,0.175,1.44,0.97
default_gust,correction_off,10.20,0.859,2.147,0.00,0.00,0.000,0.000,-0.108,-0.172,0.175,1.43,0.97
default_gust,correction_off,10.25,0.841,2.102,0.00,0.00,0.000,0.000,-0.107,-0.172,0.174,1.42,0.98
default_gust,correction_off,10.30,0.826,2.066,0.00,0.00,0.000,0.000,-0.107,-0.172,0.174,1.42,1.00
default_gust,correction_off,10.35,0.815,2.037,0.00,0.00,0.000,0.000,-0.107,-0.171,0.174,1.41,1.02
default_gust,correction_off,10.40,0.807,2.016,0.00,0.00,0.000,0.000,-0.107,-0.171,0.173,1.41,1.04
default_gust,correction_off,10.45,0.802,2.004,0.00,0.00,0.000,0.000,-0.107,-0.169,0.172,1.40,1.06
default_gust,correction_off,10.50,0.800,2.000,0.00,0.00,0.000,0.000,-0.107,-0.168,0.171,1.39,1.09
default_gust,correction_off,10.55,0.802,2.004,0.00,0.00,0.000,0.000,-0.106,-0.166,0.169,1.38,1.11
default_gust,correction_off,10.60,0.807,2.016,0.00,0.00,0.000,0.000,-0.106,-0.165,0.168,1.37,1.13
default_gust,correction_off,10.65,0.815,2.037,0.00,0.00,0.000,0.000,-0.106,-0.162,0.166,1.36,1.16
default_gust,correction_off,10.70,0.826,2.066,0.00,0.00,0.000,0.000,-0.105,-0.161,0.164,1.35,1.19
default_gust,correction_off,10.75,0.841,2.102,0.00,0.00,0.000,0.000,-0.104,-0.158,0.161,1.35,1.22
default_gust,correction_off,10.80,0.859,2.147,0.00,0.00,0.000,0.000,-0.104,-0.157,0.160,1.34,1.25
default_gust,correction_off,10.85,0.880,2.199,0.00,0.00,0.000,0.000,-0.103,-0.154,0.157,1.34,1.27
default_gust,correction_off,10.90,0.904,2.259,0.00,0.00,0.000,0.000,-0.102,-0.153,0.156,1.34,1.30
default_gust,correction_off,10.95,0.931,2.327,0.00,0.00,0.000,0.000,-0.101,-0.151,0.154,1.34,1.32
default_gust,correction_off,11.00,0.961,2.402,0.00,0.00,0.000,0.000,-0.032,-0.108,0.080,1.50,1.20
default_gust,correction_off,11.05,0.994,2.484,0.00,0.00,0.000,0.000,-0.032,-0.108,0.080,1.50,1.20
default_gust,correction_off,11.10,1.029,2.573,0.00,0.00,0.000,0.000,-0.032,-0.108,0.080,1.50,1.19
default_gust,correction_off,11.15,1.067,2.669,0.00,0.00,0.000,0.000,-0.032,-0.110,0.082,1.49,1.18
default_gust,correction_off,11.20,1.108,2.771,0.00,0.00,0.000,0.000,-0.033,-0.111,0.083,1.47,1.17
default_gust,correction_off,11.25,1.151,2.879,0.00,0.00,0.000,0.000,-0.034,-0.113,0.085,1.46,1.16
default_gust,correction_off,11.30,1.197,2.993,0.00,0.00,0.000,0.000,-0.035,-0.114,0.086,1.43,1.15
default_gust,correction_off,11.35,1.245,3.112,0.00,0.00,0.000,0.000,-0.036,-0.116,0.089,1.41,1.14
default_gust,correction_off,11.40,1.295,3.237,0.00,0.00,0.000,0.000,-0.037,-0.116,0.090,1.38,1.13
default_gust,correction_off,11.45,1.346,3.366,0.00,0.00,0.000,0.000,-0.040,-0.119,0.093,1.35,1.12
default_gust,correction_off,11.50,1.400,3.500,0.00,0.00,0.000,0.000,-0.041,-0.119,0.094,1.32,1.10
default_gust,correction_off,11.55,1.455,3.638,0.00,0.00,0.000,0.000,-0.044,-0.121,0.097,1.29,1.09
default_gust,correction_off,11.60,1.512,3.780,0.00,0.00,0.000,0.000,-0.045,-0.122,0.098,1.25,1.08
default_gust,correction_off,11.65,1.570,3.925,0.00,0.00,0.000,0.000,-0.049,-0.124,0.101,1.22,1.07
default_gust,correction_off,11.70,1.629,4.073,0.00,0.00,0.000,0.000,-0.050,-0.124,0.103,1.18,1.06
default_gust,correction_off,11.75,1.689,4.224,0.00,0.00,0.000,0.000,-0.053,-0.126,0.105,1.15,1.05
default_gust,correction_off,11.80,1.751,4.376,0.00,0.00,0.000,0.000,-0.055,-0.126,0.107,1.12,1.05
default_gust,correction_off,11.85,1.812,4.531,0.00,0.00,0.000,0.000,-0.058,-0.127,0.109,1.09,1.04
default_gust,correction_off,11.90,1.875,4.686,0.00,0.00,0.000,0.000,-0.059,-0.128,0.110,1.06,1.04
default_gust,correction_off,11.95,1.937,4.843,0.00,0.00,0.000,0.000,-0.062,-0.128,0.112,1.04,1.04
default_gust,correction_off,12.00,2.000,5.000,0.00,0.00,0.000,0.000,0.059,0.066,0.116,2.60,2.97
default_gust,correction_off,12.05,2.063,5.157,0.00,0.00,0.000,0.000,0.059,0.066,0.116,2.60,2.97
default_gust,correction_off,12.10,2.125,5.314,0.00,0.00,0.000,0.000,0.061,0.065,0.117,2.61,2.96
default_gust,correction_off,12.15,2.188,5.469,0.00,0.00,0.000,0.000,0.063,0.065,0.118,2.63,2.95
default_gust,correction_off,12.20,2.249,5.624,0.00,0.00,0.000,0.000,0.066,0.063,0.118,2.65,2.94
default_gust,correction_off,12.25,2.311,5.776,0.00,0.00,0.000,0.000,0.067,0.063,0.118,2.67,2.93
default_gust,correction_off,12.30,2.371,5.927,0.00,0.00,0.000,0.000,0.070,0.062,0.119,2.69,2.92
default_gust,correction_off,12.35,2.430,6.075,0.00,0.00,0.000,0.000,0.071,0.061,0.119,2.71,2.91
default_gust,correction_off,12.40,2.488,6.220,0.00,0.00,0.000,0.000,0.074,0.060,0.120,2.73,2.89
default_gust,correction_off,12.45,2.545,6.362,0.00,0.00,0.000,0.000,0.076,0.059,0.121,2.75,2.88
default_gust,correction_off,12.50,2.600,6.500,0.00,0.00,0.000,0.000,0.079,0.058,0.122,2.76,2.88
default_gust,correction_off,12.55,2.654,6.634,0.00,0.00,0.000,0.000,0.080,0.058,0.122,2.78,2.87
default_gust,correction_off,12.60,2.705,6.763,0.00,0.00,0.000,0.000,0.083,0.056,0.123,2.80,2.86
default_gust,correction_off,12.65,2.755,6.888,0.00,0.00,0.000,0.000,0.084,0.055,0.123,2.81,2.86
default_gust,correction_off,12.70,2.803,7.007,0.00,0.00,0.000,0.000,0.086,0.054,0.124,2.83,2.85
default_gust,correction_off,12.75,2.849,7.121,0.00,0.00,0.000,0.000,0.088,0.053,0.124,2.84,2.85
default_gust,correction_off,12.80,2.892,7.229,0.00,0.00,0.000,0.000,0.090,0.051,0.125,2.85,2.84
default_gust,correction_off,12.85,2.933,7.331,0.00,0.00,0.000,0.000,0.092,0.050,0.125,2.86,2.84
default_gust,correction_off,12.90,2.971,7.427,0.00,0.00,0.000,0.000,0.094,0.048,0.125,2.87,2.83
default_gust,correction_off,12.95,3.006,7.516,0.00,0.00,0.000,0.000,0.094,0.047,0.125,2.88,2.82
default_gust,correction_off,13.00,3.039,7.598,0.00,0.00,0.000,0.000,0.059,0.141,0.185,3.60,4.79
default_gust,correction_off,13.05,3.069,7.673,0.00,0.00,0.000,0.000,0.059,0.141,0.185,3.60,4.79
default_gust,correction_off,13.10,3.096,7.741,0.00,0.00,0.000,0.000,0.061,0.142,0.187,3.62,4.78
default_gust,correction_off,13.15,3.120,7.801,0.00,0.00,0.000,0.000,0.062,0.143,0.188,3.63,4.77
default_gust,correction_off,13.20,3.141,7.853,0.00,0.00,0.000,0.000,0.063,0.143,0.189,3.65,4.76
default_gust,correction_off,13.25,3.159,7.898,0.00,0.00,0.000,0.000,0.065,0.143,0.189,3.68,4.74
default_gust,correction_off,13.30,3.174,7.934,0.00,0.00,0.000,0.000,0.067,0.142,0.189,3.71,4.72
default_gust,correction_off,13.35,3.185,7.963,0.00,0.00,0.000,0.000,0.069,0.142,0.189,3.74,4.69
default_gust,correction_off,13.40,3.193,7.984,0.00,0.00,0.000,0.000,0.072,0.141,0.189,3.77,4.67
default_gust,correction_off,13.45,3.198,7.996,0.00,0.00,0.000,0.000,0.073,0.140,0.189,3.81,4.64
default_gust,correction_off,13.50,3.200,8.000,0.00,0.00,0.000,0.000,0.077,0.138,0.189,3.85,4.60
default_gust,correction_off,13.55,3.198,7.996,0.00,0.00,0.000,0.000,0.079,0.137,0.189,3.89,4.57
default_gust,correction_off,13.60,3.193,7.984,0.00,0.00,0.000,0.000,0.083,0.135,0.189,3.92,4.54
default_gust,correction_off,13.65,3.185,7.963,0.00,0.00,0.000,0.000,0.085,0.134,0.189,3.97,4.50
default_gust,correction_off,13.70,3.174,7.934,0.00,0.00,0.000,0.000,0.089,0.131,0.188,4.00,4.47
default_gust,correction_off,13.75,3.159,7.898,0.00,0.00,0.000,0.000,0.091,0.130,0.188,4.04,4.44
default_gust,correction_off,13.80,3.141,7.853,0.00,0.00,0.000,0.000,0.095,0.127,0.188,4.08,4.41
default_gust,correction_off,13.85,3.120,7.801,0.00,0.00,0.000,0.000,0.097,0.126,0.188,4.12,4.38
default_gust,correction_off,13.90,3.096,7.741,0.00,0.00,0.000,0.000,0.101,0.124,0.188,4.15,4.35
default_gust,correction_off,13.95,3.069,7.673,0.00,0.00,0.000,0.000,0.103,0.123,0.188,4.19,4.32
default_gust,correction_off,14.00,3.039,7.598,0.00,0.00,0.000,0.000,0.029,0.022,0.063,3.83,4.07
default_gust,correction_off,14.05,3.006,7.516,0.00,0.00,0.000,0.000,0.029,0.022,0.063,3.83,4.07
default_gust,correction_off,14.10,2.971,7.427,0.00,0.00,0.000,0.000,0.028,0.021,0.062,3.84,4.07
default_gust,correction_off,14.15,2.933,7.331,0.00,0.00,0.000,0.000,0.028,0.020,0.062,3.86,4.07
default_gust,correction_off,14.20,2.892,7.229,0.00,0.00,0.000,0.000,0.028,0.019,0.061,3.88,4.06
default_gust,correction_off,14.25,2.849,7.121,0.00,0.00,0.000,0.000,0.028,0.019,0.061,3.90,4.06
default_gust,correction_off,14.30,2.803,7.007,0.00,0.00,0.000,0.000,0.029,0.018,0.060,3.92,4.05
default_gust,correction_off,14.35,2.755,6.888,0.00,0.00,0.000,0.000,0.030,0.017,0.060,3.95,4.04
default_gust,correction_off,14.40,2.705,6.763,0.00,0.00,0.000,0.000,0.032,0.016,0.060,3.98,4.03
default_gust,correction_off,14.45,2.654,6.634,0.00,0.00,0.000,0.000,0.033,0.016,0.060,4.02,4.03
default_gust,correction_off,14.50,2.600,6.500,0.00,0.00,0.000,0.000,0.035,0.014,0.060,4.05,4.02
default_gust,correction_off,14.55,2.545,6.362,0.00,0.00,0.000,0.000,0.036,0.013,0.060,4.09,4.01
default_gust,correction_off,14.60,2.488,6.220,0.00,0.00,0.000,0.000,0.038,0.011,0.060,4.13,4.00
default_gust,correction_off,14.65,2.430,6.075,0.00,0.00,0.000,0.000,0.039,0.010,0.060,4.17,3.98
default_gust,correction_off,14.70,2.371,5.927,0.00,0.00,0.000,0.000,0.042,0.008,0.060,4.20,3.97
default_gust,correction_off,14.75,2.311,5.776,0.00,0.00,0.000,0.000,0.043,0.007,0.060,4.24,3.95
default_gust,correction_off,14.80,2.249,5.624,0.00,0.00,0.000,0.000,0.044,0.006,0.060,4.27,3.93
default_gust,correction_off,14.85,2.188,5.469,0.00,0.00,0.000,0.000,0.045,0.005,0.060,4.29,3.92
default_gust,correction_off,14.90,2.125,5.314,0.00,0.00,0.000,0.000,0.046,0.003,0.059,4.32,3.91
default_gust,correction_off,14.95,2.063,5.157,0.00,0.00,0.000,0.000,0.046,0.002,0.059,4.33,3.90
default_gust,correction_off,15.00,2.000,5.000,0.00,0.00,0.000,0.000,-0.068,-0.119,0.108,2.89,2.33
default_gust,correction_off,15.05,1.937,4.843,0.00,0.00,0.000,0.000,-0.068,-0.119,0.108,2.89,2.33
default_gust,correction_off,15.10,1.875,4.686,0.00,0.00,0.000,0.000,-0.070,-0.119,0.109,2.86,2.34
default_gust,correction_off,15.15,1.812,4.531,0.00,0.00,0.000,0.000,-0.071,-0.118,0.110,2.84,2.35
default_gust,correction_off,15.20,1.751,4.376,0.00,0.00,0.000,0.000,-0.073,-0.118,0.111,2.82,2.37
default_gust,correction_off,15.25,1.689,4.224,0.00,0.00,0.000,0.000,-0.074,-0.117,0.111,2.80,2.39
default_gust,correction_off,15.30,1.629,4.073,0.00,0.00,0.000,0.000,-0.077,-0.115,0.111,2.78,2.41
default_gust,correction_off,15.35,1.570,3.925,0.00,0.00,0.000,0.000,-0.077,-0.115,0.111,2.77,2.43
default_gust,correction_off,15.40,1.512,3.780,0.00,0.00,0.000,0.000,-0.079,-0.113,0.112,2.75,2.45
default_gust,correction_off,15.45,1.455,3.638,0.00,0.00,0.000,0.000,-0.080,-0.112,0.112,2.74,2.48
default_gust,correction_off,15.50,1.400,3.500,0.00,0.00,0.000,0.000,-0.082,-0.111,0.112,2.74,2.50
default_gust,correction_off,15.55,1.346,3.366,0.00,0.00,0.000,0.000,-0.083,-0.110,0.112,2.73,2.53
default_gust,correction_off,15.60,1.295,3.237,0.00,0.00,0.000,0.000,-0.085,-0.108,0.112,2.72,2.55
default_gust,correction_off,15.65,1.245,3.112,0.00,0.00,0.000,0.000,-0.085,-0.107,0.112,2.71,2.57
default_gust,correction_off,15.70,1.197,2.993,0.00,0.00,0.000,0.000,-0.087,-0.104,0.111,2.71,2.59
default_gust,correction_off,15.75,1.151,2.879,0.00,0.00,0.000,0.000,-0.087,-0.103,0.111,2.70,2.61
default_gust,correction_off,15.80,1.108,2.771,0.00,0.00,0.000,0.000,-0.088,-0.101,0.110,2.70,2.63
default_gust,correction_off,15.85,1.067,2.669,0.00,0.00,0.000,0.000,-0.088,-0.100,0.110,2.70,2.65
default_gust,correction_off,15.90,1.029,2.573,0.00,0.00,0.000,0.000,-0.089,-0.098,0.109,2.70,2.66
default_gust,correction_off,15.95,0.994,2.484,0.00,0.00,0.000,0.000,-0.090,-0.097,0.109,2.70,2.68
default_gust,correction_off,16.00,0.961,2.402,0.00,0.00,0.000,0.000,-0.097,-0.206,0.197,1.59,0.86
default_gust,correction_off,16.05,0.931,2.327,0.00,0.00,0.000,0.000,-0.097,-0.206,0.197,1.59,0.86
default_gust,correction_off,16.10,0.904,2.259,0.00,0.00,0.000,0.000,-0.098,-0.210,0.201,1.57,0.84
default_gust,correction_off,16.15,0.880,2.199,0.00,0.00,0.000,0.000,-0.098,-0.212,0.202,1.56,0.82
default_gust,correction_off,16.20,0.859,2.147,0.00,0.00,0.000,0.000,-0.099,-0.214,0.204,1.54,0.80
default_gust,correction_off,16.25,0.841,2.102,0.00,0.00,0.000,0.000,-0.100,-0.218,0.208,1.52,0.78
default_gust,correction_off,16.30,0.826,2.066,0.00,0.00,0.000,0.000,-0.100,-0.221,0.212,1.49,0.76
default_gust,correction_off,16.35,0.815,2.037,0.00,0.00,0.000,0.000,-0.101,-0.223,0.214,1.47,0.75
default_gust,correction_off,16.40,0.807,2.016,0.00,0.00,0.000,0.000,-0.102,-0.225,0.216,1.45,0.73
default_gust,correction_off,16.45,0.802,2.004,0.00,0.00,0.000,0.000,-0.103,-0.227,0.218,1.43,0.72
default_gust,correction_off,16.50,0.800,2.000,0.00,0.00,0.000,0.000,-0.103,-0.228,0.219,1.40,0.71
default_gust,correction_off,16.55,0.802,2.004,0.00,0.00,0.000,0.000,-0.104,-0.229,0.221,1.38,0.70
default_gust,correction_off,16.60,0.807,2.016,0.00,0.00,0.000,0.000,-0.105,-0.229,0.221,1.36,0.70
default_gust,correction_off,16.65,0.815,2.037,0.00,0.00,0.000,0.000,-0.107,-0.229,0.222,1.34,0.70
default_gust,correction_off,16.70,0.826,2.066,0.00,0.00,0.000,0.000,-0.109,-0.227,0.221,1.32,0.71
default_gust,correction_off,16.75,0.841,2.102,0.00,0.00,0.000,0.000,-0.109,-0.226,0.220,1.30,0.73
default_gust,correction_off,16.80,0.859,2.147,0.00,0.00,0.000,0.000,-0.111,-0.223,0.219,1.28,0.75
default_gust,correction_off,16.85,0.880,2.199,0.00,0.00,0.000,0.000,-0.111,-0.221,0.217,1.26,0.79
default_gust,correction_off,16.90,0.904,2.259,0.00,0.00,0.000,0.000,-0.112,-0.217,0.214,1.24,0.83
default_gust,correction_off,16.95,0.931,2.327,0.00,0.00,0.000,0.000,-0.113,-0.215,0.213,1.23,0.87
default_gust,correction_off,17.00,0.961,2.402,0.00,0.00,0.000,0.000,-0.005,-0.091,0.057,1.73,1.20
default_gust,correction_off,17.05,0.994,2.484,0.00,0.00,0.000,0.000,-0.005,-0.091,0.057,1.73,1.20
default_gust,correction_off,17.10,1.029,2.573,0.00,0.00,0.000,0.000,-0.003,-0.093,0.058,1.72,1.19
default_gust,correction_off,17.15,1.067,2.669,0.00,0.00,0.000,0.000,-0.002,-0.094,0.059,1.71,1.17
default_gust,correction_off,17.20,1.108,2.771,0.00,0.00,0.000,0.000,-0.000,-0.095,0.061,1.71,1.16
default_gust,correction_off,17.25,1.151,2.879,0.00,0.00,0.000,0.000,0.001,-0.096,0.061,1.70,1.15
default_gust,correction_off,17.30,1.197,2.993,0.00,0.00,0.000,0.000,0.002,-0.098,0.063,1.70,1.13
default_gust,correction_off,17.35,1.245,3.112,0.00,0.00,0.000,0.000,0.002,-0.099,0.064,1.70,1.12
default_gust,correction_off,17.40,1.295,3.237,0.00,0.00,0.000,0.000,0.003,-0.100,0.066,1.69,1.11
default_gust,correction_off,17.45,1.346,3.366,0.00,0.00,0.000,0.000,0.003,-0.101,0.067,1.69,1.09
default_gust,correction_off,17.50,1.400,3.500,0.00,0.00,0.000,0.000,0.002,-0.102,0.068,1.68,1.08
default_gust,correction_off,17.55,1.455,3.638,0.00,0.00,0.000,0.000,0.002,-0.103,0.069,1.66,1.07
default_gust,correction_off,17.60,1.512,3.780,0.00,0.00,0.000,0.000,0.001,-0.104,0.070,1.65,1.07
default_gust,correction_off,17.65,1.570,3.925,0.00,0.00,0.000,0.000,-0.000,-0.105,0.070,1.63,1.06
default_gust,correction_off,17.70,1.629,4.073,0.00,0.00,0.000,0.000,-0.002,-0.106,0.071,1.60,1.05
default_gust,correction_off,17.75,1.689,4.224,0.00,0.00,0.000,0.000,-0.004,-0.106,0.071,1.57,1.05
default_gust,correction_off,17.80,1.751,4.376,0.00,0.00,0.000,0.000,-0.006,-0.106,0.072,1.54,1.05
default_gust,correction_off,17.85,1.812,4.531,0.00,0.00,0.000,0.000,-0.007,-0.106,0.072,1.50,1.06
default_gust,correction_off,17.90,1.875,4.686,0.00,0.00,0.000,0.000,-0.009,-0.105,0.071,1.47,1.06
default_gust,correction_off,17.95,1.937,4.843,0.00,0.00,0.000,0.000,-0.011,-0.105,0.071,1.44,1.07
default_gust,correction_on,0.00,2.000,5.000,0.00,0.00,0.000,0.000,0.127,0.206,0.296,2.35,3.79
default_gust,correction_on,0.05,2.063,5.157,0.00,0.00,0.000,0.000,0.127,0.206,0.296,2.35,3.79
default_gust,correction_on,0.10,2.125,5.314,0.00,0.00,0.000,0.000,0.130,0.207,0.298,2.38,3.78
default_gust,correction_on,0.15,2.188,5.469,0.00,0.00,0.000,0.000,0.136,0.209,0.302,2.41,3.78
default_gust,correction_on,0.20,2.249,5.624,0.00,0.00,0.000,0.000,0.139,0.209,0.304,2.44,3.76
default_gust,correction_on,0.25,2.311,5.776,0.00,0.00,0.000,0.000,0.145,0.210,0.307,2.47,3.75
default_gust,correction_on,0.30,2.371,5.927,0.00,0.00,0.000,0.000,0.148,0.210,0.308,2.50,3.72
default_gust,correction_on,0.35,2.430,6.075,0.00,0.00,0.000,0.000,0.154,0.209,0.311,2.53,3.70
default_gust,correction_on,0.40,2.488,6.220,0.00,0.00,0.000,0.000,0.157,0.208,0.312,2.56,3.67
default_gust,correction_on,0.45,2.545,6.362,0.00,0.00,0.000,0.000,0.164,0.206,0.313,2.59,3.65
default_gust,correction_on,0.50,2.600,6.500,0.00,0.00,0.000,0.000,0.167,0.205,0.314,2.62,3.61
default_gust,correction_on,0.55,2.654,6.634,0.00,0.00,0.000,0.000,0.174,0.202,0.315,2.66,3.57
default_gust,correction_on,0.60,2.705,6.763,0.00,0.00,0.000,0.000,0.177,0.200,0.315,2.69,3.53
default_gust,correction_on,0.65,2.755,6.888,0.00,0.00,0.000,0.000,0.184,0.196,0.315,2.73,3.49
default_gust,correction_on,0.70,2.803,7.007,0.00,0.00,0.000,0.000,0.187,0.194,0.315,2.76,3.45
default_gust,correction_on,0.75,2.849,7.121,0.00,0.00,0.000,0.000,0.192,0.189,0.315,2.80,3.40
default_gust,correction_on,0.80,2.892,7.229,0.00,0.00,0.000,0.000,0.195,0.187,0.315,2.83,3.36
default_gust,correction_on,0.85,2.933,7.331,0.00,0.00,0.000,0.000,0.200,0.182,0.314,2.86,3.31
default_gust,correction_on,0.90,2.971,7.427,0.00,0.00,0.000,0.000,0.202,0.180,0.314,2.89,3.27
default_gust,correction_on,0.95,3.006,7.516,2.35,3.20,-0.118,-0.160,0.206,0.175,0.313,2.91,3.23
default_gust,correction_on,1.00,3.039,7.598,2.44,3.33,-0.122,-0.167,0.048,0.083,0.152,3.06,4.95
default_gust,correction_on,1.05,3.069,7.673,2.56,3.57,-0.128,-0.179,0.048,0.083,0.152,3.06,4.95
default_gust,correction_on,1.10,3.096,7.741,2.70,3.86,-0.135,-0.193,0.048,0.085,0.154,3.08,4.97
default_gust,correction_on,1.15,3.120,7.801,2.86,4.16,-0.143,-0.208,0.049,0.089,0.158,3.11,4.99
default_gust,correction_on,1.20,3.141,7.853,3.03,4.45,-0.152,-0.223,0.049,0.091,0.160,3.14,5.02
default_gust,correction_on,1.25,3.159,7.898,3.20,4.72,-0.160,-0.236,0.051,0.094,0.163,3.18,5.06
default_gust,correction_on,1.30,3.174,7.934,3.36,4.96,-0.168,-0.248,0.052,0.096,0.165,3.24,5.11
default_gust,correction_on,1.35,3.185,7.963,3.53,5.18,-0.177,-0.259,0.053,0.099,0.169,3.30,5.16
default_gust,correction_on,1.40,3.193,7.984,3.70,5.37,-0.185,-0.269,0.054,0.101,0.171,3.38,5.22
default_gust,correction_on,1.45,3.198,7.996,3.87,5.56,-0.194,-0.278,0.056,0.103,0.174,3.45,5.28
default_gust,correction_on,1.50,3.200,8.000,4.03,5.74,-0.202,-0.287,0.057,0.105,0.175,3.53,5.34
default_gust,correction_on,1.55,3.198,7.996,4.18,5.89,-0.209,-0.294,0.058,0.107,0.177,3.61,5.39
default_gust,correction_on,1.60,3.193,7.984,4.31,6.00,-0.215,-0.300,0.058,0.107,0.178,3.68,5.43
default_gust,correction_on,1.65,3.185,7.963,4.40,6.05,-0.220,-0.303,0.058,0.108,0.179,3.74,5.47
default_gust,correction_on,1.70,3.174,7.934,4.47,6.04,-0.223,-0.302,0.058,0.108,0.179,3.80,5.50
default_gust,correction_on,1.75,3.159,7.898,4.49,5.96,-0.224,-0.298,0.058,0.107,0.178,3.85,5.51
default_gust,correction_on,1.80,3.141,7.853,4.47,5.84,-0.224,-0.292,0.058,0.106,0.177,3.88,5.51
default_gust,correction_on,1.85,3.120,7.801,4.43,5.71,-0.222,-0.285,0.057,0.104,0.175,3.90,5.50
default_gust,correction_on,1.90,3.096,7.741,4.38,5.61,-0.219,-0.280,0.057,0.103,0.173,3.91,5.47
default_gust,correction_on,1.95,3.069,7.673,4.30,5.60,-0.215,-0.280,0.056,0.099,0.170,3.91,5.42
default_gust,correction_on,2.00,3.039,7.598,4.27,5.62,-0.213,-0.281,-0.017,-0.039,0.029,3.53,4.52
default_gust,correction_on,2.05,3.006,7.516,4.26,5.64,-0.213,-0.282,-0.017,-0.039,0.029,3.53,4.52
default_gust,correction_on,2.10,2.971,7.427,4.27,5.66,-0.214,-0.283,-0.017,-0.039,0.028,3.54,4.52
default_gust,correction_on,2.15,2.933,7.331,4.28,5.67,-0.214,-0.284,-0.016,-0.039,0.028,3.54,4.52
default_gust,correction_on,2.20,2.892,7.229,4.29,5.68,-0.214,-0.284,-0.016,-0.039,0.028,3.55,4.52
default_gust,correction_on,2.25,2.849,7.121,4.29,5.67,-0.215,-0.284,-0.015,-0.039,0.028,3.56,4.53
default_gust,correction_on,2.30,2.803,7.007,4.28,5.67,-0.214,-0.283,-0.015,-0.039,0.028,3.56,4.53
default_gust,correction_on,2.35,2.755,6.888,4.27,5.66,-0.214,-0.283,-0.014,-0.038,0.027,3.57,4.54
default_gust,correction_on,2.40,2.705,6.763,4.26,5.64,-0.213,-0.282,-0.013,-0.038,0.027,3.57,4.54
default_gust,correction_on,2.45,2.654,6.634,4.24,5.63,-0.212,-0.281,-0.012,-0.038,0.027,3.58,4.54
default_gust,correction_on,2.50,2.600,6.500,4.22,5.59,-0.211,-0.280,-0.011,-0.038,0.027,3.59,4.54
default_gust,correction_on,2.55,2.545,6.362,4.20,5.50,-0.210,-0.275,-0.010,-0.037,0.027,3.60,4.54
default_gust,correction_on,2.60,2.488,6.220,4.17,5.41,-0.209,-0.271,-0.009,-0.037,0.027,3.61,4.54
default_gust,correction_on,2.65,2.430,6.075,4.15,5.32,-0.207,-0.266,-0.008,-0.036,0.027,3.62,4.54
default_gust,correction_on,2.70,2.371,5.927,4.12,5.23,-0.206,-0.261,-0.007,-0.035,0.027,3.63,4.54
default_gust,correction_on,2.75,2.311,5.776,4.10,5.14,-0.205,-0.257,-0.005,-0.034,0.028,3.63,4.53
default_gust,correction_on,2.80,2.249,5.624,4.08,5.06,-0.204,-0.253,-0.004,-0.033,0.029,3.64,4.52
default_gust,correction_on,2.85,2.188,5.469,4.07,5.01,-0.204,-0.251,-0.002,-0.032,0.030,3.65,4.52
default_gust,correction_on,2.90,2.125,5.314,4.08,4.99,-0.204,-0.250,-0.001,-0.031,0.030,3.66,4.51
default_gust,correction_on,2.95,2.063,5.157,4.10,5.04,-0.205,-0.252,0.000,-0.030,0.032,3.66,4.50
default_gust,correction_on,3.00,2.000,5.000,3.94,5.00,-0.197,-0.250,-0.046,-0.153,0.103,2.57,2.82
default_gust,correction_on,3.05,1.937,4.843,3.68,4.84,-0.184,-0.242,-0.046,-0.153,0.103,2.57,2.82
default_gust,correction_on,3.10,1.875,4.686,3.39,4.60,-0.170,-0.230,-0.051,-0.155,0.107,2.53,2.82
default_gust,correction_on,3.15,1.812,4.531,3.09,4.31,-0.155,-0.216,-0.053,-0.155,0.109,2.47,2.82
default_gust,correction_on,3.20,1.751,4.376,2.83,4.03,-0.141,-0.201,-0.058,-0.157,0.112,2.41,2.80
default_gust,correction_on,3.25,1.689,4.224,2.59,3.75,-0.129,-0.188,-0.060,-0.157,0.114,2.33,2.78
default_gust,correction_on,3.30,1.629,4.073,2.38,3.50,-0.119,-0.175,-0.066,-0.158,0.117,2.24,2.74
default_gust,correction_on,3.35,1.570,3.925,2.21,3.26,-0.111,-0.163,-0.068,-0.158,0.119,2.14,2.69
default_gust,correction_on,3.40,1.512,3.780,2.07,3.06,-0.104,-0.153,-0.073,-0.158,0.122,2.04,2.64
default_gust,correction_on,3.45,1.455,3.638,1.97,2.88,-0.098,-0.144,-0.075,-0.158,0.123,1.94,2.59
default_gust,correction_on,3.50,1.400,3.500,1.90,2.73,-0.095,-0.136,-0.080,-0.157,0.126,1.86,2.54
default_gust,correction_on,3.55,1.346,3.366,1.86,2.61,-0.093,-0.131,-0.082,-0.157,0.127,1.77,2.50
default_gust,correction_on,3.60,1.295,3.237,1.85,2.53,-0.093,-0.126,-0.086,-0.156,0.128,1.71,2.47
default_gust,correction_on,3.65,1.245,3.112,1.88,2.49,-0.094,-0.124,-0.087,-0.155,0.128,1.66,2.45
default_gust,correction_on,3.70,1.197,2.993,1.94,2.52,-0.097,-0.126,-0.090,-0.152,0.128,1.64,2.43
default_gust,correction_on,3.75,1.151,2.879,2.02,2.58,-0.101,-0.129,-0.091,-0.151,0.128,1.62,2.44
default_gust,correction_on,3.80,1.108,2.771,2.12,2.65,-0.106,-0.132,-0.092,-0.147,0.127,1.63,2.45
default_gust,correction_on,3.85,1.067,2.669,2.24,2.73,-0.112,-0.137,-0.093,-0.145,0.125,1.65,2.48
default_gust,correction_on,3.90,1.029,2.573,2.38,2.88,-0.119,-0.144,-0.093,-0.139,0.122,1.69,2.52
default_gust,correction_on,3.95,0.994,2.484,2.50,3.09,-0.125,-0.154,-0.093,-0.137,0.120,1.75,2.58
default_gust,correction_on,4.00,0.961,2.402,2.38,3.00,-0.119,-0.150,-0.028,-0.213,0.154,1.41,0.98
default_gust,correction_on,4.05,0.931,2.327,2.09,2.74,-0.104,-0.137,-0.028,-0.213,0.154,1.41,0.98
default_gust,correction_on,4.10,0.904,2.259,1.75,2.44,-0.087,-0.122,-0.031,-0.216,0.158,1.39,0.98
default_gust,correction_on,4.15,0.880,2.199,1.40,2.15,-0.070,-0.107,-0.032,-0.217,0.159,1.36,0.98
default_gust,correction_on,4.20,0.859,2.147,1.10,1.88,-0.055,-0.094,-0.034,-0.219,0.162,1.34,0.97
default_gust,correction_on,4.25,0.841,2.102,0.85,1.63,-0.043,-0.082,-0.036,-0.220,0.163,1.29,0.95
default_gust,correction_on,4.30,0.826,2.066,0.65,1.43,-0.033,-0.071,-0.038,-0.222,0.166,1.22,0.92
default_gust,correction_on,4.35,0.815,2.037,0.50,1.25,-0.025,-0.063,-0.040,-0.223,0.167,1.14,0.88
default_gust,correction_on,4.40,0.807,2.016,0.40,1.12,-0.020,-0.056,-0.042,-0.224,0.169,1.06,0.84
default_gust,correction_on,4.45,0.802,2.004,0.35,1.01,-0.017,-0.051,-0.043,-0.225,0.170,0.97,0.80
default_gust,correction_on,4.50,0.800,2.000,0.33,0.94,-0.017,-0.047,-0.046,-0.227,0.172,0.89,0.76
default_gust,correction_on,4.55,0.802,2.004,0.35,0.88,-0.017,-0.044,-0.048,-0.227,0.173,0.82,0.73
default_gust,correction_on,4.60,0.807,2.016,0.38,0.84,-0.019,-0.042,-0.050,-0.228,0.174,0.76,0.70
default_gust,correction_on,4.65,0.815,2.037,0.43,0.84,-0.022,-0.042,-0.051,-0.228,0.175,0.72,0.68
default_gust,correction_on,4.70,0.826,2.066,0.49,0.84,-0.024,-0.042,-0.054,-0.228,0.175,0.70,0.68
default_gust,correction_on,4.75,0.841,2.102,0.56,0.85,-0.028,-0.043,-0.055,-0.228,0.175,0.69,0.68
default_gust,correction_on,4.80,0.859,2.147,0.64,0.89,-0.032,-0.044,-0.057,-0.227,0.175,0.69,0.69
default_gust,correction_on,4.85,0.880,2.199,0.74,0.96,-0.037,-0.048,-0.058,-0.226,0.175,0.70,0.72
default_gust,correction_on,4.90,0.904,2.259,0.84,1.08,-0.042,-0.054,-0.059,-0.224,0.173,0.73,0.75
default_gust,correction_on,4.95,0.931,2.327,0.94,1.23,-0.047,-0.061,-0.059,-0.223,0.172,0.76,0.79
default_gust,correction_on,5.00,0.961,2.402,1.03,1.30,-0.051,-0.065,-0.006,-0.080,0.020,1.44,1.52
default_gust,correction_on,5.05,0.994,2.484,1.10,1.31,-0.055,-0.065,-0.006,-0.080,0.020,1.44,1.52
default_gust,correction_on,5.10,1.029,2.573,1.16,1.31,-0.058,-0.065,-0.005,-0.080,0.019,1.43,1.52
default_gust,correction_on,5.15,1.067,2.669,1.21,1.30,-0.061,-0.065,-0.004,-0.080,0.019,1.42,1.52
default_gust,correction_on,5.20,1.108,2.771,1.27,1.30,-0.064,-0.065,-0.004,-0.080,0.019,1.42,1.52
default_gust,correction_on,5.25,1.151,2.879,1.34,1.31,-0.067,-0.066,-0.003,-0.080,0.019,1.42,1.52
default_gust,correction_on,5.30,1.197,2.993,1.39,1.33,-0.070,-0.067,-0.003,-0.080,0.019,1.42,1.51
default_gust,correction_on,5.35,1.245,3.112,1.44,1.35,-0.072,-0.068,-0.002,-0.080,0.019,1.42,1.51
default_gust,correction_on,5.40,1.295,3.237,1.47,1.37,-0.074,-0.069,-0.001,-0.080,0.019,1.43,1.50
default_gust,correction_on,5.45,1.346,3.366,1.50,1.39,-0.075,-0.069,-0.001,-0.080,0.019,1.44,1.49
default_gust,correction_on,5.50,1.400,3.500,1.51,1.40,-0.076,-0.070,-0.000,-0.080,0.018,1.45,1.49
default_gust,correction_on,5.55,1.455,3.638,1.52,1.40,-0.076,-0.070,-0.000,-0.080,0.018,1.45,1.49
default_gust,correction_on,5.60,1.512,3.780,1.51,1.40,-0.076,-0.070,0.000,-0.079,0.018,1.45,1.49
default_gust,correction_on,5.65,1.570,3.925,1.50,1.40,-0.075,-0.070,0.000,-0.079,0.018,1.45,1.49
default_gust,correction_on,5.70,1.629,4.073,1.49,1.40,-0.074,-0.070,0.001,-0.079,0.018,1.45,1.49
default_gust,correction_on,5.75,1.689,4.224,1.47,1.40,-0.073,-0.070,0.001,-0.079,0.018,1.45,1.49
default_gust,correction_on,5.80,1.751,4.376,1.46,1.40,-0.073,-0.070,0.002,-0.079,0.018,1.44,1.49
default_gust,correction_on,5.85,1.812,4.531,1.44,1.40,-0.072,-0.070,0.003,-0.079,0.018,1.43,1.49
default_gust,correction_on,5.90,1.875,4.686,1.43,1.39,-0.071,-0.069,0.003,-0.079,0.018,1.42,1.49
default_gust,correction_on,5.95,1.937,4.843,1.43,1.39,-0.071,-0.070,0.004,-0.080,0.018,1.42,1.49
default_gust,correction_on,6.00,2.000,5.000,1.54,1.53,-0.077,-0.077,0.078,0.026,0.117,2.60,3.10
default_gust,correction_on,6.05,2.063,5.157,1.71,1.73,-0.085,-0.087,0.078,0.026,0.117,2.60,3.10
default_gust,correction_on,6.10,2.125,5.314,1.90,1.96,-0.095,-0.098,0.079,0.027,0.118,2.62,3.11
default_gust,correction_on,6.15,2.188,5.469,2.11,2.19,-0.105,-0.109,0.082,0.028,0.121,2.65,3.11
default_gust,correction_on,6.20,2.249,5.624,2.31,2.41,-0.116,-0.121,0.083,0.028,0.122,2.68,3.12
default_gust,correction_on,6.25,2.311,5.776,2.51,2.63,-0.126,-0.131,0.085,0.028,0.123,2.71,3.14
default_gust,correction_on,6.30,2.371,5.927,2.71,2.84,-0.135,-0.142,0.087,0.028,0.124,2.77,3.17
default_gust,correction_on,6.35,2.430,6.075,2.89,3.03,-0.144,-0.152,0.089,0.028,0.125,2.81,3.19
default_gust,correction_on,6.40,2.488,6.220,3.06,3.22,-0.153,-0.161,0.089,0.028,0.126,2.88,3.23
default_gust,correction_on,6.45,2.545,6.362,3.20,3.38,-0.160,-0.169,0.090,0.027,0.126,2.94,3.26
default_gust,correction_on,6.50,2.600,6.500,3.33,3.53,-0.166,-0.177,0.091,0.027,0.126,2.99,3.29
default_gust,correction_on,6.55,2.654,6.634,3.43,3.66,-0.171,-0.183,0.090,0.025,0.125,3.04,3.32
default_gust,correction_on,6.60,2.705,6.763,3.51,3.76,-0.175,-0.188,0.090,0.025,0.124,3.08,3.33
default_gust,correction_on,6.65,2.755,6.888,3.56,3.84,-0.178,-0.192,0.089,0.023,0.122,3.10,3.35
default_gust,correction_on,6.70,2.803,7.007,3.59,3.89,-0.180,-0.195,0.088,0.022,0.120,3.12,3.35
default_gust,correction_on,6.75,2.849,7.121,3.59,3.90,-0.179,-0.195,0.086,0.019,0.117,3.12,3.36
default_gust,correction_on,6.80,2.892,7.229,3.57,3.88,-0.178,-0.194,0.084,0.018,0.115,3.11,3.35
default_gust,correction_on,6.85,2.933,7.331,3.52,3.81,-0.176,-0.190,0.081,0.015,0.111,3.09,3.34
default_gust,correction_on,6.90,2.971,7.427,3.45,3.77,-0.173,-0.188,0.079,0.014,0.109,3.05,3.32
default_gust,correction_on,6.95,3.006,7.516,3.37,3.73,-0.169,-0.186,0.075,0.010,0.103,3.00,3.29
default_gust,correction_on,7.00,3.039,7.598,3.52,3.75,-0.176,-0.188,0.087,0.081,0.166,4.16,4.78
default_gust,correction_on,7.05,3.069,7.673,3.79,3.84,-0.190,-0.192,0.087,0.081,0.166,4.16,4.78
default_gust,correction_on,7.10,3.096,7.741,4.09,3.95,-0.205,-0.198,0.092,0.081,0.169,4.18,4.77
default_gust,correction_on,7.15,3.120,7.801,4.40,4.08,-0.220,-0.204,0.094,0.082,0.171,4.20,4.75
default_gust,correction_on,7.20,3.141,7.853,4.67,4.20,-0.234,-0.210,0.100,0.082,0.174,4.23,4.73
default_gust,correction_on,7.25,3.159,7.898,4.90,4.32,-0.245,-0.216,0.102,0.082,0.175,4.27,4.72
default_gust,correction_on,7.30,3.174,7.934,5.09,4.45,-0.255,-0.223,0.106,0.081,0.178,4.32,4.72
default_gust,correction_on,7.35,3.185,7.963,5.24,4.58,-0.262,-0.229,0.108,0.081,0.178,4.39,4.71
default_gust,correction_on,7.40,3.193,7.984,5.34,4.70,-0.267,-0.235,0.112,0.080,0.180,4.46,4.71
default_gust,correction_on,7.45,3.198,7.996,5.39,4.80,-0.269,-0.240,0.114,0.079,0.181,4.53,4.72
default_gust,correction_on,7.50,3.200,8.000,5.40,4.90,-0.270,-0.245,0.116,0.078,0.181,4.59,4.72
default_gust,correction_on,7.55,3.198,7.996,5.37,4.99,-0.268,-0.249,0.117,0.077,0.181,4.63,4.72
default_gust,correction_on,7.60,3.193,7.984,5.31,5.07,-0.266,-0.253,0.119,0.075,0.181,4.66,4.72
default_gust,correction_on,7.65,3.185,7.963,5.22,5.15,-0.261,-0.257,0.120,0.074,0.181,4.68,4.72
default_gust,correction_on,7.70,3.174,7.934,5.11,5.20,-0.255,-0.260,0.121,0.073,0.180,4.67,4.72
default_gust,correction_on,7.75,3.159,7.898,4.96,5.17,-0.248,-0.258,0.121,0.072,0.179,4.65,4.71
default_gust,correction_on,7.80,3.141,7.853,4.80,5.09,-0.240,-0.255,0.120,0.069,0.177,4.61,4.71
default_gust,correction_on,7.85,3.120,7.801,4.64,4.99,-0.232,-0.250,0.120,0.068,0.176,4.56,4.70
default_gust,correction_on,7.90,3.096,7.741,4.49,4.96,-0.225,-0.248,0.118,0.065,0.173,4.49,4.68
default_gust,correction_on,7.95,3.069,7.673,4.38,4.95,-0.219,-0.248,0.117,0.064,0.171,4.41,4.66
default_gust,correction_on,8.00,3.039,7.598,4.36,4.97,-0.218,-0.249,0.007,-0.019,0.043,3.76,4.51
default_gust,correction_on,8.05,3.006,7.516,4.41,5.02,-0.220,-0.251,0.007,-0.019,0.043,3.76,4.51
default_gust,correction_on,8.10,2.971,7.427,4.47,5.07,-0.223,-0.253,0.006,-0.018,0.044,3.75,4.52
default_gust,correction_on,8.15,2.933,7.331,4.53,5.12,-0.226,-0.256,0.005,-0.016,0.045,3.75,4.53
default_gust,correction_on,8.20,2.892,7.229,4.58,5.17,-0.229,-0.258,0.004,-0.015,0.046,3.75,4.54
default_gust,correction_on,8.25,2.849,7.121,4.61,5.21,-0.231,-0.261,0.003,-0.014,0.047,3.75,4.55
default_gust,correction_on,8.30,2.803,7.007,4.63,5.25,-0.231,-0.262,0.002,-0.014,0.047,3.75,4.56
default_gust,correction_on,8.35,2.755,6.888,4.63,5.28,-0.232,-0.264,0.001,-0.013,0.048,3.75,4.57
default_gust,correction_on,8.40,2.705,6.763,4.62,5.31,-0.231,-0.265,0.000,-0.013,0.048,3.76,4.58
default_gust,correction_on,8.45,2.654,6.634,4.59,5.33,-0.229,-0.266,-0.001,-0.013,0.048,3.76,4.59
default_gust,correction_on,8.50,2.600,6.500,4.55,5.32,-0.227,-0.266,-0.001,-0.013,0.048,3.77,4.59
default_gust,correction_on,8.55,2.545,6.362,4.49,5.24,-0.225,-0.262,-0.002,-0.014,0.048,3.78,4.58
default_gust,correction_on,8.60,2.488,6.220,4.43,5.13,-0.222,-0.257,-0.002,-0.014,0.047,3.78,4.58
default_gust,correction_on,8.65,2.430,6.075,4.36,5.02,-0.218,-0.251,-0.003,-0.015,0.046,3.77,4.57
default_gust,correction_on,8.70,2.371,5.927,4.28,4.89,-0.214,-0.244,-0.003,-0.016,0.046,3.76,4.55
default_gust,correction_on,8.75,2.311,5.776,4.19,4.76,-0.210,-0.238,-0.004,-0.017,0.045,3.75,4.52
default_gust,correction_on,8.80,2.249,5.624,4.12,4.65,-0.206,-0.232,-0.005,-0.017,0.044,3.74,4.49
default_gust,correction_on,8.85,2.188,5.469,4.07,4.56,-0.203,-0.228,-0.005,-0.018,0.044,3.72,4.45
default_gust,correction_on,8.90,2.125,5.314,4.05,4.51,-0.202,-0.226,-0.005,-0.018,0.044,3.70,4.41
default_gust,correction_on,8.95,2.063,5.157,4.05,4.57,-0.202,-0.229,-0.006,-0.018,0.044,3.68,4.36
default_gust,correction_on,9.00,2.000,5.000,3.90,4.57,-0.195,-0.229,-0.054,-0.168,0.120,2.46,2.42
default_gust,correction_on,9.05,1.937,4.843,3.67,4.48,-0.183,-0.224,-0.054,-0.168,0.120,2.46,2.42
default_gust,correction_on,9.10,1.875,4.686,3.42,4.32,-0.171,-0.216,-0.058,-0.170,0.123,2.45,2.43
default_gust,correction_on,9.15,1.812,4.531,3.17,4.12,-0.159,-0.206,-0.060,-0.171,0.125,2.43,2.45
default_gust,correction_on,9.20,1.751,4.376,2.94,3.88,-0.147,-0.194,-0.064,-0.172,0.128,2.41,2.46
default_gust,correction_on,9.25,1.689,4.224,2.73,3.63,-0.137,-0.181,-0.066,-0.173,0.130,2.37,2.47
default_gust,correction_on,9.30,1.629,4.073,2.55,3.40,-0.128,-0.170,-0.069,-0.174,0.132,2.33,2.47
default_gust,correction_on,9.35,1.570,3.925,2.40,3.20,-0.120,-0.160,-0.071,-0.174,0.134,2.27,2.46
default_gust,correction_on,9.40,1.512,3.780,2.27,3.01,-0.113,-0.151,-0.074,-0.174,0.135,2.21,2.44
default_gust,correction_on,9.45,1.455,3.638,2.17,2.85,-0.109,-0.143,-0.075,-0.174,0.136,2.14,2.41
default_gust,correction_on,9.50,1.400,3.500,2.10,2.72,-0.105,-0.136,-0.078,-0.174,0.138,2.08,2.39
default_gust,correction_on,9.55,1.346,3.366,2.07,2.61,-0.104,-0.130,-0.080,-0.173,0.138,2.03,2.37
default_gust,correction_on,9.60,1.295,3.237,2.08,2.54,-0.104,-0.127,-0.083,-0.172,0.139,1.98,2.34
default_gust,correction_on,9.65,1.245,3.112,2.12,2.50,-0.106,-0.125,-0.084,-0.171,0.139,1.95,2.33
default_gust,correction_on,9.70,1.197,2.993,2.18,2.49,-0.109,-0.124,-0.087,-0.169,0.139,1.92,2.32
default_gust,correction_on,9.75,1.151,2.879,2.28,2.53,-0.114,-0.127,-0.088,-0.167,0.138,1.91,2.32
default_gust,correction_on,9.80,1.108,2.771,2.38,2.60,-0.119,-0.130,-0.090,-0.164,0.137,1.90,2.32
default_gust,correction_on,9.85,1.067,2.669,2.51,2.71,-0.126,-0.136,-0.090,-0.162,0.136,1.91,2.35
default_gust,correction_on,9.90,1.029,2.573,2.64,2.87,-0.132,-0.144,-0.092,-0.158,0.134,1.93,2.38
default_gust,correction_on,9.95,0.994,2.484,2.75,3.08,-0.137,-0.154,-0.092,-0.156,0.132,1.97,2.42
default_gust,correction_on,10.00,0.961,2.402,2.64,2.99,-0.132,-0.149,-0.057,-0.227,0.175,1.38,0.82
default_gust,correction_on,10.05,0.931,2.327,2.35,2.72,-0.118,-0.136,-0.057,-0.227,0.175,1.38,0.82
default_gust,correction_on,10.10,0.904,2.259,2.00,2.40,-0.100,-0.120,-0.059,-0.229,0.178,1.35,0.81
default_gust,correction_on,10.15,0.880,2.199,1.63,2.08,-0.082,-0.104,-0.063,-0.233,0.183,1.31,0.80
default_gust,correction_on,10.20,0.859,2.147,1.31,1.79,-0.065,-0.089,-0.065,-0.235,0.185,1.26,0.78
default_gust,correction_on,10.25,0.841,2.102,1.02,1.52,-0.051,-0.076,-0.070,-0.238,0.191,1.20,0.75
default_gust,correction_on,10.30,0.826,2.066,0.79,1.28,-0.040,-0.064,-0.073,-0.240,0.193,1.11,0.71
default_gust,correction_on,10.35,0.815,2.037,0.61,1.07,-0.030,-0.054,-0.078,-0.243,0.197,1.01,0.65
default_gust,correction_on,10.40,0.807,2.016,0.47,0.90,-0.023,-0.045,-0.080,-0.244,0.199,0.91,0.60
default_gust,correction_on,10.45,0.802,2.004,0.38,0.76,-0.019,-0.038,-0.086,-0.245,0.203,0.79,0.55
default_gust,correction_on,10.50,0.800,2.000,0.33,0.67,-0.017,-0.033,-0.089,-0.245,0.204,0.69,0.51
default_gust,correction_on,10.55,0.802,2.004,0.32,0.60,-0.016,-0.030,-0.094,-0.244,0.206,0.59,0.47
default_gust,correction_on,10.60,0.807,2.016,0.33,0.57,-0.016,-0.029,-0.097,-0.244,0.207,0.51,0.46
default_gust,correction_on,10.65,0.815,2.037,0.35,0.58,-0.017,-0.029,-0.102,-0.242,0.208,0.44,0.45
default_gust,correction_on,10.70,0.826,2.066,0.38,0.59,-0.019,-0.030,-0.104,-0.240,0.208,0.39,0.47
default_gust,correction_on,10.75,0.841,2.102,0.43,0.62,-0.022,-0.031,-0.108,-0.238,0.207,0.36,0.50
default_gust,correction_on,10.80,0.859,2.147,0.50,0.67,-0.025,-0.034,-0.110,-0.236,0.207,0.35,0.54
default_gust,correction_on,10.85,0.880,2.199,0.59,0.78,-0.030,-0.039,-0.114,-0.231,0.205,0.35,0.59
default_gust,correction_on,10.90,0.904,2.259,0.71,0.93,-0.035,-0.047,-0.116,-0.229,0.204,0.37,0.65
default_gust,correction_on,10.95,0.931,2.327,0.82,1.11,-0.041,-0.056,-0.119,-0.224,0.202,0.39,0.73
default_gust,correction_on,11.00,0.961,2.402,0.82,1.12,-0.041,-0.056,0.033,-0.087,0.041,1.53,1.19
default_gust,correction_on,11.05,0.994,2.484,0.71,0.99,-0.035,-0.049,0.033,-0.087,0.041,1.53,1.19
default_gust,correction_on,11.10,1.029,2.573,0.60,0.84,-0.030,-0.042,0.033,-0.088,0.042,1.51,1.17
default_gust,correction_on,11.15,1.067,2.669,0.50,0.71,-0.025,-0.036,0.033,-0.090,0.043,1.50,1.17
default_gust,correction_on,11.20,1.108,2.771,0.44,0.62,-0.022,-0.031,0.033,-0.091,0.044,1.48,1.16
default_gust,correction_on,11.25,1.151,2.879,0.40,0.55,-0.020,-0.028,0.033,-0.093,0.045,1.46,1.15
default_gust,correction_on,11.30,1.197,2.993,0.39,0.51,-0.020,-0.026,0.033,-0.093,0.045,1.44,1.13
default_gust,correction_on,11.35,1.245,3.112,0.40,0.49,-0.020,-0.025,0.033,-0.095,0.047,1.42,1.11
default_gust,correction_on,11.40,1.295,3.237,0.41,0.47,-0.021,-0.024,0.033,-0.096,0.047,1.39,1.09
default_gust,correction_on,11.45,1.346,3.366,0.43,0.46,-0.022,-0.023,0.034,-0.097,0.049,1.37,1.08
default_gust,correction_on,11.50,1.400,3.500,0.46,0.45,-0.023,-0.022,0.034,-0.098,0.049,1.35,1.07
default_gust,correction_on,11.55,1.455,3.638,0.49,0.45,-0.025,-0.022,0.035,-0.099,0.051,1.34,1.06
default_gust,correction_on,11.60,1.512,3.780,0.53,0.46,-0.027,-0.023,0.035,-0.100,0.052,1.34,1.06
default_gust,correction_on,11.65,1.570,3.925,0.59,0.48,-0.029,-0.024,0.036,-0.101,0.053,1.34,1.05
default_gust,correction_on,11.70,1.629,4.073,0.65,0.51,-0.032,-0.025,0.036,-0.102,0.054,1.35,1.05
default_gust,correction_on,11.75,1.689,4.224,0.72,0.55,-0.036,-0.028,0.037,-0.103,0.055,1.36,1.06
default_gust,correction_on,11.80,1.751,4.376,0.79,0.61,-0.040,-0.030,0.037,-0.104,0.056,1.38,1.06
default_gust,correction_on,11.85,1.812,4.531,0.86,0.66,-0.043,-0.033,0.038,-0.105,0.057,1.40,1.07
default_gust,correction_on,11.90,1.875,4.686,0.92,0.70,-0.046,-0.035,0.039,-0.105,0.058,1.43,1.08
default_gust,correction_on,11.95,1.937,4.843,0.98,0.77,-0.049,-0.039,0.040,-0.106,0.059,1.45,1.09
default_gust,correction_on,12.00,2.000,5.000,1.17,0.95,-0.058,-0.047,0.102,0.051,0.151,2.89,3.15
default_gust,correction_on,12.05,2.063,5.157,1.41,1.16,-0.071,-0.058,0.102,0.051,0.151,2.89,3.15
default_gust,correction_on,12.10,2.125,5.314,1.67,1.37,-0.084,-0.069,0.103,0.052,0.152,2.90,3.14
default_gust,correction_on,12.15,2.188,5.469,1.94,1.58,-0.097,-0.079,0.104,0.053,0.154,2.91,3.13
default_gust,correction_on,12.20,2.249,5.624,2.19,1.78,-0.110,-0.089,0.105,0.053,0.155,2.93,3.14
default_gust,correction_on,12.25,2.311,5.776,2.44,1.98,-0.122,-0.099,0.105,0.054,0.155,2.97,3.16
default_gust,correction_on,12.30,2.371,5.927,2.67,2.19,-0.133,-0.110,0.105,0.054,0.155,3.00,3.18
default_gust,correction_on,12.35,2.430,6.075,2.87,2.39,-0.144,-0.120,0.104,0.055,0.155,3.06,3.21
default_gust,correction_on,12.40,2.488,6.220,3.06,2.59,-0.153,-0.129,0.104,0.055,0.155,3.09,3.23
default_gust,correction_on,12.45,2.545,6.362,3.22,2.77,-0.161,-0.138,0.102,0.055,0.155,3.15,3.27
default_gust,correction_on,12.50,2.600,6.500,3.36,2.93,-0.168,-0.146,0.102,0.056,0.155,3.18,3.29
default_gust,correction_on,12.55,2.654,6.634,3.46,3.06,-0.173,-0.153,0.100,0.055,0.153,3.21,3.33
default_gust,correction_on,12.60,2.705,6.763,3.53,3.17,-0.177,-0.158,0.100,0.054,0.152,3.22,3.35
default_gust,correction_on,12.65,2.755,6.888,3.58,3.25,-0.179,-0.163,0.098,0.053,0.150,3.24,3.38
default_gust,correction_on,12.70,2.803,7.007,3.61,3.31,-0.180,-0.165,0.097,0.051,0.148,3.24,3.39
default_gust,correction_on,12.75,2.849,7.121,3.60,3.34,-0.180,-0.167,0.095,0.048,0.144,3.23,3.39
default_gust,correction_on,12.80,2.892,7.229,3.57,3.37,-0.179,-0.168,0.094,0.046,0.142,3.22,3.38
default_gust,correction_on,12.85,2.933,7.331,3.52,3.38,-0.176,-0.169,0.090,0.042,0.137,3.19,3.36
default_gust,correction_on,12.90,2.971,7.427,3.45,3.37,-0.173,-0.168,0.089,0.041,0.135,3.16,3.33
default_gust,correction_on,12.95,3.006,7.516,3.37,3.35,-0.169,-0.167,0.085,0.036,0.129,3.11,3.28
default_gust,correction_on,13.00,3.039,7.598,3.55,3.37,-0.177,-0.169,0.049,0.100,0.168,3.99,4.79
default_gust,correction_on,13.05,3.069,7.673,3.86,3.47,-0.193,-0.173,0.049,0.100,0.168,3.99,4.79
default_gust,correction_on,13.10,3.096,7.741,4.21,3.60,-0.210,-0.180,0.051,0.102,0.170,4.02,4.79
default_gust,correction_on,13.15,3.120,7.801,4.56,3.75,-0.228,-0.187,0.055,0.104,0.174,4.04,4.78
default_gust,correction_on,13.20,3.141,7.853,4.87,3.90,-0.243,-0.195,0.057,0.105,0.175,4.07,4.78
default_gust,correction_on,13.25,3.159,7.898,5.12,4.06,-0.256,-0.203,0.060,0.106,0.178,4.11,4.78
default_gust,correction_on,13.30,3.174,7.934,5.33,4.23,-0.267,-0.211,0.062,0.107,0.179,4.18,4.79
default_gust,correction_on,13.35,3.185,7.963,5.48,4.38,-0.274,-0.219,0.065,0.107,0.181,4.25,4.80
default_gust,correction_on,13.40,3.193,7.984,5.59,4.54,-0.279,-0.227,0.067,0.107,0.181,4.34,4.81
default_gust,correction_on,13.45,3.198,7.996,5.64,4.68,-0.282,-0.234,0.069,0.107,0.181,4.43,4.83
default_gust,correction_on,13.50,3.200,8.000,5.64,4.81,-0.282,-0.241,0.071,0.106,0.181,4.50,4.84
default_gust,correction_on,13.55,3.198,7.996,5.60,4.93,-0.280,-0.246,0.073,0.104,0.181,4.56,4.85
default_gust,correction_on,13.60,3.193,7.984,5.54,5.03,-0.277,-0.252,0.074,0.103,0.180,4.61,4.85
default_gust,correction_on,13.65,3.185,7.963,5.44,5.13,-0.272,-0.256,0.076,0.100,0.178,4.64,4.85
default_gust,correction_on,13.70,3.174,7.934,5.30,5.13,-0.265,-0.257,0.077,0.099,0.177,4.65,4.84
default_gust,correction_on,13.75,3.159,7.898,5.12,5.07,-0.256,-0.254,0.078,0.095,0.175,4.64,4.83
default_gust,correction_on,13.80,3.141,7.853,4.93,4.97,-0.247,-0.248,0.079,0.093,0.173,4.62,4.81
default_gust,correction_on,13.85,3.120,7.801,4.75,4.83,-0.238,-0.241,0.080,0.089,0.170,4.59,4.79
default_gust,correction_on,13.90,3.096,7.741,4.62,4.76,-0.231,-0.238,0.080,0.086,0.167,4.54,4.75
default_gust,correction_on,13.95,3.069,7.673,4.53,4.76,-0.227,-0.238,0.080,0.081,0.163,4.48,4.71
default_gust,correction_on,14.00,3.039,7.598,4.47,4.79,-0.224,-0.239,0.011,-0.006,0.056,3.87,4.40
default_gust,correction_on,14.05,3.006,7.516,4.44,4.84,-0.222,-0.242,0.011,-0.006,0.056,3.87,4.40
default_gust,correction_on,14.10,2.971,7.427,4.41,4.89,-0.221,-0.245,0.010,-0.008,0.054,3.89,4.37
default_gust,correction_on,14.15,2.933,7.331,4.39,4.94,-0.220,-0.247,0.010,-0.009,0.053,3.90,4.35
default_gust,correction_on,14.20,2.892,7.229,4.37,4.99,-0.219,-0.249,0.010,-0.011,0.052,3.92,4.33
default_gust,correction_on,14.25,2.849,7.121,4.36,5.02,-0.218,-0.251,0.010,-0.011,0.051,3.92,4.31
default_gust,correction_on,14.30,2.803,7.007,4.34,5.04,-0.217,-0.252,0.010,-0.012,0.050,3.93,4.30
default_gust,correction_on,14.35,2.755,6.888,4.32,5.05,-0.216,-0.253,0.010,-0.013,0.050,3.93,4.30
default_gust,correction_on,14.40,2.705,6.763,4.30,5.06,-0.215,-0.253,0.010,-0.014,0.049,3.93,4.30
default_gust,correction_on,14.45,2.654,6.634,4.27,5.07,-0.214,-0.254,0.010,-0.014,0.048,3.93,4.30
default_gust,correction_on,14.50,2.600,6.500,4.25,5.08,-0.213,-0.254,0.009,-0.015,0.047,3.94,4.30
default_gust,correction_on,14.55,2.545,6.362,4.23,5.03,-0.211,-0.252,0.009,-0.015,0.047,3.93,4.30
default_gust,correction_on,14.60,2.488,6.220,4.20,4.95,-0.210,-0.247,0.009,-0.017,0.045,3.93,4.30
default_gust,correction_on,14.65,2.430,6.075,4.18,4.83,-0.209,-0.241,0.008,-0.017,0.045,3.92,4.30
default_gust,correction_on,14.70,2.371,5.927,4.16,4.70,-0.208,-0.235,0.008,-0.019,0.043,3.92,4.30
default_gust,correction_on,14.75,2.311,5.776,4.14,4.57,-0.207,-0.229,0.008,-0.020,0.042,3.91,4.29
default_gust,correction_on,14.80,2.249,5.624,4.12,4.46,-0.206,-0.223,0.008,-0.022,0.039,3.90,4.27
default_gust,correction_on,14.85,2.188,5.469,4.11,4.38,-0.206,-0.219,0.008,-0.024,0.038,3.89,4.24
default_gust,correction_on,14.90,2.125,5.314,4.12,4.35,-0.206,-0.217,0.008,-0.026,0.036,3.89,4.20
default_gust,correction_on,14.95,2.063,5.157,4.13,4.41,-0.207,-0.220,0.008,-0.027,0.035,3.88,4.16
default_gust,correction_on,15.00,2.000,5.000,4.06,4.43,-0.203,-0.222,-0.069,-0.160,0.121,2.69,2.59
default_gust,correction_on,15.05,1.937,4.843,3.92,4.43,-0.196,-0.222,-0.069,-0.160,0.121,2.69,2.59
default_gust,correction_on,15.10,1.875,4.686,3.76,4.36,-0.188,-0.218,-0.070,-0.161,0.122,2.67,2.58
default_gust,correction_on,15.15,1.812,4.531,3.59,4.24,-0.179,-0.212,-0.072,-0.162,0.124,2.66,2.58
default_gust,correction_on,15.20,1.751,4.376,3.42,4.07,-0.171,-0.203,-0.074,-0.163,0.126,2.64,2.58
default_gust,correction_on,15.25,1.689,4.224,3.25,3.87,-0.163,-0.193,-0.076,-0.164,0.128,2.61,2.58
default_gust,correction_on,15.30,1.629,4.073,3.09,3.67,-0.155,-0.183,-0.077,-0.164,0.129,2.58,2.58
default_gust,correction_on,15.35,1.570,3.925,2.94,3.47,-0.147,-0.174,-0.078,-0.164,0.130,2.53,2.57
default_gust,correction_on,15.40,1.512,3.780,2.80,3.29,-0.140,-0.164,-0.079,-0.164,0.130,2.48,2.55
default_gust,correction_on,15.45,1.455,3.638,2.68,3.12,-0.134,-0.156,-0.080,-0.164,0.131,2.43,2.53
default_gust,correction_on,15.50,1.400,3.500,2.59,2.97,-0.129,-0.148,-0.080,-0.164,0.130,2.38,2.50
default_gust,correction_on,15.55,1.346,3.366,2.52,2.84,-0.126,-0.142,-0.080,-0.163,0.130,2.33,2.47
default_gust,correction_on,15.60,1.295,3.237,2.49,2.74,-0.124,-0.137,-0.080,-0.162,0.130,2.29,2.45
default_gust,correction_on,15.65,1.245,3.112,2.49,2.67,-0.124,-0.133,-0.080,-0.161,0.128,2.26,2.42
default_gust,correction_on,15.70,1.197,2.993,2.52,2.62,-0.126,-0.131,-0.079,-0.160,0.127,2.24,2.40
default_gust,correction_on,15.75,1.151,2.879,2.58,2.60,-0.129,-0.130,-0.078,-0.157,0.124,2.23,2.38
default_gust,correction_on,15.80,1.108,2.771,2.65,2.62,-0.133,-0.131,-0.078,-0.155,0.122,2.23,2.37
default_gust,correction_on,15.85,1.067,2.669,2.75,2.69,-0.137,-0.134,-0.076,-0.151,0.118,2.24,2.38
default_gust,correction_on,15.90,1.029,2.573,2.85,2.80,-0.142,-0.140,-0.075,-0.149,0.116,2.26,2.39
default_gust,correction_on,15.95,0.994,2.484,2.94,2.95,-0.147,-0.147,-0.073,-0.145,0.112,2.30,2.42
default_gust,correction_on,16.00,0.961,2.402,2.82,2.82,-0.141,-0.141,-0.056,-0.213,0.162,1.53,0.81
default_gust,correction_on,16.05,0.931,2.327,2.51,2.51,-0.125,-0.126,-0.056,-0.213,0.162,1.53,0.81
default_gust,correction_on,16.10,0.904,2.259,2.15,2.18,-0.107,-0.109,-0.060,-0.217,0.167,1.48,0.81
default_gust,correction_on,16.15,0.880,2.199,1.77,1.85,-0.088,-0.092,-0.063,-0.218,0.169,1.43,0.80
default_gust,correction_on,16.20,0.859,2.147,1.42,1.55,-0.071,-0.078,-0.068,-0.221,0.174,1.36,0.78
default_gust,correction_on,16.25,0.841,2.102,1.12,1.28,-0.056,-0.064,-0.070,-0.222,0.176,1.27,0.76
default_gust,correction_on,16.30,0.826,2.066,0.86,1.05,-0.043,-0.052,-0.075,-0.224,0.179,1.16,0.72
default_gust,correction_on,16.35,0.815,2.037,0.66,0.84,-0.033,-0.042,-0.077,-0.225,0.181,1.05,0.68
default_gust,correction_on,16.40,0.807,2.016,0.50,0.68,-0.025,-0.034,-0.081,-0.226,0.184,0.92,0.63
default_gust,correction_on,16.45,0.802,2.004,0.39,0.54,-0.020,-0.027,-0.083,-0.226,0.185,0.80,0.59
default_gust,correction_on,16.50,0.800,2.000,0.33,0.45,-0.017,-0.023,-0.087,-0.227,0.187,0.69,0.55
default_gust,correction_on,16.55,0.802,2.004,0.31,0.40,-0.016,-0.020,-0.088,-0.226,0.188,0.61,0.53
default_gust,correction_on,16.60,0.807,2.016,0.32,0.40,-0.016,-0.020,-0.092,-0.226,0.189,0.53,0.51
default_gust,correction_on,16.65,0.815,2.037,0.36,0.43,-0.018,-0.022,-0.093,-0.225,0.189,0.48,0.51
default_gust,correction_on,16.70,0.826,2.066,0.40,0.47,-0.020,-0.023,-0.096,-0.224,0.189,0.45,0.52
default_gust,correction_on,16.75,0.841,2.102,0.46,0.51,-0.023,-0.025,-0.097,-0.222,0.189,0.44,0.54
default_gust,correction_on,16.80,0.859,2.147,0.54,0.57,-0.027,-0.028,-0.100,-0.219,0.187,0.45,0.58
default_gust,correction_on,16.85,0.880,2.199,0.64,0.67,-0.032,-0.033,-0.100,-0.217,0.186,0.47,0.62
default_gust,correction_on,16.90,0.904,2.259,0.77,0.82,-0.039,-0.041,-0.102,-0.213,0.183,0.50,0.68
default_gust,correction_on,16.95,0.931,2.327,0.90,0.99,-0.045,-0.050,-0.102,-0.211,0.182,0.54,0.75
default_gust,correction_on,17.00,0.961,2.402,0.92,1.02,-0.046,-0.051,0.024,-0.088,0.035,1.59,1.23
default_gust,correction_on,17.05,0.994,2.484,0.84,0.94,-0.042,-0.047,0.024,-0.088,0.035,1.59,1.23
default_gust,correction_on,17.10,1.029,2.573,0.75,0.83,-0.037,-0.042,0.025,-0.090,0.037,1.58,1.21
default_gust,correction_on,17.15,1.067,2.669,0.67,0.74,-0.033,-0.037,0.025,-0.091,0.038,1.57,1.20
default_gust,correction_on,17.20,1.108,2.771,0.62,0.67,-0.031,-0.034,0.026,-0.093,0.040,1.56,1.19
default_gust,correction_on,17.25,1.151,2.879,0.61,0.65,-0.031,-0.032,0.026,-0.094,0.041,1.55,1.18
default_gust,correction_on,17.30,1.197,2.993,0.63,0.65,-0.032,-0.032,0.027,-0.096,0.043,1.53,1.17
default_gust,correction_on,17.35,1.245,3.112,0.66,0.65,-0.033,-0.033,0.027,-0.098,0.045,1.52,1.14
default_gust,correction_on,17.40,1.295,3.237,0.70,0.66,-0.035,-0.033,0.027,-0.100,0.047,1.50,1.13
default_gust,correction_on,17.45,1.346,3.366,0.73,0.67,-0.037,-0.033,0.027,-0.101,0.048,1.49,1.10
default_gust,correction_on,17.50,1.400,3.500,0.77,0.67,-0.038,-0.033,0.026,-0.104,0.049,1.48,1.09
default_gust,correction_on,17.55,1.455,3.638,0.80,0.67,-0.040,-0.033,0.025,-0.106,0.050,1.46,1.07
default_gust,correction_on,17.60,1.512,3.780,0.82,0.66,-0.041,-0.033,0.023,-0.108,0.052,1.45,1.06
default_gust,correction_on,17.65,1.570,3.925,0.85,0.65,-0.042,-0.033,0.022,-0.109,0.052,1.44,1.05
default_gust,correction_on,17.70,1.629,4.073,0.88,0.65,-0.044,-0.033,0.020,-0.110,0.053,1.43,1.04
default_gust,correction_on,17.75,1.689,4.224,0.90,0.66,-0.045,-0.033,0.018,-0.111,0.053,1.41,1.03
default_gust,correction_on,17.80,1.751,4.376,0.93,0.68,-0.046,-0.034,0.014,-0.113,0.053,1.40,1.03
default_gust,correction_on,17.85,1.812,4.531,0.94,0.69,-0.047,-0.035,0.012,-0.113,0.053,1.38,1.03
default_gust,correction_on,17.90,1.875,4.686,0.96,0.72,-0.048,-0.036,0.009,-0.114,0.054,1.35,1.03
default_gust,correction_on,17.95,1.937,4.843,0.97,0.76,-0.049,-0.038,0.007,-0.115,0.054,1.33,1.04
