condition_idx,wind_vx_m_s,wind_vy_m_s,t_s,regime,t_since_transition_s,cmd_north_m,cmd_east_m,actual_north_m,actual_east_m,actual_down_m,vn_m_s,ve_m_s,vd_m_s,roll_deg,pitch_deg,yaw_deg,wx_rad_s,wy_rad_s,wz_rad_s,actuator0,actuator1,actuator2,actuator3
0,-3.397,1.209,0.00,gust,0.00,2.489,-1.645,2.609,-1.957,-1.604,-0.123,0.061,-0.042,0.81,-4.98,123.43,-0.0043,0.0151,0.0083,761.9756,774.7540,762.7265,774.3237
0,-3.284,1.322,0.05,gust,0.05,2.489,-1.645,2.605,-1.956,-1.604,-0.122,0.062,-0.042,0.80,-4.94,123.47,-0.0058,0.0132,0.0075,761.6098,774.6930,763.5095,774.2269
0,-3.171,1.435,0.10,gust,0.10,2.489,-1.645,2.598,-1.953,-1.605,-0.118,0.065,-0.042,0.78,-4.90,123.52,-0.0064,0.0133,0.0070,761.8118,774.1008,763.8013,774.8168
0,-3.058,1.547,0.15,gust,0.15,2.489,-1.645,2.594,-1.951,-1.605,-0.115,0.066,-0.043,0.76,-4.86,123.55,-0.0084,0.0103,0.0050,761.2795,774.3625,763.8505,775.4260
0,-2.947,1.658,0.20,gust,0.20,2.489,-1.645,2.589,-1.949,-1.605,-0.110,0.067,-0.043,0.73,-4.83,123.58,-0.0098,0.0074,0.0045,761.0391,774.5330,764.4236,775.5140
0,-2.837,1.768,0.25,gust,0.25,2.489,-1.645,2.586,-1.947,-1.605,-0.107,0.068,-0.043,0.71,-4.81,123.59,-0.0075,0.0054,0.0029,760.9658,774.5591,764.4952,775.7452
0,-2.728,1.877,0.30,gust,0.30,2.489,-1.645,2.581,-1.945,-1.606,-0.102,0.070,-0.044,0.69,-4.79,123.60,-0.0075,0.0046,0.0004,761.0784,774.4983,764.5243,775.7672
0,-2.622,1.984,0.35,gust,0.35,2.489,-1.645,2.578,-1.943,-1.606,-0.099,0.070,-0.044,0.67,-4.78,123.59,-0.0062,0.0026,-0.0003,761.2349,774.4601,764.3839,775.7656
0,-2.517,2.088,0.40,gust,0.40,2.489,-1.645,2.573,-1.941,-1.607,-0.093,0.071,-0.045,0.66,-4.77,123.59,-0.0034,0.0015,-0.0008,761.4435,774.3566,764.2922,775.4373
0,-2.415,2.191,0.45,gust,0.45,2.489,-1.645,2.571,-1.940,-1.607,-0.090,0.072,-0.045,0.65,-4.77,123.57,-0.0023,-0.0002,-0.0023,761.5262,774.5189,764.2212,775.1608
0,-2.315,2.290,0.50,gust,0.50,2.489,-1.645,2.568,-1.938,-1.608,-0.084,0.073,-0.046,0.64,-4.77,123.55,-0.0011,-0.0012,-0.0038,761.8790,774.5641,763.8641,774.9200
0,-2.219,2.387,0.55,gust,0.55,2.489,-1.645,2.565,-1.937,-1.609,-0.080,0.073,-0.046,0.64,-4.77,123.53,0.0004,-0.0022,-0.0036,761.9757,774.8842,763.4666,774.6083
0,-2.125,2.480,0.60,gust,0.60,2.489,-1.645,2.562,-1.935,-1.610,-0.075,0.074,-0.046,0.65,-4.78,123.51,0.0007,-0.0032,-0.0037,762.3072,774.7860,762.9875,774.2827
0,-2.035,2.570,0.65,gust,0.65,2.489,-1.645,2.561,-1.934,-1.611,-0.072,0.074,-0.046,0.65,-4.78,123.48,0.0022,-0.0053,-0.0042,762.3829,774.9099,762.7319,773.9200
0,-1.949,2.656,0.70,gust,0.70,2.489,-1.645,2.558,-1.932,-1.612,-0.067,0.075,-0.046,0.66,-4.80,123.46,0.0018,-0.0047,-0.0054,762.6067,774.8645,762.3458,773.5748
0,-1.867,2.738,0.75,gust,0.75,2.489,-1.645,2.556,-1.931,-1.613,-0.064,0.076,-0.046,0.67,-4.81,123.44,0.0024,-0.0044,-0.0046,762.8415,774.9039,761.8016,773.5406
0,-1.789,2.816,0.80,gust,0.80,2.489,-1.645,2.553,-1.930,-1.614,-0.059,0.076,-0.046,0.68,-4.82,123.42,0.0024,-0.0051,-0.0052,762.8756,775.2394,761.8559,773.0896
0,-1.716,2.890,0.85,gust,0.85,2.489,-1.645,2.552,-1.928,-1.615,-0.057,0.077,-0.045,0.68,-4.83,123.40,0.0021,-0.0044,-0.0033,762.7195,775.7924,761.3528,773.3410
0,-1.647,2.959,0.90,gust,0.90,2.489,-1.645,2.550,-1.926,-1.615,-0.053,0.078,-0.044,0.69,-4.84,123.38,0.0025,-0.0053,-0.0023,763.2384,775.7163,761.6404,773.1312
0,-1.583,3.023,0.95,gust,0.95,2.489,-1.645,2.548,-1.924,-1.616,-0.051,0.079,-0.044,0.70,-4.85,123.36,0.0010,-0.0038,-0.0025,763.6683,775.5880,761.7039,773.1401
0,-1.523,3.082,1.00,gust,1.00,2.489,-1.645,2.594,-1.662,-1.635,-0.023,0.067,-0.043,2.85,-4.09,123.48,-0.0147,0.0050,-0.0051,760.9586,776.4287,767.6615,769.3932
0,-1.469,3.136,1.05,gust,1.05,2.489,-1.645,2.594,-1.662,-1.635,-0.023,0.067,-0.043,2.85,-4.09,123.48,-0.0147,0.0050,-0.0051,760.9586,776.4287,767.6615,769.3932
0,-1.421,3.185,1.10,gust,1.10,2.489,-1.645,2.591,-1.662,-1.634,-0.024,0.063,-0.043,2.81,-4.07,123.47,-0.0153,0.0021,-0.0050,760.7375,777.0466,767.5585,769.3953
0,-1.377,3.228,1.15,gust,1.15,2.489,-1.645,2.587,-1.662,-1.634,-0.024,0.056,-0.043,2.77,-4.07,123.46,-0.0148,-0.0013,-0.0046,761.0358,777.1711,767.4416,769.4600
0,-1.339,3.266,1.20,gust,1.20,2.489,-1.645,2.585,-1.663,-1.634,-0.024,0.052,-0.043,2.73,-4.07,123.46,-0.0139,-0.0040,-0.0038,761.0790,777.4446,767.4667,769.3458
0,-1.307,3.298,1.25,gust,1.25,2.489,-1.645,2.582,-1.663,-1.633,-0.023,0.046,-0.043,2.69,-4.08,123.45,-0.0146,-0.0059,-0.0041,761.0966,777.7770,767.6645,769.2667
0,-1.281,3.324,1.30,gust,1.30,2.489,-1.645,2.582,-1.663,-1.633,-0.023,0.046,-0.043,2.67,-4.09,123.45,-0.0133,-0.0092,-0.0033,761.8881,777.2593,768.0443,769.0991
0,-1.260,3.345,1.35,gust,1.35,2.489,-1.645,2.579,-1.664,-1.632,-0.022,0.040,-0.044,2.64,-4.11,123.44,-0.0135,-0.0089,-0.0045,761.7400,777.7607,768.1501,769.1776
0,-1.245,3.360,1.40,gust,1.40,2.489,-1.645,2.577,-1.664,-1.632,-0.021,0.038,-0.044,2.61,-4.13,123.44,-0.0108,-0.0100,-0.0037,761.8016,777.7549,768.0790,769.3622
0,-1.237,3.369,1.45,gust,1.45,2.489,-1.645,2.575,-1.666,-1.631,-0.019,0.033,-0.045,2.58,-4.16,123.44,-0.0109,-0.0101,-0.0026,761.7748,777.8636,768.1779,769.4468
0,-1.234,3.372,1.50,gust,1.50,2.489,-1.645,2.574,-1.666,-1.631,-0.018,0.031,-0.046,2.55,-4.19,123.43,-0.0087,-0.0103,-0.0024,761.7544,777.9514,768.3764,769.3292
0,-1.237,3.369,1.55,gust,1.55,2.489,-1.645,2.572,-1.667,-1.630,-0.015,0.028,-0.046,2.53,-4.21,123.43,-0.0065,-0.0116,-0.0025,762.1326,777.7185,768.8421,768.9891
0,-1.245,3.360,1.60,gust,1.60,2.489,-1.645,2.572,-1.667,-1.630,-0.014,0.027,-0.047,2.52,-4.24,123.43,-0.0035,-0.0090,-0.0029,761.9413,778.0601,768.4575,769.5168
0,-1.260,3.345,1.65,gust,1.65,2.489,-1.645,2.571,-1.667,-1.628,-0.010,0.026,-0.048,2.51,-4.27,123.43,-0.0012,-0.0084,-0.0016,762.1104,778.1764,768.7836,769.5833
0,-1.281,3.324,1.70,gust,1.70,2.489,-1.645,2.571,-1.667,-1.627,-0.009,0.026,-0.048,2.51,-4.29,123.43,0.0017,-0.0080,-0.0022,762.4811,778.2865,769.0389,769.8900
0,-1.307,3.298,1.75,gust,1.75,2.489,-1.645,2.571,-1.666,-1.625,-0.006,0.026,-0.049,2.52,-4.31,123.43,0.0053,-0.0069,-0.0017,762.5500,778.5327,769.1205,770.2524
0,-1.339,3.266,1.80,gust,1.80,2.489,-1.645,2.571,-1.666,-1.624,-0.005,0.027,-0.050,2.53,-4.33,123.43,0.0067,-0.0053,-0.0013,762.7708,778.4846,769.5250,770.3043
0,-1.377,3.228,1.85,gust,1.85,2.489,-1.645,2.571,-1.664,-1.622,-0.002,0.028,-0.052,2.55,-4.34,123.43,0.0101,-0.0045,-0.0007,762.9631,778.3549,769.6429,770.4337
0,-1.421,3.185,1.90,gust,1.90,2.489,-1.645,2.571,-1.663,-1.622,-0.002,0.028,-0.053,2.58,-4.35,123.43,0.0106,-0.0034,-0.0018,763.0966,778.0763,769.7774,770.2286
0,-1.469,3.136,1.95,gust,1.95,2.489,-1.645,2.571,-1.662,-1.620,-0.000,0.029,-0.055,2.61,-4.35,123.43,0.0102,-0.0004,-0.0008,762.6716,778.3584,769.4014,770.4583
0,-1.523,3.082,2.00,gust,2.00,2.489,-1.645,2.571,-1.661,-1.620,0.000,0.030,-0.056,2.64,-4.35,123.43,0.0102,0.0007,-0.0013,762.5273,778.3090,769.3794,770.2440
0,-1.583,3.023,2.05,gust,2.05,2.489,-1.645,2.571,-1.659,-1.618,0.001,0.030,-0.058,2.67,-4.35,123.42,0.0113,0.0019,-0.0015,762.6001,777.9036,768.8494,770.3229
0,-1.647,2.959,2.10,gust,2.10,2.489,-1.645,2.571,-1.658,-1.618,0.001,0.031,-0.059,2.69,-4.34,123.42,0.0090,0.0030,-0.0008,762.2657,777.9514,769.0309,769.9432
0,-1.716,2.890,2.15,gust,2.15,2.489,-1.645,2.570,-1.656,-1.617,0.000,0.031,-0.060,2.72,-4.33,123.41,0.0090,0.0021,-0.0009,762.4917,777.5449,768.7450,769.9679
0,-1.789,2.816,2.20,gust,2.20,2.489,-1.645,2.570,-1.655,-1.617,0.000,0.031,-0.061,2.75,-4.32,123.41,0.0072,0.0040,-0.0010,762.0552,777.9188,768.5621,769.9503
0,-1.867,2.738,2.25,gust,2.25,2.489,-1.645,2.569,-1.652,-1.616,-0.001,0.030,-0.062,2.77,-4.31,123.40,0.0071,0.0038,-0.0011,761.9814,777.7113,768.1995,769.9304
0,-1.949,2.656,2.30,gust,2.30,2.489,-1.645,2.569,-1.651,-1.616,-0.001,0.030,-0.063,2.78,-4.30,123.40,0.0051,0.0034,-0.0005,762.2231,777.3690,768.5558,769.4770
0,-2.035,2.570,2.35,gust,2.35,2.489,-1.645,2.568,-1.649,-1.615,-0.002,0.030,-0.064,2.80,-4.29,123.39,0.0032,0.0046,-0.0003,761.7438,777.7395,768.3341,769.4943
0,-2.125,2.480,2.40,gust,2.40,2.489,-1.645,2.567,-1.648,-1.615,-0.002,0.029,-0.064,2.81,-4.28,123.39,0.0032,0.0043,-0.0003,761.9762,777.3091,768.3849,769.2136
0,-2.219,2.387,2.45,gust,2.45,2.489,-1.645,2.566,-1.646,-1.616,-0.004,0.028,-0.065,2.82,-4.26,123.39,0.0014,0.0046,-0.0001,761.5814,777.3988,768.1136,769.2236
0,-2.315,2.290,2.50,gust,2.50,2.489,-1.645,2.565,-1.646,-1.616,-0.004,0.027,-0.065,2.82,-4.25,123.39,0.0010,0.0042,0.0004,761.4517,777.2889,768.0529,769.1660
0,-2.415,2.191,2.55,gust,2.55,2.489,-1.645,2.564,-1.644,-1.616,-0.004,0.025,-0.065,2.82,-4.23,123.39,-0.0001,0.0044,0.0005,761.0820,777.2881,767.8610,769.0378
0,-2.517,2.088,2.60,gust,2.60,2.489,-1.645,2.564,-1.644,-1.616,-0.005,0.024,-0.066,2.82,-4.23,123.39,-0.0009,0.0029,0.0002,761.0250,776.9664,767.7372,768.7980
0,-2.622,1.984,2.65,gust,2.65,2.489,-1.645,2.563,-1.643,-1.617,-0.005,0.022,-0.066,2.82,-4.22,123.39,-0.0008,0.0021,0.0004,761.1685,776.4420,767.5756,768.6030
0,-2.728,1.877,2.70,gust,2.70,2.489,-1.645,2.563,-1.642,-1.618,-0.005,0.021,-0.066,2.82,-4.21,123.40,-0.0016,0.0007,-0.0002,760.5544,776.7225,767.4464,768.4410
0,-2.837,1.768,2.75,gust,2.75,2.489,-1.645,2.562,-1.642,-1.619,-0.005,0.018,-0.065,2.82,-4.21,123.40,-0.0020,-0.0012,0.0006,760.5667,776.4714,767.5356,768.2372
0,-2.947,1.658,2.80,gust,2.80,2.489,-1.645,2.563,-1.641,-1.620,-0.004,0.017,-0.065,2.82,-4.22,123.41,-0.0005,-0.0021,0.0001,760.4808,776.2390,767.6468,768.1749
0,-3.058,1.547,2.85,gust,2.85,2.489,-1.645,2.563,-1.640,-1.621,-0.004,0.015,-0.064,2.81,-4.22,123.42,0.0007,-0.0034,0.0012,760.2247,776.1365,767.3914,768.3019
0,-3.171,1.435,2.90,gust,2.90,2.489,-1.645,2.563,-1.640,-1.621,-0.003,0.014,-0.064,2.82,-4.23,123.42,0.0019,-0.0026,0.0018,760.1790,776.2150,767.3739,768.4257
0,-3.284,1.322,2.95,gust,2.95,2.489,-1.645,2.563,-1.639,-1.622,-0.003,0.013,-0.062,2.82,-4.24,123.43,0.0004,-0.0043,0.0002,760.4527,775.9129,767.7172,768.2606
0,-3.397,1.209,3.00,gust,3.00,2.489,-1.645,2.417,-1.742,-1.636,-0.026,-0.042,-0.043,0.53,-4.89,123.45,0.0060,0.0041,0.0004,763.2983,775.4550,764.3234,774.7542
0,-3.510,1.095,3.05,gust,3.05,2.489,-1.645,2.417,-1.742,-1.636,-0.026,-0.042,-0.043,0.53,-4.89,123.45,0.0060,0.0041,0.0004,763.2983,775.4550,764.3234,774.7542
0,-3.623,0.982,3.10,gust,3.10,2.489,-1.645,2.416,-1.742,-1.635,-0.022,-0.034,-0.043,0.55,-4.88,123.45,0.0081,0.0052,-0.0005,763.8474,775.2477,764.5457,774.8601
0,-3.735,0.870,3.15,gust,3.15,2.489,-1.645,2.415,-1.742,-1.634,-0.020,-0.031,-0.044,0.57,-4.86,123.45,0.0081,0.0071,-0.0005,763.6047,775.8287,764.4211,775.2139
0,-3.846,0.759,3.20,gust,3.20,2.489,-1.645,2.414,-1.741,-1.632,-0.015,-0.023,-0.045,0.59,-4.84,123.46,0.0079,0.0078,-0.0009,763.9309,775.8269,764.7568,775.1807
0,-3.957,0.649,3.25,gust,3.25,2.489,-1.645,2.414,-1.741,-1.631,-0.013,-0.019,-0.045,0.61,-4.82,123.46,0.0082,0.0066,-0.0010,764.3247,775.7852,764.8943,775.2285
0,-4.065,0.540,3.30,gust,3.30,2.489,-1.645,2.414,-1.740,-1.630,-0.010,-0.013,-0.047,0.64,-4.80,123.46,0.0087,0.0083,-0.0014,764.0245,776.3025,764.6533,775.5284
0,-4.172,0.433,3.35,gust,3.35,2.489,-1.645,2.414,-1.739,-1.629,-0.008,-0.010,-0.048,0.66,-4.78,123.46,0.0091,0.0098,-0.0013,763.9098,776.4315,764.3892,775.8093
0,-4.277,0.329,3.40,gust,3.40,2.489,-1.645,2.414,-1.737,-1.627,-0.004,-0.004,-0.049,0.69,-4.75,123.46,0.0095,0.0097,-0.0018,764.2502,776.1713,764.5084,775.7090
0,-4.379,0.226,3.45,gust,3.45,2.489,-1.645,2.414,-1.736,-1.627,-0.003,-0.001,-0.050,0.72,-4.73,123.46,0.0099,0.0091,-0.0027,764.2402,776.2341,764.5110,775.5626
0,-4.478,0.127,3.50,gust,3.50,2.489,-1.645,2.415,-1.734,-1.625,0.000,0.003,-0.052,0.75,-4.70,123.45,0.0106,0.0095,-0.0020,764.0235,776.4781,764.2207,775.7849
0,-4.575,0.030,3.55,gust,3.55,2.489,-1.645,2.416,-1.733,-1.625,0.002,0.005,-0.053,0.78,-4.68,123.45,0.0104,0.0073,-0.0013,764.3645,776.1158,764.2875,775.5638
0,-4.668,-0.063,3.60,gust,3.60,2.489,-1.645,2.417,-1.731,-1.624,0.005,0.008,-0.054,0.81,-4.66,123.44,0.0105,0.0065,-0.0026,764.3722,776.2636,764.0045,775.7358
0,-4.758,-0.153,3.65,gust,3.65,2.489,-1.645,2.418,-1.730,-1.623,0.007,0.009,-0.055,0.84,-4.64,123.44,0.0104,0.0057,-0.0016,764.3275,776.2463,763.9976,775.5863
0,-4.844,-0.239,3.70,gust,3.70,2.489,-1.645,2.421,-1.729,-1.622,0.009,0.010,-0.056,0.86,-4.63,123.43,0.0094,0.0035,-0.0024,764.1955,776.4192,763.9326,775.4055
0,-4.926,-0.321,3.75,gust,3.75,2.489,-1.645,2.422,-1.728,-1.622,0.010,0.011,-0.056,0.89,-4.62,123.42,0.0096,0.0016,-0.0026,764.5206,776.1815,763.7629,775.5000
0,-5.004,-0.399,3.80,gust,3.80,2.489,-1.645,2.425,-1.727,-1.621,0.013,0.012,-0.058,0.92,-4.61,123.41,0.0102,0.0003,-0.0020,764.4440,776.2609,763.5033,775.5022
0,-5.078,-0.473,3.85,gust,3.85,2.489,-1.645,2.427,-1.726,-1.621,0.014,0.012,-0.058,0.95,-4.62,123.40,0.0094,-0.0024,-0.0019,764.6160,776.0836,763.6888,775.1479
0,-5.147,-0.542,3.90,gust,3.90,2.489,-1.645,2.430,-1.726,-1.620,0.016,0.012,-0.059,0.97,-4.62,123.39,0.0078,-0.0027,-0.0023,764.3823,776.4705,763.4548,775.2150
0,-5.211,-0.606,3.95,gust,3.95,2.489,-1.645,2.432,-1.726,-1.620,0.017,0.012,-0.059,0.99,-4.63,123.37,0.0087,-0.0041,-0.0023,764.5982,776.5515,763.2735,775.3597
0,-5.270,-0.665,4.00,gust,4.00,2.489,-1.645,2.061,-1.572,-1.659,-0.052,-0.449,-0.031,-4.45,-0.94,124.20,-0.0244,-0.1479,-0.0477,771.2753,767.1248,759.7016,779.5244
0,-5.324,-0.719,4.05,gust,4.05,2.489,-1.645,2.061,-1.572,-1.659,-0.052,-0.449,-0.031,-4.45,-0.94,124.20,-0.0244,-0.1479,-0.0477,771.2753,767.1248,759.7016,779.5244
0,-5.373,-0.768,4.10,gust,4.10,2.489,-1.645,2.063,-1.592,-1.660,-0.024,-0.451,-0.031,-4.51,-1.38,124.20,-0.0122,-0.1456,-0.0480,770.6979,767.0255,759.8510,779.3810
0,-5.416,-0.811,4.15,gust,4.15,2.489,-1.645,2.068,-1.622,-1.662,0.018,-0.451,-0.031,-4.54,-1.79,124.19,-0.0016,-0.1427,-0.0488,770.3022,766.8918,759.4368,779.3551
0,-5.454,-0.849,4.20,gust,4.20,2.489,-1.645,2.072,-1.638,-1.663,0.038,-0.449,-0.031,-4.53,-2.21,124.17,0.0072,-0.1394,-0.0483,770.2202,766.8129,759.0972,779.3174
0,-5.486,-0.881,4.25,gust,4.25,2.489,-1.645,2.082,-1.671,-1.664,0.081,-0.442,-0.030,-4.49,-2.63,124.13,0.0168,-0.1335,-0.0494,770.0724,766.9277,758.8051,779.0986
0,-5.513,-0.907,4.30,gust,4.30,2.489,-1.645,2.088,-1.686,-1.665,0.098,-0.437,-0.030,-4.44,-3.00,124.10,0.0224,-0.1282,-0.0481,770.0019,767.2911,758.4966,778.7733
0,-5.533,-0.928,4.35,gust,4.35,2.489,-1.645,2.101,-1.714,-1.667,0.131,-0.424,-0.029,-4.37,-3.36,124.06,0.0289,-0.1229,-0.0477,769.7779,767.7158,757.8633,778.7096
0,-5.548,-0.943,4.40,gust,4.40,2.489,-1.645,2.107,-1.727,-1.667,0.146,-0.417,-0.029,-4.27,-3.72,124.01,0.0345,-0.1165,-0.0477,769.9201,767.9608,757.3768,778.3013
0,-5.557,-0.952,4.45,gust,4.45,2.489,-1.645,2.122,-1.753,-1.669,0.174,-0.399,-0.028,-4.16,-4.05,123.95,0.0396,-0.1089,-0.0463,770.4370,768.0872,756.8453,777.7800
0,-5.560,-0.955,4.50,gust,4.50,2.489,-1.645,2.131,-1.768,-1.670,0.189,-0.387,-0.027,-4.03,-4.37,123.88,0.0430,-0.1011,-0.0445,770.4791,768.7566,756.2664,777.3956
0,-5.557,-0.952,4.55,gust,4.55,2.489,-1.645,2.148,-1.790,-1.671,0.211,-0.366,-0.027,-3.90,-4.65,123.82,0.0469,-0.0942,-0.0429,770.1324,769.6970,755.2382,777.2264
0,-5.548,-0.943,4.60,gust,4.60,2.489,-1.645,2.156,-1.801,-1.672,0.221,-0.354,-0.026,-3.75,-4.93,123.76,0.0488,-0.0842,-0.0390,770.3365,770.0068,754.7842,776.5868
0,-5.533,-0.928,4.65,gust,4.65,2.489,-1.645,2.174,-1.820,-1.673,0.238,-0.329,-0.025,-3.60,-5.16,123.71,0.0526,-0.0765,-0.0382,770.8202,770.0018,754.6702,775.9379
0,-5.513,-0.907,4.70,gust,4.70,2.489,-1.645,2.185,-1.831,-1.674,0.247,-0.313,-0.024,-3.44,-5.38,123.67,0.0543,-0.0671,-0.0356,770.5633,770.5759,753.9536,776.0052
0,-5.486,-0.881,4.75,gust,4.75,2.489,-1.645,2.204,-1.846,-1.675,0.259,-0.287,-0.022,-3.28,-5.57,123.65,0.0558,-0.0600,-0.0311,770.3502,771.0815,753.6936,776.0425
0,-5.454,-0.849,4.80,gust,4.80,2.489,-1.645,2.214,-1.854,-1.675,0.264,-0.273,-0.021,-3.11,-5.74,123.64,0.0576,-0.0512,-0.0286,770.3897,770.9504,753.7830,776.0215
0,-5.416,-0.811,4.85,gust,4.85,2.489,-1.645,2.233,-1.866,-1.676,0.271,-0.246,-0.020,-2.94,-5.88,123.63,0.0578,-0.0429,-0.0270,770.0175,771.0349,753.9106,776.0895
0,-5.373,-0.768,4.90,gust,4.90,2.489,-1.645,2.245,-1.873,-1.677,0.275,-0.229,-0.019,-2.76,-6.01,123.63,0.0590,-0.0379,-0.0240,769.9075,770.9105,753.8204,776.3993
0,-5.324,-0.719,4.95,gust,4.95,2.489,-1.645,2.265,-1.883,-1.678,0.279,-0.202,-0.018,-2.60,-6.11,123.63,0.0581,-0.0301,-0.0219,769.2422,771.0134,753.9939,776.4780
0,-5.270,-0.665,5.00,gust,5.00,2.489,-1.645,2.275,-1.887,-1.679,0.280,-0.188,-0.017,-2.42,-6.20,123.63,0.0589,-0.0248,-0.0194,768.7808,770.8567,753.8793,776.9344
0,-5.211,-0.606,5.05,gust,5.05,2.489,-1.645,2.295,-1.893,-1.679,0.280,-0.162,-0.015,-2.26,-6.27,123.65,0.0578,-0.0190,-0.0189,768.2461,770.7905,753.9675,777.4036
0,-5.147,-0.542,5.10,gust,5.10,2.489,-1.645,2.307,-1.897,-1.680,0.279,-0.146,-0.014,-2.08,-6.32,123.66,0.0555,-0.0146,-0.0150,767.8875,770.5787,754.2358,777.5880
0,-5.078,-0.473,5.15,gust,5.15,2.489,-1.645,2.326,-1.901,-1.681,0.276,-0.122,-0.013,-1.93,-6.36,123.67,0.0543,-0.0083,-0.0157,767.5404,770.2191,754.6767,777.8370
0,-5.004,-0.399,5.20,gust,5.20,2.489,-1.645,2.336,-1.902,-1.681,0.274,-0.110,-0.012,-1.76,-6.39,123.68,0.0521,-0.0054,-0.0145,767.0770,770.2490,754.8140,778.1340
0,-4.926,-0.321,5.25,gust,5.25,2.489,-1.645,2.357,-1.905,-1.681,0.267,-0.085,-0.011,-1.60,-6.40,123.69,0.0516,-0.0010,-0.0132,766.8162,770.1837,755.0365,778.5939
0,-4.844,-0.239,5.30,gust,5.30,2.489,-1.645,2.366,-1.906,-1.681,0.264,-0.075,-0.010,-1.46,-6.41,123.68,0.0498,-0.0001,-0.0130,766.4229,770.6065,755.2173,779.1140
0,-4.758,-0.153,5.35,gust,5.35,2.489,-1.645,2.384,-1.906,-1.682,0.256,-0.056,-0.009,-1.32,-6.41,123.68,0.0480,0.0031,-0.0132,766.3737,770.5966,755.4188,779.2448
0,-4.668,-0.063,5.40,gust,5.40,2.489,-1.645,2.392,-1.907,-1.682,0.252,-0.047,-0.009,-1.18,-6.40,123.66,0.0454,0.0037,-0.0138,766.5555,770.2867,755.6606,779.0110
0,-4.575,0.030,5.45,gust,5.45,2.489,-1.645,2.409,-1.906,-1.682,0.242,-0.030,-0.008,-1.05,-6.39,123.65,0.0433,0.0055,-0.0135,766.0962,770.8502,755.0703,779.5855
0,-4.478,0.127,5.50,gust,5.50,2.489,-1.645,2.419,-1.906,-1.682,0.236,-0.020,-0.007,-0.92,-6.38,123.62,0.0405,0.0075,-0.0134,766.3990,770.6236,755.3751,779.0527
0,-4.379,0.226,5.55,gust,5.55,2.489,-1.645,2.434,-1.904,-1.683,0.225,-0.006,-0.007,-0.81,-6.36,123.60,0.0373,0.0071,-0.0122,766.1415,770.9919,755.1918,779.0028
0,-4.277,0.329,5.60,gust,5.60,2.489,-1.645,2.442,-1.903,-1.683,0.219,0.001,-0.007,-0.70,-6.34,123.58,0.0339,0.0097,-0.0131,765.5491,771.6734,754.7847,779.0819
0,-4.172,0.433,5.65,gust,5.65,2.489,-1.645,2.456,-1.900,-1.683,0.207,0.013,-0.006,-0.61,-6.31,123.56,0.0316,0.0095,-0.0122,766.0483,771.3380,754.9836,778.4730
0,-4.065,0.540,5.70,gust,5.70,2.489,-1.645,2.465,-1.898,-1.684,0.199,0.020,-0.005,-0.51,-6.28,123.54,0.0294,0.0113,-0.0120,765.8967,771.6685,754.4416,778.6118
0,-3.957,0.649,5.75,gust,5.75,2.489,-1.645,2.479,-1.893,-1.684,0.186,0.031,-0.004,-0.43,-6.25,123.52,0.0281,0.0117,-0.0101,765.7089,771.9973,754.4765,778.3314
0,-3.846,0.759,5.80,gust,5.80,2.489,-1.645,2.485,-1.891,-1.684,0.180,0.036,-0.004,-0.35,-6.21,123.50,0.0251,0.0127,-0.0093,765.9386,771.9374,754.3732,778.3031
0,-3.735,0.870,5.85,gust,5.85,2.489,-1.645,2.498,-1.886,-1.685,0.168,0.045,-0.003,-0.28,-6.18,123.48,0.0249,0.0145,-0.0082,765.7948,772.3666,754.4017,778.2521
0,-3.623,0.982,5.90,gust,5.90,2.489,-1.645,2.506,-1.882,-1.685,0.160,0.050,-0.003,-0.21,-6.14,123.45,0.0239,0.0145,-0.0081,765.9727,772.1655,754.3229,778.2384
0,-3.510,1.095,5.95,gust,5.95,2.489,-1.645,2.517,-1.877,-1.685,0.147,0.056,-0.002,-0.14,-6.10,123.43,0.0225,0.0146,-0.0071,765.7988,772.5091,754.2922,778.1772
0,-3.397,1.209,6.00,gust,6.00,2.489,-1.645,2.837,-1.372,-1.687,0.080,-0.443,-0.007,5.54,-5.11,122.90,-0.1078,-0.0922,0.0391,760.4420,774.3389,767.5359,769.0071
0,-3.284,1.322,6.05,gust,6.05,2.489,-1.645,2.837,-1.372,-1.687,0.080,-0.443,-0.007,5.54,-5.11,122.90,-0.1078,-0.0922,0.0391,760.4420,774.3389,767.5359,769.0071
0,-3.171,1.435,6.10,gust,6.10,2.489,-1.645,2.837,-1.388,-1.687,0.062,-0.449,-0.007,5.24,-5.35,122.90,-0.1096,-0.0824,0.0381,759.9186,774.6620,766.4621,769.3174
0,-3.058,1.547,6.15,gust,6.15,2.489,-1.645,2.835,-1.419,-1.689,0.027,-0.458,-0.006,4.90,-5.59,122.91,-0.1118,-0.0729,0.0357,759.9186,774.6620,766.4621,769.3174
0,-2.947,1.658,6.20,gust,6.20,2.489,-1.645,2.834,-1.435,-1.689,0.011,-0.460,-0.005,4.59,-5.79,122.93,-0.1119,-0.0643,0.0348,759.2715,774.6949,766.2234,768.9431
0,-2.837,1.768,6.25,gust,6.25,2.489,-1.645,2.828,-1.470,-1.691,-0.026,-0.461,-0.003,4.25,-5.98,122.94,-0.1111,-0.0566,0.0336,759.2715,774.6949,766.2234,768.9431
0,-2.728,1.877,6.30,gust,6.30,2.489,-1.645,2.824,-1.485,-1.691,-0.041,-0.460,-0.002,3.94,-6.13,122.96,-0.1088,-0.0489,0.0330,759.8293,773.8954,765.9951,769.3463
0,-2.622,1.984,6.35,gust,6.35,2.489,-1.645,2.816,-1.515,-1.691,-0.069,-0.455,-0.001,3.60,-6.26,122.99,-0.1079,-0.0396,0.0311,759.8293,773.8954,765.9951,769.3463
0,-2.517,2.088,6.40,gust,6.40,2.489,-1.645,2.811,-1.529,-1.691,-0.083,-0.450,0.000,3.31,-6.37,123.01,-0.1052,-0.0330,0.0300,759.6138,774.4224,766.0433,770.2175
0,-2.415,2.191,6.45,gust,6.45,2.489,-1.645,2.798,-1.561,-1.691,-0.110,-0.437,0.002,2.99,-6.46,123.03,-0.1022,-0.0251,0.0283,759.6138,774.4224,766.0433,770.2175
0,-2.315,2.290,6.50,gust,6.50,2.489,-1.645,2.792,-1.574,-1.690,-0.122,-0.430,0.003,2.71,-6.52,123.05,-0.0979,-0.0168,0.0271,760.0295,774.3776,766.6989,770.2067
0,-2.219,2.387,6.55,gust,6.55,2.489,-1.645,2.779,-1.599,-1.689,-0.142,-0.413,0.004,2.42,-6.57,123.06,-0.0931,-0.0095,0.0247,760.0623,774.8078,766.8427,770.6478
0,-2.125,2.480,6.60,gust,6.60,2.489,-1.645,2.772,-1.611,-1.689,-0.152,-0.404,0.004,2.16,-6.59,123.07,-0.0877,-0.0027,0.0244,760.2821,775.2973,766.7025,771.4310
0,-2.035,2.570,6.65,gust,6.65,2.489,-1.645,2.755,-1.636,-1.688,-0.170,-0.381,0.004,1.90,-6.60,123.08,-0.0823,0.0050,0.0225,760.2821,775.2973,766.7025,771.4310
0,-1.949,2.656,6.70,gust,6.70,2.489,-1.645,2.747,-1.647,-1.687,-0.177,-0.370,0.004,1.68,-6.58,123.09,-0.0766,0.0099,0.0228,760.7090,775.4287,766.2944,771.9391
0,-1.867,2.738,6.75,gust,6.75,2.489,-1.645,2.731,-1.666,-1.686,-0.189,-0.347,0.004,1.45,-6.55,123.10,-0.0703,0.0147,0.0203,760.7090,775.4287,766.2944,771.9391
0,-1.789,2.816,6.80,gust,6.80,2.489,-1.645,2.723,-1.675,-1.685,-0.194,-0.335,0.004,1.26,-6.50,123.11,-0.0654,0.0201,0.0182,761.1803,775.8955,766.4176,771.9204
0,-1.716,2.890,6.85,gust,6.85,2.489,-1.645,2.704,-1.694,-1.684,-0.203,-0.308,0.004,1.07,-6.44,123.11,-0.0591,0.0231,0.0177,761.1803,775.8955,766.4176,771.9204
0,-1.647,2.959,6.90,gust,6.90,2.489,-1.645,2.696,-1.702,-1.683,-0.206,-0.296,0.003,0.91,-6.38,123.12,-0.0539,0.0265,0.0175,761.2850,776.0776,765.9557,772.3097
0,-1.583,3.023,6.95,gust,6.95,2.489,-1.645,2.679,-1.717,-1.682,-0.209,-0.272,0.003,0.75,-6.30,123.14,-0.0487,0.0284,0.0169,761.3029,776.1206,765.5911,772.5098
0,-1.523,3.082,7.00,gust,7.00,2.489,-1.645,2.536,-1.709,-1.661,0.074,0.136,-0.021,2.07,-4.54,123.42,0.0289,0.0070,-0.0021,761.3706,776.5560,766.1885,770.6851
0,-1.469,3.136,7.05,gust,7.05,2.489,-1.645,2.536,-1.709,-1.661,0.074,0.136,-0.021,2.07,-4.54,123.42,0.0289,0.0070,-0.0021,761.3706,776.5560,766.1885,770.6851
0,-1.421,3.185,7.10,gust,7.10,2.489,-1.645,2.538,-1.706,-1.661,0.074,0.135,-0.021,2.16,-4.52,123.42,0.0271,0.0064,-0.0021,761.4114,776.7914,766.1947,770.8397
0,-1.377,3.228,7.15,gust,7.15,2.489,-1.645,2.541,-1.699,-1.660,0.074,0.134,-0.021,2.24,-4.50,123.41,0.0273,0.0058,-0.0020,761.9203,776.5720,766.3058,770.6630
0,-1.339,3.266,7.20,gust,7.20,2.489,-1.645,2.543,-1.696,-1.660,0.074,0.133,-0.022,2.32,-4.48,123.40,0.0238,0.0058,-0.0027,761.5773,776.7856,766.0826,770.5426
0,-1.307,3.298,7.25,gust,7.25,2.489,-1.645,2.546,-1.690,-1.660,0.072,0.130,-0.022,2.38,-4.46,123.39,0.0214,0.0064,-0.0022,761.4070,777.0938,765.9524,770.4805
0,-1.281,3.324,7.30,gust,7.30,2.489,-1.645,2.547,-1.687,-1.660,0.071,0.129,-0.022,2.44,-4.45,123.39,0.0171,0.0047,-0.0022,761.5295,776.9564,766.5067,769.7611
0,-1.260,3.345,7.35,gust,7.35,2.489,-1.645,2.549,-1.681,-1.660,0.069,0.126,-0.023,2.49,-4.43,123.38,0.0179,0.0059,-0.0014,761.5817,776.9301,766.1466,770.1400
0,-1.245,3.360,7.40,gust,7.40,2.489,-1.645,2.550,-1.678,-1.659,0.068,0.125,-0.023,2.55,-4.41,123.38,0.0144,0.0062,0.0002,761.4639,777.1120,766.2887,770.1896
0,-1.237,3.369,7.45,gust,7.45,2.489,-1.645,2.552,-1.672,-1.659,0.064,0.121,-0.023,2.59,-4.40,123.38,0.0130,0.0060,-0.0011,761.7340,777.0648,766.4590,770.2747
0,-1.234,3.372,7.50,gust,7.50,2.489,-1.645,2.552,-1.669,-1.658,0.062,0.119,-0.023,2.62,-4.38,123.39,0.0098,0.0068,-0.0007,761.6971,777.1409,766.6785,770.2349
0,-1.237,3.369,7.55,gust,7.55,2.489,-1.645,2.553,-1.664,-1.657,0.059,0.116,-0.024,2.65,-4.36,123.39,0.0077,0.0067,-0.0002,761.7377,777.2302,767.1266,770.1169
0,-1.245,3.360,7.60,gust,7.60,2.489,-1.645,2.553,-1.661,-1.657,0.057,0.114,-0.024,2.67,-4.34,123.40,0.0063,0.0077,0.0005,761.7925,777.2227,767.2889,770.2597
0,-1.260,3.345,7.65,gust,7.65,2.489,-1.645,2.554,-1.655,-1.656,0.053,0.110,-0.025,2.69,-4.32,123.40,0.0045,0.0066,0.0006,761.6771,777.3425,767.5251,770.1889
0,-1.281,3.324,7.70,gust,7.70,2.489,-1.645,2.555,-1.653,-1.655,0.052,0.108,-0.025,2.71,-4.29,123.40,0.0032,0.0079,0.0009,761.7355,777.2203,767.7842,770.1666
0,-1.307,3.298,7.75,gust,7.75,2.489,-1.645,2.556,-1.648,-1.654,0.048,0.104,-0.026,2.72,-4.27,123.41,0.0034,0.0079,0.0004,761.5892,777.4883,767.7242,770.6413
0,-1.339,3.266,7.80,gust,7.80,2.489,-1.645,2.556,-1.646,-1.653,0.047,0.102,-0.026,2.73,-4.25,123.41,0.0025,0.0068,0.0001,761.5665,777.5901,767.9949,770.4465
0,-1.377,3.228,7.85,gust,7.85,2.489,-1.645,2.558,-1.640,-1.652,0.044,0.097,-0.027,2.74,-4.23,123.41,0.0034,0.0056,-0.0004,761.8099,777.4636,768.1490,770.3356
0,-1.421,3.185,7.90,gust,7.90,2.489,-1.645,2.558,-1.638,-1.651,0.043,0.095,-0.028,2.76,-4.21,123.41,0.0044,0.0052,-0.0002,761.6922,777.7037,767.9915,770.5119
0,-1.469,3.136,7.95,gust,7.95,2.489,-1.645,2.560,-1.634,-1.650,0.041,0.091,-0.029,2.77,-4.20,123.41,0.0035,0.0045,0.0008,761.5291,777.7622,768.1415,770.3259
0,-3.397,1.209,8.00,fixed,0.00,2.489,-1.645,2.458,-1.727,-1.645,-0.052,-0.019,-0.042,0.68,-4.82,123.42,-0.0031,0.0014,0.0007,761.2753,774.0645,761.9816,772.5648
0,-3.397,1.209,8.05,fixed,0.05,2.489,-1.645,2.458,-1.727,-1.645,-0.052,-0.019,-0.042,0.68,-4.82,123.42,-0.0031,0.0014,0.0007,761.2753,774.0645,761.9816,772.5648
0,-3.397,1.209,8.10,fixed,0.10,2.489,-1.645,2.457,-1.727,-1.645,-0.051,-0.017,-0.041,0.67,-4.81,123.42,-0.0027,0.0037,-0.0006,761.5362,774.1580,762.0533,772.8896
0,-3.397,1.209,8.15,fixed,0.15,2.489,-1.645,2.454,-1.727,-1.646,-0.047,-0.012,-0.040,0.67,-4.80,123.42,-0.0006,0.0028,-0.0007,761.7061,774.4094,762.2365,773.0022
0,-3.397,1.209,8.20,fixed,0.20,2.489,-1.645,2.452,-1.727,-1.646,-0.043,-0.007,-0.038,0.67,-4.79,123.42,0.0001,0.0030,-0.0009,762.1521,774.2874,762.2961,773.2085
0,-3.397,1.209,8.25,fixed,0.25,2.489,-1.645,2.451,-1.727,-1.647,-0.040,-0.005,-0.037,0.67,-4.78,123.41,0.0018,0.0050,-0.0016,762.1906,774.4697,762.0928,773.4189
0,-3.397,1.209,8.30,fixed,0.30,2.489,-1.645,2.449,-1.727,-1.647,-0.037,-0.001,-0.036,0.68,-4.77,123.41,0.0029,0.0045,-0.0010,762.2659,774.5344,762.1382,773.4683
0,-3.397,1.209,8.35,fixed,0.35,2.489,-1.645,2.448,-1.727,-1.648,-0.035,0.001,-0.036,0.68,-4.76,123.41,0.0020,0.0053,-0.0007,762.4667,774.6107,762.4314,773.3096
0,-3.397,1.209,8.40,fixed,0.40,2.489,-1.645,2.446,-1.726,-1.648,-0.031,0.005,-0.035,0.69,-4.74,123.41,0.0037,0.0052,0.0001,762.8176,774.4446,762.3166,773.4963
0,-3.397,1.209,8.45,fixed,0.45,2.489,-1.645,2.445,-1.724,-1.648,-0.029,0.008,-0.035,0.70,-4.73,123.41,0.0037,0.0056,-0.0006,762.3854,774.8837,762.3942,773.5073
0,-3.397,1.209,8.50,fixed,0.50,2.489,-1.645,2.444,-1.722,-1.649,-0.026,0.012,-0.034,0.71,-4.71,123.41,0.0043,0.0060,-0.0001,762.4373,774.7004,762.3897,773.4255
0,-3.397,1.209,8.55,fixed,0.55,2.489,-1.645,2.444,-1.721,-1.649,-0.024,0.014,-0.034,0.72,-4.70,123.41,0.0056,0.0070,0.0000,762.4552,774.5065,762.2723,773.4764
0,-3.397,1.209,8.60,fixed,0.60,2.489,-1.645,2.443,-1.718,-1.650,-0.020,0.017,-0.033,0.74,-4.68,123.41,0.0067,0.0071,-0.0005,762.5449,774.4658,762.3741,773.4740
0,-3.397,1.209,8.65,fixed,0.65,2.489,-1.645,2.442,-1.717,-1.650,-0.018,0.020,-0.033,0.76,-4.66,123.41,0.0074,0.0075,0.0000,762.5318,774.6783,762.2272,773.8043
0,-3.397,1.209,8.70,fixed,0.70,2.489,-1.645,2.442,-1.713,-1.650,-0.015,0.023,-0.032,0.78,-4.63,123.41,0.0074,0.0089,-0.0001,762.5945,774.8259,762.5447,773.6647
0,-3.397,1.209,8.75,fixed,0.75,2.489,-1.645,2.442,-1.711,-1.650,-0.013,0.024,-0.032,0.80,-4.61,123.41,0.0096,0.0087,-0.0003,762.6162,775.0214,762.2813,774.1940
0,-3.397,1.209,8.80,fixed,0.80,2.489,-1.645,2.442,-1.708,-1.650,-0.010,0.026,-0.031,0.83,-4.59,123.41,0.0099,0.0082,-0.0003,762.9285,774.8915,762.5482,774.0015
0,-3.397,1.209,8.85,fixed,0.85,2.489,-1.645,2.442,-1.706,-1.650,-0.008,0.028,-0.031,0.85,-4.57,123.41,0.0108,0.0089,-0.0011,763.1115,774.9836,762.8574,774.0797
0,-3.397,1.209,8.90,fixed,0.90,2.489,-1.645,2.443,-1.702,-1.649,-0.005,0.029,-0.031,0.89,-4.54,123.41,0.0102,0.0076,0.0003,763.4088,775.1097,762.9347,774.2141
0,-3.397,1.209,8.95,fixed,0.95,2.489,-1.645,2.443,-1.700,-1.648,-0.004,0.029,-0.031,0.91,-4.52,123.41,0.0113,0.0074,0.0005,763.2684,775.6185,762.5942,775.0973
0,-3.397,1.209,9.00,fixed,1.00,2.489,-1.645,2.444,-1.697,-1.647,-0.001,0.029,-0.031,0.94,-4.50,123.41,0.0101,0.0062,-0.0000,763.6473,775.4784,763.3470,774.6156
0,-3.397,1.209,9.05,fixed,1.05,2.489,-1.645,2.445,-1.695,-1.647,0.001,0.029,-0.032,0.97,-4.49,123.41,0.0104,0.0055,-0.0008,763.5276,775.7770,762.9097,775.1666
0,-3.397,1.209,9.10,fixed,1.10,2.489,-1.645,2.446,-1.692,-1.646,0.003,0.028,-0.033,1.00,-4.47,123.41,0.0101,0.0031,0.0003,763.6253,775.8756,763.2651,774.9360
0,-3.397,1.209,9.15,fixed,1.15,2.489,-1.645,2.446,-1.691,-1.645,0.003,0.028,-0.033,1.02,-4.46,123.41,0.0095,0.0032,-0.0003,763.7400,775.9607,763.1495,775.1907
0,-3.397,1.209,9.20,fixed,1.20,2.489,-1.645,2.447,-1.688,-1.644,0.005,0.027,-0.034,1.05,-4.46,123.40,0.0079,0.0014,-0.0009,763.9941,775.8060,763.2314,775.2661
0,-3.397,1.209,9.25,fixed,1.25,2.489,-1.645,2.447,-1.686,-1.644,0.005,0.026,-0.035,1.06,-4.45,123.40,0.0070,0.0006,-0.0000,764.1895,775.7006,763.4648,774.9979
0,-3.397,1.209,9.30,fixed,1.30,2.489,-1.645,2.448,-1.684,-1.643,0.005,0.024,-0.036,1.09,-4.45,123.40,0.0055,0.0009,-0.0005,764.3286,775.4835,763.2679,775.0400
0,-3.397,1.209,9.35,fixed,1.35,2.489,-1.645,2.448,-1.682,-1.643,0.005,0.023,-0.036,1.09,-4.45,123.40,0.0039,0.0003,-0.0008,763.9483,775.5671,763.1962,774.8837
0,-3.397,1.209,9.40,fixed,1.40,2.489,-1.645,2.448,-1.680,-1.643,0.005,0.021,-0.037,1.10,-4.45,123.40,0.0007,0.0016,-0.0009,763.7170,775.4850,762.8036,775.0605
0,-3.397,1.209,9.45,fixed,1.45,2.489,-1.645,2.447,-1.679,-1.643,0.004,0.020,-0.038,1.11,-4.44,123.40,0.0007,0.0015,0.0003,763.7249,775.1587,762.8829,774.5973
0,-3.397,1.209,9.50,fixed,1.50,2.489,-1.645,2.447,-1.676,-1.644,0.004,0.018,-0.038,1.10,-4.44,123.41,-0.0011,0.0032,0.0003,763.3414,774.9965,762.6730,774.3690
0,-3.397,1.209,9.55,fixed,1.55,2.489,-1.645,2.447,-1.676,-1.644,0.004,0.017,-0.039,1.10,-4.43,123.40,-0.0017,0.0006,-0.0006,763.0668,774.7417,762.4702,773.9984
0,-3.397,1.209,9.60,fixed,1.60,2.489,-1.645,2.447,-1.674,-1.645,0.004,0.014,-0.038,1.10,-4.43,123.40,-0.0028,0.0004,0.0008,763.1054,774.3558,762.2086,773.9139
0,-3.397,1.209,9.65,fixed,1.65,2.489,-1.645,2.447,-1.673,-1.646,0.004,0.013,-0.038,1.09,-4.43,123.41,-0.0044,-0.0000,0.0012,762.8499,774.3351,762.1755,773.8619
0,-3.397,1.209,9.70,fixed,1.70,2.489,-1.645,2.447,-1.672,-1.647,0.004,0.010,-0.038,1.08,-4.43,123.41,-0.0036,-0.0002,0.0002,762.4331,774.2977,761.9310,773.8617
0,-3.397,1.209,9.75,fixed,1.75,2.489,-1.645,2.447,-1.672,-1.647,0.004,0.009,-0.038,1.07,-4.43,123.41,-0.0042,-0.0014,0.0002,762.4249,774.1328,762.0760,773.5223
0,-3.397,1.209,9.80,fixed,1.80,2.489,-1.645,2.447,-1.671,-1.648,0.004,0.006,-0.037,1.05,-4.43,123.41,-0.0041,-0.0027,0.0010,762.4453,774.0568,762.0234,773.5812
0,-3.397,1.209,9.85,fixed,1.85,2.489,-1.645,2.447,-1.671,-1.649,0.005,0.004,-0.036,1.04,-4.44,123.41,-0.0041,-0.0032,-0.0002,762.6969,773.7389,762.2426,773.3004
0,-3.397,1.209,9.90,fixed,1.90,2.489,-1.645,2.447,-1.671,-1.649,0.006,0.002,-0.035,1.03,-4.45,123.41,-0.0041,-0.0048,0.0001,762.6280,774.1457,761.9714,773.6125
0,-3.397,1.209,9.95,fixed,1.95,2.489,-1.645,2.447,-1.672,-1.649,0.006,0.001,-0.035,1.02,-4.46,123.41,-0.0033,-0.0043,-0.0002,762.6887,774.2983,761.9828,773.8917
0,-3.397,1.209,10.00,fixed,2.00,2.489,-1.645,2.447,-1.673,-1.649,0.006,-0.002,-0.034,1.00,-4.48,123.41,-0.0039,-0.0064,0.0008,762.9200,774.4675,762.2068,773.9897
0,-3.397,1.209,10.05,fixed,2.05,2.489,-1.645,2.447,-1.673,-1.649,0.006,-0.003,-0.034,1.00,-4.49,123.40,-0.0041,-0.0070,0.0001,762.8849,774.6896,762.2551,774.1382
0,-3.397,1.209,10.10,fixed,2.10,2.489,-1.645,2.447,-1.674,-1.648,0.007,-0.005,-0.034,0.98,-4.51,123.40,-0.0057,-0.0084,0.0007,763.0760,774.9441,762.2955,774.4768
0,-3.397,1.209,10.15,fixed,2.15,2.489,-1.645,2.447,-1.675,-1.648,0.007,-0.006,-0.033,0.97,-4.53,123.40,-0.0060,-0.0057,-0.0010,763.5552,774.8398,762.8483,774.3172
0,-3.397,1.209,10.20,fixed,2.20,2.489,-1.645,2.447,-1.677,-1.647,0.007,-0.008,-0.033,0.95,-4.55,123.40,-0.0054,-0.0062,0.0006,763.8107,775.0153,763.1848,774.3179
0,-3.397,1.209,10.25,fixed,2.25,2.489,-1.645,2.447,-1.678,-1.646,0.007,-0.009,-0.034,0.94,-4.56,123.40,-0.0070,-0.0082,0.0004,763.8625,775.3445,763.1304,774.8641
0,-3.397,1.209,10.30,fixed,2.30,2.489,-1.645,2.447,-1.680,-1.645,0.008,-0.010,-0.035,0.92,-4.59,123.40,-0.0056,-0.0073,0.0008,764.1323,775.4604,763.2832,774.8381
0,-3.397,1.209,10.35,fixed,2.35,2.489,-1.645,2.447,-1.681,-1.645,0.008,-0.011,-0.035,0.90,-4.60,123.40,-0.0068,-0.0077,-0.0000,763.9929,775.5839,763.2584,774.8480
0,-3.397,1.209,10.40,fixed,2.40,2.489,-1.645,2.447,-1.682,-1.645,0.008,-0.011,-0.036,0.89,-4.63,123.40,-0.0063,-0.0078,0.0002,763.9149,775.7415,763.4102,774.7805
0,-3.397,1.209,10.45,fixed,2.45,2.489,-1.645,2.448,-1.684,-1.644,0.008,-0.011,-0.037,0.87,-4.65,123.40,-0.0071,-0.0063,0.0007,763.9572,775.7264,763.3115,774.9379
0,-3.397,1.209,10.50,fixed,2.50,2.489,-1.645,2.448,-1.685,-1.643,0.009,-0.010,-0.038,0.85,-4.67,123.40,-0.0050,-0.0067,0.0003,764.1833,775.3373,763.5302,774.6407
0,-3.397,1.209,10.55,fixed,2.55,2.489,-1.645,2.448,-1.685,-1.642,0.010,-0.009,-0.038,0.84,-4.68,123.40,-0.0037,-0.0049,0.0007,763.8645,775.6337,763.3701,774.7421
0,-3.397,1.209,10.60,fixed,2.60,2.489,-1.645,2.449,-1.686,-1.642,0.011,-0.008,-0.039,0.83,-4.70,123.40,-0.0020,-0.0040,0.0009,763.9515,775.5463,763.3976,774.8644
0,-3.397,1.209,10.65,fixed,2.65,2.489,-1.645,2.450,-1.686,-1.641,0.012,-0.007,-0.039,0.83,-4.70,123.40,-0.0011,-0.0039,-0.0007,763.8313,775.5258,763.4752,774.7694
0,-3.397,1.209,10.70,fixed,2.70,2.489,-1.645,2.452,-1.686,-1.641,0.013,-0.005,-0.040,0.83,-4.71,123.41,0.0008,-0.0033,0.0010,763.6948,775.6462,763.1023,775.1591
0,-3.397,1.209,10.75,fixed,2.75,2.489,-1.645,2.453,-1.686,-1.640,0.014,-0.004,-0.041,0.83,-4.72,123.41,0.0034,-0.0033,0.0003,763.7655,775.5455,763.2300,775.0823
0,-3.397,1.209,10.80,fixed,2.80,2.489,-1.645,2.454,-1.686,-1.640,0.015,-0.003,-0.041,0.84,-4.73,123.41,0.0044,-0.0031,-0.0004,763.8085,775.5685,763.1288,775.1924
0,-3.397,1.209,10.85,fixed,2.85,2.489,-1.645,2.455,-1.686,-1.639,0.016,-0.001,-0.042,0.86,-4.73,123.41,0.0063,-0.0027,0.0005,763.8880,775.4503,763.2608,774.9894
0,-3.397,1.209,10.90,fixed,2.90,2.489,-1.645,2.457,-1.686,-1.638,0.016,0.000,-0.043,0.88,-4.74,123.41,0.0071,-0.0022,-0.0003,763.9023,775.2351,763.3483,774.9097
0,-3.397,1.209,10.95,fixed,2.95,2.489,-1.645,2.458,-1.686,-1.638,0.017,0.001,-0.043,0.89,-4.74,123.41,0.0073,-0.0011,0.0007,763.9885,775.3071,763.4092,774.8693
0,-3.397,1.209,11.00,fixed,3.00,2.489,-1.645,2.459,-1.685,-1.637,0.017,0.002,-0.044,0.91,-4.75,123.42,0.0058,-0.0003,0.0003,764.0319,775.2770,763.5353,774.8868
0,-3.397,1.209,11.05,fixed,3.05,2.489,-1.645,2.460,-1.685,-1.637,0.017,0.003,-0.044,0.92,-4.75,123.42,0.0060,0.0002,-0.0000,764.2726,775.0831,763.5264,774.9104
0,-3.397,1.209,11.10,fixed,3.10,2.489,-1.645,2.462,-1.685,-1.637,0.016,0.005,-0.045,0.94,-4.75,123.42,0.0045,-0.0004,-0.0000,764.1386,775.1885,763.4406,774.8348
0,-3.397,1.209,11.15,fixed,3.15,2.489,-1.645,2.463,-1.684,-1.637,0.016,0.005,-0.045,0.95,-4.74,123.41,0.0046,0.0002,-0.0006,763.7780,775.4094,763.1368,774.9971
0,-3.397,1.209,11.20,fixed,3.20,2.489,-1.645,2.464,-1.684,-1.636,0.016,0.006,-0.045,0.97,-4.74,123.42,0.0039,0.0004,0.0004,763.8641,775.1739,762.9491,775.1560
0,-3.397,1.209,11.25,fixed,3.25,2.489,-1.645,2.465,-1.684,-1.636,0.015,0.006,-0.046,0.98,-4.74,123.42,0.0046,0.0001,-0.0004,763.8895,775.1609,763.2838,774.8689
0,-3.397,1.209,11.30,fixed,3.30,2.489,-1.645,2.465,-1.683,-1.636,0.014,0.007,-0.046,0.99,-4.74,123.41,0.0029,-0.0002,0.0005,763.8887,775.1763,763.1530,774.9368
0,-3.397,1.209,11.35,fixed,3.35,2.489,-1.645,2.466,-1.683,-1.636,0.013,0.008,-0.046,0.99,-4.74,123.41,0.0006,0.0012,0.0001,763.8167,775.1874,763.2070,774.8138
0,-3.397,1.209,11.40,fixed,3.40,2.489,-1.645,2.466,-1.683,-1.636,0.012,0.008,-0.046,1.00,-4.74,123.41,0.0013,0.0016,0.0008,764.0408,774.9463,763.1801,774.7912
0,-3.397,1.209,11.45,fixed,3.45,2.489,-1.645,2.465,-1.682,-1.635,0.010,0.009,-0.047,1.00,-4.73,123.41,-0.0007,0.0038,0.0003,763.7426,775.2247,763.0229,774.9509
0,-3.397,1.209,11.50,fixed,3.50,2.489,-1.645,2.465,-1.680,-1.635,0.008,0.011,-0.047,1.00,-4.72,123.41,-0.0019,0.0049,-0.0007,763.8810,775.0099,763.1827,774.7239
0,-3.397,1.209,11.55,fixed,3.55,2.489,-1.645,2.465,-1.679,-1.634,0.007,0.011,-0.047,0.99,-4.71,123.41,-0.0018,0.0052,-0.0001,763.9261,775.0154,762.8292,775.0586
0,-3.397,1.209,11.60,fixed,3.60,2.489,-1.645,2.464,-1.677,-1.634,0.005,0.013,-0.048,0.99,-4.69,123.41,-0.0024,0.0068,-0.0000,764.1023,774.8697,763.2242,774.6970
0,-3.397,1.209,11.65,fixed,3.65,2.489,-1.645,2.464,-1.676,-1.634,0.004,0.013,-0.048,0.98,-4.67,123.41,-0.0024,0.0082,-0.0012,763.7987,775.2061,762.9597,774.9337
0,-3.397,1.209,11.70,fixed,3.70,2.489,-1.645,2.463,-1.674,-1.633,0.002,0.014,-0.048,0.97,-4.65,123.41,-0.0025,0.0080,-0.0009,763.6898,775.2568,762.9440,774.7677
0,-3.397,1.209,11.75,fixed,3.75,2.489,-1.645,2.462,-1.673,-1.633,0.002,0.015,-0.049,0.97,-4.63,123.41,-0.0018,0.0098,-0.0005,763.6805,775.4154,762.8065,775.0681
0,-3.397,1.209,11.80,fixed,3.80,2.489,-1.645,2.462,-1.671,-1.632,0.001,0.015,-0.049,0.96,-4.60,123.41,-0.0019,0.0088,-0.0008,763.8750,775.3585,763.3039,774.6362
0,-3.397,1.209,11.85,fixed,3.85,2.489,-1.645,2.462,-1.669,-1.631,0.001,0.015,-0.049,0.96,-4.58,123.41,-0.0027,0.0077,-0.0015,763.8687,775.5703,763.3106,774.7759
0,-3.397,1.209,11.90,fixed,3.90,2.489,-1.645,2.462,-1.667,-1.630,0.001,0.016,-0.050,0.95,-4.56,123.41,-0.0005,0.0061,-0.0002,763.8860,775.6901,763.0202,775.1891
0,-3.397,1.209,11.95,fixed,3.95,2.489,-1.645,2.462,-1.666,-1.630,0.002,0.016,-0.050,0.95,-4.54,123.41,0.0001,0.0077,0.0008,764.1184,775.6524,763.1228,775.4479
0,-3.397,1.209,12.00,fixed,4.00,2.489,-1.645,2.463,-1.664,-1.629,0.002,0.015,-0.051,0.95,-4.52,123.41,0.0016,0.0059,0.0001,764.0748,775.7857,763.5579,775.2488
0,-3.397,1.209,12.05,fixed,4.05,2.489,-1.645,2.463,-1.663,-1.628,0.003,0.015,-0.052,0.96,-4.50,123.41,0.0024,0.0039,-0.0004,764.3641,775.4850,763.4097,775.3007
0,-3.397,1.209,12.10,fixed,4.10,2.489,-1.645,2.464,-1.660,-1.627,0.004,0.015,-0.053,0.97,-4.49,123.41,0.0040,0.0041,-0.0001,763.9911,775.6785,763.3638,775.1084
0,-3.397,1.209,12.15,fixed,4.15,2.489,-1.645,2.464,-1.659,-1.627,0.005,0.015,-0.054,0.97,-4.48,123.41,0.0033,0.0033,-0.0008,764.0802,775.5286,763.2859,775.0891
0,-3.397,1.209,12.20,fixed,4.20,2.489,-1.645,2.465,-1.657,-1.627,0.005,0.014,-0.055,0.99,-4.47,123.41,0.0051,0.0017,0.0005,764.1387,775.3559,763.3099,774.8675
0,-3.397,1.209,12.25,fixed,4.25,2.489,-1.645,2.465,-1.656,-1.626,0.006,0.014,-0.055,1.00,-4.47,123.41,0.0058,0.0027,-0.0014,763.8511,775.3875,762.9989,775.0662
0,-3.397,1.209,12.30,fixed,4.30,2.489,-1.645,2.466,-1.654,-1.626,0.006,0.013,-0.056,1.02,-4.46,123.41,0.0043,0.0016,-0.0013,763.7631,775.3025,762.8257,774.9267
0,-3.397,1.209,12.35,fixed,4.35,2.489,-1.645,2.466,-1.653,-1.626,0.007,0.012,-0.056,1.03,-4.45,123.41,0.0055,0.0012,0.0006,763.9908,774.9750,762.9545,774.5219
0,-3.397,1.209,12.40,fixed,4.40,2.489,-1.645,2.467,-1.652,-1.627,0.007,0.010,-0.056,1.04,-4.45,123.41,0.0045,0.0006,0.0003,763.5108,775.2619,762.7189,774.6680
0,-3.397,1.209,12.45,fixed,4.45,2.489,-1.645,2.467,-1.651,-1.627,0.007,0.009,-0.057,1.05,-4.45,123.41,0.0030,-0.0003,0.0010,763.4124,775.0057,762.6509,774.5480
0,-3.397,1.209,12.50,fixed,4.50,2.489,-1.645,2.468,-1.650,-1.628,0.007,0.007,-0.057,1.06,-4.45,123.41,0.0009,-0.0015,0.0006,763.4590,774.5090,762.4200,774.3217
0,-3.397,1.209,12.55,fixed,4.55,2.489,-1.645,2.468,-1.650,-1.628,0.007,0.006,-0.057,1.07,-4.46,123.41,0.0017,-0.0013,-0.0002,763.1694,774.5668,762.1917,774.4278
0,-3.397,1.209,12.60,fixed,4.60,2.489,-1.645,2.469,-1.648,-1.629,0.007,0.004,-0.056,1.07,-4.46,123.41,0.0004,-0.0025,0.0003,763.1740,774.4474,762.1869,774.1659
0,-3.397,1.209,12.65,fixed,4.65,2.489,-1.645,2.469,-1.648,-1.629,0.006,0.003,-0.056,1.07,-4.47,123.41,-0.0007,-0.0009,-0.0004,762.9467,774.5470,762.2532,774.0693
0,-3.397,1.209,12.70,fixed,4.70,2.489,-1.645,2.469,-1.647,-1.630,0.005,0.002,-0.056,1.07,-4.47,123.41,-0.0003,0.0003,-0.0011,763.1418,774.3240,762.2444,773.9319
0,-3.397,1.209,12.75,fixed,4.75,2.489,-1.645,2.468,-1.646,-1.630,0.005,0.001,-0.055,1.07,-4.47,123.41,-0.0018,-0.0002,-0.0003,763.2113,774.1362,762.5491,773.4570
0,-3.397,1.209,12.80,fixed,4.80,2.489,-1.645,2.468,-1.646,-1.631,0.004,-0.001,-0.055,1.06,-4.47,123.41,-0.0026,-0.0006,0.0007,762.9715,774.3011,761.7763,774.1768
0,-3.397,1.209,12.85,fixed,4.85,2.489,-1.645,2.468,-1.646,-1.631,0.003,-0.002,-0.054,1.06,-4.47,123.40,-0.0023,0.0005,-0.0004,763.2480,774.1970,762.2084,773.9357
0,-3.397,1.209,12.90,fixed,4.90,2.489,-1.645,2.467,-1.647,-1.631,0.003,-0.004,-0.053,1.04,-4.47,123.41,-0.0042,-0.0008,0.0003,763.0121,774.5197,762.1664,774.1136
0,-3.397,1.209,12.95,fixed,4.95,2.489,-1.645,2.467,-1.647,-1.632,0.003,-0.005,-0.053,1.03,-4.47,123.41,-0.0051,-0.0014,0.0002,762.9543,774.6660,762.2135,774.1350
0,-3.397,1.209,13.00,fixed,5.00,2.489,-1.645,2.466,-1.648,-1.632,0.003,-0.007,-0.052,1.02,-4.48,123.40,-0.0054,-0.0023,0.0003,763.2720,774.3948,762.3902,773.9276
0,-3.397,1.209,13.05,fixed,5.05,2.489,-1.645,2.466,-1.649,-1.633,0.003,-0.008,-0.052,1.01,-4.49,123.41,-0.0051,-0.0033,0.0002,763.0259,774.5634,762.1459,774.2258
0,-3.397,1.209,13.10,fixed,5.10,2.489,-1.645,2.466,-1.650,-1.633,0.003,-0.010,-0.051,0.99,-4.50,123.41,-0.0061,-0.0047,-0.0003,763.2303,774.4427,762.4449,774.0886
0,-3.397,1.209,13.15,fixed,5.15,2.489,-1.645,2.466,-1.651,-1.633,0.003,-0.011,-0.051,0.97,-4.51,123.41,-0.0057,-0.0034,0.0001,763.4185,774.3217,762.5608,773.9635
0,-3.397,1.209,13.20,fixed,5.20,2.489,-1.645,2.466,-1.652,-1.634,0.003,-0.013,-0.050,0.95,-4.52,123.41,-0.0053,-0.0057,0.0001,763.1796,774.7161,762.6065,773.9330
0,-3.397,1.209,13.25,fixed,5.25,2.489,-1.645,2.466,-1.654,-1.634,0.004,-0.013,-0.050,0.94,-4.54,123.41,-0.0045,-0.0062,0.0011,763.3211,774.5712,762.5093,774.1066
0,-3.397,1.209,13.30,fixed,5.30,2.489,-1.645,2.467,-1.655,-1.635,0.004,-0.014,-0.049,0.92,-4.56,123.41,-0.0041,-0.0064,0.0011,763.3514,774.5901,762.5460,774.2405
0,-3.397,1.209,13.35,fixed,5.35,2.489,-1.645,2.467,-1.656,-1.635,0.005,-0.015,-0.049,0.91,-4.57,123.41,-0.0040,-0.0082,0.0001,763.4822,774.5046,762.7248,774.2651
0,-3.397,1.209,13.40,fixed,5.40,2.489,-1.645,2.468,-1.658,-1.635,0.005,-0.015,-0.049,0.90,-4.59,123.41,-0.0035,-0.0070,0.0005,763.2974,774.8008,762.7705,774.3091
0,-3.397,1.209,13.45,fixed,5.45,2.489,-1.645,2.468,-1.659,-1.635,0.005,-0.015,-0.048,0.89,-4.61,123.41,-0.0033,-0.0070,0.0001,763.4595,774.9074,762.9053,774.2679
0,-3.397,1.209,13.50,fixed,5.50,2.489,-1.645,2.468,-1.661,-1.635,0.005,-0.015,-0.048,0.89,-4.63,123.41,-0.0031,-0.0063,0.0002,763.6389,774.9799,762.8211,774.6754
0,-3.397,1.209,13.55,fixed,5.55,2.489,-1.645,2.468,-1.662,-1.635,0.005,-0.015,-0.048,0.88,-4.65,123.41,-0.0026,-0.0060,-0.0007,763.6259,774.9747,762.7607,774.6725
0,-3.397,1.209,13.60,fixed,5.60,2.489,-1.645,2.469,-1.664,-1.635,0.005,-0.014,-0.048,0.87,-4.66,123.41,-0.0016,-0.0050,0.0005,763.6933,774.7988,762.6166,774.5934
0,-3.397,1.209,13.65,fixed,5.65,2.489,-1.645,2.469,-1.665,-1.635,0.005,-0.014,-0.048,0.87,-4.68,123.41,-0.0029,-0.0046,0.0006,763.4346,774.8499,763.0037,774.1978
0,-3.397,1.209,13.70,fixed,5.70,2.489,-1.645,2.469,-1.666,-1.636,0.005,-0.013,-0.048,0.86,-4.69,123.41,-0.0019,-0.0034,0.0004,763.3549,774.7065,762.5558,774.3368
0,-3.397,1.209,13.75,fixed,5.75,2.489,-1.645,2.469,-1.666,-1.636,0.005,-0.012,-0.048,0.85,-4.70,123.41,-0.0019,-0.0030,0.0002,763.4633,774.4611,762.7606,774.0432
0,-3.397,1.209,13.80,fixed,5.80,2.489,-1.645,2.469,-1.667,-1.637,0.005,-0.011,-0.048,0.85,-4.71,123.41,-0.0010,-0.0022,-0.0005,763.1903,774.6915,762.4508,774.3271
0,-3.397,1.209,13.85,fixed,5.85,2.489,-1.645,2.470,-1.668,-1.637,0.005,-0.010,-0.048,0.85,-4.71,123.41,-0.0023,-0.0007,0.0005,763.0180,774.5457,762.4095,774.1302
0,-3.397,1.209,13.90,fixed,5.90,2.489,-1.645,2.470,-1.668,-1.638,0.004,-0.008,-0.047,0.84,-4.72,123.41,-0.0009,-0.0006,0.0003,763.4812,773.7695,762.4188,773.9378
0,-3.397,1.209,13.95,fixed,5.95,2.489,-1.645,2.470,-1.668,-1.638,0.004,-0.007,-0.047,0.84,-4.72,123.41,-0.0009,0.0003,-0.0000,762.8193,774.3424,762.2257,773.9760
0,-3.397,1.209,14.00,fixed,6.00,2.489,-1.645,2.470,-1.668,-1.639,0.004,-0.005,-0.046,0.84,-4.71,123.41,0.0005,0.0024,0.0002,762.8549,774.3563,762.2551,773.9590
0,-3.397,1.209,14.05,fixed,6.05,2.489,-1.645,2.470,-1.668,-1.639,0.004,-0.004,-0.046,0.84,-4.71,123.41,-0.0005,0.0023,-0.0002,762.8561,774.2371,762.3749,773.6426
0,-3.397,1.209,14.10,fixed,6.10,2.489,-1.645,2.469,-1.667,-1.640,0.003,-0.001,-0.045,0.85,-4.70,123.41,0.0016,0.0018,-0.0001,762.8793,774.2900,761.9444,774.0063
0,-3.397,1.209,14.15,fixed,6.15,2.489,-1.645,2.469,-1.667,-1.640,0.003,-0.000,-0.044,0.85,-4.69,123.41,0.0004,0.0054,0.0003,762.8223,774.4450,762.0252,773.8732
0,-3.397,1.209,14.20,fixed,6.20,2.489,-1.645,2.469,-1.666,-1.641,0.003,0.002,-0.044,0.85,-4.68,123.40,0.0013,0.0047,-0.0007,762.8225,774.3661,761.9038,773.9450
0,-3.397,1.209,14.25,fixed,6.25,2.489,-1.645,2.469,-1.665,-1.642,0.003,0.003,-0.043,0.85,-4.67,123.41,0.0017,0.0072,0.0004,762.7869,774.1719,761.9985,773.5850
0,-3.397,1.209,14.30,fixed,6.30,2.489,-1.645,2.469,-1.664,-1.643,0.003,0.005,-0.043,0.86,-4.65,123.40,0.0018,0.0057,0.0000,762.6342,773.9854,761.8719,773.4613
0,-3.397,1.209,14.35,fixed,6.35,2.489,-1.645,2.469,-1.664,-1.644,0.003,0.005,-0.042,0.86,-4.64,123.40,0.0017,0.0055,-0.0001,762.4725,773.9939,761.5490,773.5789
0,-3.397,1.209,14.40,fixed,6.40,2.489,-1.645,2.470,-1.662,-1.645,0.004,0.007,-0.041,0.87,-4.62,123.40,0.0028,0.0045,0.0002,762.4125,773.9156,761.4531,773.3483
0,-3.397,1.209,14.45,fixed,6.45,2.489,-1.645,2.471,-1.661,-1.646,0.005,0.007,-0.041,0.88,-4.61,123.40,0.0042,0.0036,0.0000,762.2422,773.8305,761.4544,773.2526
0,-3.397,1.209,14.50,fixed,6.50,2.489,-1.645,2.472,-1.660,-1.647,0.006,0.008,-0.039,0.89,-4.59,123.41,0.0051,0.0029,-0.0001,762.2225,773.7067,761.5060,773.2217
0,-3.397,1.209,14.55,fixed,6.55,2.489,-1.645,2.473,-1.659,-1.648,0.007,0.009,-0.039,0.90,-4.59,123.41,0.0072,0.0031,0.0002,762.2875,773.7604,761.4150,773.3945
0,-3.397,1.209,14.60,fixed,6.60,2.489,-1.645,2.474,-1.657,-1.649,0.008,0.009,-0.037,0.92,-4.58,123.41,0.0072,0.0028,0.0002,762.3202,773.7598,761.7641,773.1459
0,-3.397,1.209,14.65,fixed,6.65,2.489,-1.645,2.475,-1.656,-1.649,0.009,0.009,-0.036,0.94,-4.57,123.41,0.0070,0.0015,0.0002,762.6805,773.6348,761.7568,773.3627
0,-3.397,1.209,14.70,fixed,6.70,2.489,-1.645,2.477,-1.655,-1.650,0.010,0.010,-0.035,0.96,-4.57,123.41,0.0086,0.0019,-0.0001,762.5640,773.8561,761.8235,773.3557
0,-3.397,1.209,14.75,fixed,6.75,2.489,-1.645,2.478,-1.654,-1.650,0.010,0.010,-0.035,0.98,-4.56,123.41,0.0081,0.0004,0.0002,762.5438,774.0343,761.9427,773.3569
0,-3.397,1.209,14.80,fixed,6.80,2.489,-1.645,2.481,-1.652,-1.650,0.011,0.009,-0.034,1.00,-4.56,123.41,0.0087,0.0006,-0.0007,762.3613,774.4280,761.7040,773.9016
0,-3.397,1.209,14.85,fixed,6.85,2.489,-1.645,2.482,-1.651,-1.650,0.012,0.009,-0.033,1.02,-4.56,123.41,0.0088,-0.0005,-0.0008,762.7161,774.4894,762.0402,774.0576
0,-3.397,1.209,14.90,fixed,6.90,2.489,-1.645,2.485,-1.650,-1.650,0.012,0.008,-0.033,1.05,-4.56,123.41,0.0086,-0.0014,0.0001,763.2339,774.5260,762.2772,774.1824
0,-3.397,1.209,14.95,fixed,6.95,2.489,-1.645,2.486,-1.649,-1.649,0.012,0.008,-0.032,1.07,-4.56,123.41,0.0094,-0.0018,0.0007,763.2954,774.9716,762.2672,774.7278
0,-3.397,1.209,15.00,fixed,7.00,2.489,-1.645,2.488,-1.647,-1.648,0.012,0.008,-0.032,1.10,-4.57,123.41,0.0068,-0.0010,0.0002,763.6591,775.0072,762.6376,774.6487
0,-3.397,1.209,15.05,fixed,7.05,2.489,-1.645,2.490,-1.646,-1.648,0.012,0.007,-0.033,1.11,-4.57,123.41,0.0078,-0.0015,0.0005,763.7781,775.2876,763.0114,774.7259
0,-3.397,1.209,15.10,fixed,7.10,2.489,-1.645,2.493,-1.645,-1.647,0.012,0.006,-0.033,1.14,-4.58,123.41,0.0065,-0.0017,0.0003,763.9290,775.1936,763.1331,774.8714
0,-3.397,1.209,15.15,fixed,7.15,2.489,-1.645,2.494,-1.644,-1.647,0.012,0.006,-0.034,1.15,-4.58,123.41,0.0074,-0.0017,0.0010,763.8674,775.2971,763.1009,775.0490
0,-3.397,1.209,15.20,fixed,7.20,2.489,-1.645,2.497,-1.643,-1.646,0.011,0.004,-0.034,1.18,-4.58,123.41,0.0069,-0.0023,0.0009,763.7143,775.4402,763.2069,774.9930
0,-3.397,1.209,15.25,fixed,7.25,2.489,-1.645,2.498,-1.642,-1.646,0.010,0.003,-0.035,1.19,-4.59,123.41,0.0070,-0.0018,-0.0004,763.8430,775.2490,763.3066,774.8107
0,-3.397,1.209,15.30,fixed,7.30,2.489,-1.645,2.499,-1.642,-1.645,0.008,0.002,-0.036,1.21,-4.60,123.41,0.0053,-0.0037,-0.0003,763.9733,775.0005,763.1356,774.7817
0,-3.397,1.209,15.35,fixed,7.35,2.489,-1.645,2.500,-1.641,-1.645,0.007,0.001,-0.036,1.22,-4.60,123.41,0.0039,-0.0009,0.0002,763.6135,775.1582,762.9630,774.7949
0,-3.397,1.209,15.40,fixed,7.40,2.489,-1.645,2.500,-1.641,-1.645,0.006,0.000,-0.036,1.22,-4.61,123.41,0.0023,-0.0015,-0.0003,763.8580,774.7784,762.8502,774.6991
0,-3.397,1.209,15.45,fixed,7.45,2.489,-1.645,2.501,-1.640,-1.645,0.004,-0.001,-0.037,1.23,-4.61,123.41,0.0002,-0.0002,-0.0007,763.4865,774.8945,762.1734,775.0612
0,-3.397,1.209,15.50,fixed,7.50,2.489,-1.645,2.502,-1.640,-1.646,0.001,-0.002,-0.037,1.23,-4.62,123.41,0.0003,-0.0002,0.0003,763.5098,774.6219,762.3969,774.6497
0,-3.397,1.209,15.55,fixed,7.55,2.489,-1.645,2.502,-1.639,-1.646,-0.000,-0.003,-0.037,1.22,-4.62,123.41,-0.0030,-0.0011,0.0004,763.5214,774.3395,762.8752,774.0652
0,-3.397,1.209,15.60,fixed,7.60,2.489,-1.645,2.502,-1.639,-1.646,-0.003,-0.004,-0.037,1.21,-4.62,123.41,-0.0032,0.0008,-0.0003,763.4041,774.3541,762.5198,774.2769
0,-3.397,1.209,15.65,fixed,7.65,2.489,-1.645,2.502,-1.639,-1.647,-0.005,-0.005,-0.037,1.20,-4.62,123.41,-0.0041,0.0011,-0.0005,762.8893,774.6998,762.1907,774.4191
0,-3.397,1.209,15.70,fixed,7.70,2.489,-1.645,2.502,-1.639,-1.647,-0.007,-0.006,-0.037,1.19,-4.61,123.41,-0.0056,0.0025,-0.0002,762.9030,774.6068,762.3194,774.1406
0,-3.397,1.209,15.75,fixed,7.75,2.489,-1.645,2.501,-1.639,-1.647,-0.008,-0.007,-0.036,1.18,-4.61,123.41,-0.0054,0.0019,0.0002,763.2399,774.3336,762.3022,774.2458
0,-3.397,1.209,15.80,fixed,7.80,2.489,-1.645,2.501,-1.639,-1.647,-0.010,-0.008,-0.036,1.16,-4.60,123.41,-0.0058,0.0006,-0.0004,762.9621,774.7839,762.4907,774.2087
0,-3.397,1.209,15.85,fixed,7.85,2.489,-1.645,2.501,-1.640,-1.647,-0.011,-0.009,-0.035,1.14,-4.60,123.41,-0.0079,0.0006,-0.0003,763.3430,774.7610,762.5566,774.3860
0,-3.397,1.209,15.90,fixed,7.90,2.489,-1.645,2.501,-1.641,-1.647,-0.013,-0.011,-0.035,1.12,-4.60,123.41,-0.0070,-0.0009,-0.0005,763.4993,774.7156,762.4576,774.5737
0,-3.397,1.209,15.95,fixed,7.95,2.489,-1.645,2.500,-1.642,-1.647,-0.014,-0.012,-0.036,1.10,-4.60,123.41,-0.0083,-0.0007,0.0003,763.2095,774.8158,762.5328,774.3976
0,-3.397,1.209,16.00,gust,0.00,2.489,-1.645,2.500,-1.643,-1.648,-0.016,-0.013,-0.035,1.08,-4.61,123.41,-0.0084,-0.0024,0.0005,763.2564,774.6931,762.5733,774.2565
0,-3.284,1.322,16.05,gust,0.05,2.489,-1.645,2.499,-1.644,-1.648,-0.017,-0.014,-0.035,1.06,-4.61,123.41,-0.0078,-0.0025,-0.0004,763.4299,774.4000,762.7556,774.0283
0,-3.171,1.435,16.10,gust,0.10,2.489,-1.645,2.497,-1.645,-1.649,-0.018,-0.015,-0.035,1.03,-4.62,123.42,-0.0087,-0.0008,0.0003,763.0864,774.4644,762.4568,774.0568
0,-3.058,1.547,16.15,gust,0.15,2.489,-1.645,2.497,-1.646,-1.649,-0.019,-0.015,-0.035,1.01,-4.62,123.41,-0.0082,-0.0018,-0.0007,762.8038,774.5449,762.3671,773.9678
0,-2.947,1.658,16.20,gust,0.20,2.489,-1.645,2.495,-1.647,-1.650,-0.020,-0.016,-0.035,0.98,-4.63,123.41,-0.0095,-0.0010,-0.0005,763.0380,774.2529,762.4004,773.7881
0,-2.837,1.768,16.25,gust,0.25,2.489,-1.645,2.494,-1.648,-1.650,-0.020,-0.016,-0.034,0.96,-4.63,123.41,-0.0092,-0.0011,-0.0001,763.1837,774.1300,762.2305,773.8206
0,-2.728,1.877,16.30,gust,0.30,2.489,-1.645,2.492,-1.649,-1.651,-0.021,-0.016,-0.033,0.93,-4.64,123.41,-0.0083,-0.0008,0.0002,763.1300,774.1804,762.2238,773.7015
0,-2.622,1.984,16.35,gust,0.35,2.489,-1.645,2.491,-1.649,-1.651,-0.021,-0.015,-0.033,0.91,-4.64,123.41,-0.0093,0.0005,-0.0002,762.5771,774.5607,761.9141,773.9537
0,-2.517,2.088,16.40,gust,0.40,2.489,-1.645,2.489,-1.650,-1.652,-0.021,-0.014,-0.033,0.89,-4.64,123.41,-0.0078,0.0005,-0.0006,763.1664,773.9864,762.3037,773.6075
0,-2.415,2.191,16.45,gust,0.45,2.489,-1.645,2.488,-1.650,-1.652,-0.021,-0.013,-0.032,0.87,-4.63,123.41,-0.0071,0.0026,-0.0007,762.5876,774.5326,761.9409,773.9183
0,-2.315,2.290,16.50,gust,0.50,2.489,-1.645,2.487,-1.650,-1.652,-0.021,-0.012,-0.032,0.85,-4.63,123.40,-0.0053,0.0031,0.0002,762.7787,774.2322,762.2850,773.3895
0,-2.219,2.387,16.55,gust,0.55,2.489,-1.645,2.485,-1.650,-1.653,-0.021,-0.011,-0.031,0.84,-4.62,123.40,-0.0043,0.0032,-0.0002,762.6646,774.2657,762.2324,773.5385
0,-2.125,2.480,16.60,gust,0.60,2.489,-1.645,2.484,-1.650,-1.654,-0.020,-0.009,-0.030,0.83,-4.61,123.40,-0.0029,0.0042,-0.0010,762.9041,773.9636,762.1052,773.5187
0,-2.035,2.570,16.65,gust,0.65,2.489,-1.645,2.483,-1.649,-1.655,-0.019,-0.008,-0.030,0.82,-4.60,123.40,-0.0034,0.0054,-0.0001,762.5802,774.1824,761.9449,773.4553
0,-1.949,2.656,16.70,gust,0.70,2.489,-1.645,2.482,-1.649,-1.655,-0.018,-0.006,-0.029,0.82,-4.58,123.40,-0.0008,0.0056,-0.0006,762.5905,774.1951,761.8285,773.5095
0,-1.867,2.738,16.75,gust,0.75,2.489,-1.645,2.481,-1.649,-1.656,-0.017,-0.006,-0.029,0.81,-4.57,123.40,0.0007,0.0041,-0.0008,762.4598,774.3564,761.6058,773.6957
0,-1.789,2.816,16.80,gust,0.80,2.489,-1.645,2.480,-1.649,-1.657,-0.015,-0.005,-0.028,0.81,-4.55,123.40,0.0010,0.0035,-0.0000,762.4043,774.3284,761.6790,773.5342
0,-1.716,2.890,16.85,gust,0.85,2.489,-1.645,2.480,-1.648,-1.658,-0.014,-0.004,-0.027,0.82,-4.55,123.40,0.0014,0.0041,0.0004,762.2711,774.3877,761.5778,773.4956
0,-1.647,2.959,16.90,gust,0.90,2.489,-1.645,2.479,-1.649,-1.659,-0.012,-0.004,-0.026,0.82,-4.54,123.40,0.0029,0.0028,0.0001,762.3115,774.2523,761.7113,773.4301
0,-1.583,3.023,16.95,gust,0.95,2.489,-1.645,2.479,-1.649,-1.659,-0.011,-0.004,-0.026,0.83,-4.53,123.40,0.0024,0.0013,0.0006,762.5378,774.0880,761.6476,773.4506
0,-1.523,3.082,17.00,gust,1.00,2.489,-1.645,2.606,-1.549,-1.651,0.020,0.031,-0.033,3.22,-4.34,123.42,0.0019,0.0063,0.0005,760.8457,776.7153,767.3906,769.6654
0,-1.469,3.136,17.05,gust,1.05,2.489,-1.645,2.606,-1.549,-1.651,0.020,0.031,-0.033,3.22,-4.34,123.42,0.0019,0.0063,0.0005,760.8457,776.7153,767.3906,769.6654
0,-1.421,3.185,17.10,gust,1.10,2.489,-1.645,2.607,-1.547,-1.651,0.017,0.029,-0.033,3.22,-4.32,123.42,0.0002,0.0060,-0.0008,761.6010,776.1382,767.8610,769.3669
0,-1.377,3.228,17.15,gust,1.15,2.489,-1.645,2.607,-1.545,-1.650,0.011,0.026,-0.033,3.22,-4.30,123.42,-0.0019,0.0071,-0.0009,761.1032,776.6486,767.6012,769.6263
0,-1.339,3.266,17.20,gust,1.20,2.489,-1.645,2.607,-1.544,-1.650,0.007,0.024,-0.033,3.21,-4.29,123.42,-0.0030,0.0079,-0.0002,761.2745,776.4744,768.0291,769.2046
0,-1.307,3.298,17.25,gust,1.25,2.489,-1.645,2.606,-1.541,-1.650,0.001,0.020,-0.033,3.20,-4.26,123.42,-0.0041,0.0092,0.0003,761.1060,776.5096,767.6563,769.3503
0,-1.281,3.324,17.30,gust,1.30,2.489,-1.645,2.606,-1.540,-1.650,-0.002,0.019,-0.033,3.19,-4.24,123.42,-0.0051,0.0085,-0.0008,761.1611,776.3040,767.9648,768.9986
0,-1.260,3.345,17.35,gust,1.35,2.489,-1.645,2.605,-1.538,-1.651,-0.008,0.016,-0.033,3.17,-4.22,123.42,-0.0050,0.0078,-0.0010,760.8187,776.5458,767.7299,769.0469
0,-1.245,3.360,17.40,gust,1.40,2.489,-1.645,2.604,-1.537,-1.651,-0.010,0.014,-0.033,3.16,-4.20,123.42,-0.0057,0.0076,-0.0003,760.7278,776.4768,767.6923,768.9028
0,-1.237,3.369,17.45,gust,1.45,2.489,-1.645,2.602,-1.535,-1.651,-0.016,0.010,-0.033,3.14,-4.17,123.42,-0.0067,0.0076,-0.0011,760.5427,776.5266,767.3508,768.9776
0,-1.234,3.372,17.50,gust,1.50,2.489,-1.645,2.601,-1.535,-1.652,-0.018,0.008,-0.033,3.12,-4.15,123.42,-0.0074,0.0095,-0.0009,760.6935,776.3159,767.4861,768.6689
0,-1.237,3.369,17.55,gust,1.55,2.489,-1.645,2.598,-1.534,-1.652,-0.022,0.004,-0.032,3.10,-4.13,123.42,-0.0093,0.0066,-0.0012,760.7401,776.2203,767.4846,768.4773
0,-1.245,3.360,17.60,gust,1.60,2.489,-1.645,2.597,-1.534,-1.653,-0.024,0.002,-0.032,3.07,-4.11,123.42,-0.0086,0.0056,-0.0016,760.2650,776.6198,767.1461,768.7723
0,-1.260,3.345,17.65,gust,1.65,2.489,-1.645,2.594,-1.535,-1.653,-0.028,-0.003,-0.031,3.04,-4.09,123.42,-0.0098,0.0044,-0.0002,760.3374,776.5198,767.2643,768.5137
0,-1.281,3.324,17.70,gust,1.70,2.489,-1.645,2.592,-1.535,-1.654,-0.029,-0.005,-0.031,3.02,-4.08,123.41,-0.0125,0.0030,-0.0010,760.5931,776.2141,767.1639,768.5497
0,-1.307,3.298,17.75,gust,1.75,2.489,-1.645,2.589,-1.536,-1.654,-0.032,-0.009,-0.030,2.99,-4.07,123.41,-0.0113,0.0030,-0.0012,760.4867,776.4851,766.9678,768.8186
0,-1.339,3.266,17.80,gust,1.80,2.489,-1.645,2.588,-1.536,-1.654,-0.033,-0.011,-0.030,2.95,-4.07,123.41,-0.0124,0.0025,-0.0004,760.8135,776.3978,767.6996,768.3129
0,-1.377,3.228,17.85,gust,1.85,2.489,-1.645,2.584,-1.537,-1.654,-0.035,-0.015,-0.029,2.92,-4.07,123.41,-0.0120,0.0005,-0.0013,761.2358,776.2889,767.6333,768.5399
0,-1.421,3.185,17.90,gust,1.90,2.489,-1.645,2.582,-1.538,-1.654,-0.036,-0.016,-0.029,2.89,-4.06,123.41,-0.0114,0.0010,-0.0013,761.1226,776.6961,767.7893,768.6296
0,-1.469,3.136,17.95,gust,1.95,2.489,-1.645,2.578,-1.539,-1.653,-0.038,-0.019,-0.028,2.85,-4.06,123.41,-0.0119,0.0020,-0.0005,761.3134,776.6512,768.1231,768.5141
0,-1.523,3.082,18.00,gust,2.00,2.489,-1.645,2.576,-1.539,-1.653,-0.039,-0.020,-0.028,2.82,-4.06,123.40,-0.0127,0.0016,-0.0010,761.2557,776.8860,767.8887,768.9816
0,-1.583,3.023,18.05,gust,2.05,2.489,-1.645,2.571,-1.540,-1.653,-0.040,-0.022,-0.028,2.79,-4.05,123.40,-0.0120,0.0020,0.0003,761.3266,776.9676,768.1501,768.8665
0,-1.647,2.959,18.10,gust,2.10,2.489,-1.645,2.569,-1.541,-1.652,-0.040,-0.023,-0.028,2.76,-4.05,123.40,-0.0116,0.0035,0.0003,761.6625,776.8711,768.4633,768.8242
0,-1.716,2.890,18.15,gust,2.15,2.489,-1.645,2.564,-1.542,-1.652,-0.040,-0.024,-0.029,2.73,-4.04,123.39,-0.0111,0.0035,-0.0003,761.5568,777.1207,768.5379,768.7864
0,-1.789,2.816,18.20,gust,2.20,2.489,-1.645,2.563,-1.543,-1.652,-0.040,-0.025,-0.029,2.70,-4.03,123.39,-0.0091,0.0042,-0.0000,761.4589,777.3382,768.4275,768.9307
0,-1.867,2.738,18.25,gust,2.25,2.489,-1.645,2.559,-1.544,-1.651,-0.039,-0.026,-0.029,2.67,-4.02,123.39,-0.0082,0.0027,-0.0006,761.8571,777.0402,768.7001,768.7282
0,-1.949,2.656,18.30,gust,2.30,2.489,-1.645,2.557,-1.545,-1.651,-0.038,-0.026,-0.029,2.65,-4.02,123.39,-0.0076,0.0028,-0.0002,761.4867,777.4904,768.4892,768.9543
0,-2.035,2.570,18.35,gust,2.35,2.489,-1.645,2.554,-1.546,-1.650,-0.036,-0.026,-0.030,2.63,-4.01,123.39,-0.0055,0.0026,0.0010,761.4942,777.5613,768.3130,769.0134
0,-2.125,2.480,18.40,gust,2.40,2.489,-1.645,2.552,-1.547,-1.650,-0.035,-0.026,-0.030,2.61,-4.01,123.38,-0.0037,0.0016,0.0005,761.7275,777.4590,768.6310,768.8965
0,-2.219,2.387,18.45,gust,2.45,2.489,-1.645,2.550,-1.548,-1.649,-0.033,-0.027,-0.031,2.60,-4.00,123.39,-0.0031,0.0004,0.0016,761.6299,777.6823,768.4777,769.2366
0,-2.315,2.290,18.50,gust,2.50,2.489,-1.645,2.549,-1.549,-1.649,-0.032,-0.027,-0.031,2.60,-4.00,123.39,-0.0021,0.0005,0.0015,761.7382,777.6456,768.6957,769.3088
0,-2.415,2.191,18.55,gust,2.55,2.489,-1.645,2.547,-1.550,-1.648,-0.029,-0.028,-0.032,2.59,-4.00,123.39,-0.0022,0.0002,-0.0002,761.6665,777.7474,768.7738,769.2822
0,-2.517,2.088,18.60,gust,2.60,2.489,-1.645,2.546,-1.551,-1.647,-0.028,-0.028,-0.032,2.59,-4.00,123.39,-0.0011,0.0004,0.0004,762.2228,777.2504,769.0090,769.1096
0,-2.622,1.984,18.65,gust,2.65,2.489,-1.645,2.544,-1.553,-1.647,-0.025,-0.028,-0.033,2.59,-4.01,123.39,0.0016,-0.0015,0.0009,761.9026,777.6089,768.8148,769.2846
0,-2.728,1.877,18.70,gust,2.70,2.489,-1.645,2.543,-1.554,-1.646,-0.024,-0.028,-0.034,2.60,-4.01,123.39,0.0015,-0.0023,0.0019,761.7888,777.6937,768.5498,769.5782
0,-2.837,1.768,18.75,gust,2.75,2.489,-1.645,2.542,-1.555,-1.646,-0.021,-0.029,-0.035,2.60,-4.02,123.40,0.0025,-0.0032,0.0004,761.8275,777.4306,769.0536,769.0178
0,-2.947,1.658,18.80,gust,2.80,2.489,-1.645,2.542,-1.556,-1.646,-0.020,-0.029,-0.035,2.61,-4.03,123.40,0.0011,-0.0033,0.0003,761.6822,777.4626,768.4120,769.6619
0,-3.058,1.547,18.85,gust,2.85,2.489,-1.645,2.541,-1.558,-1.645,-0.018,-0.030,-0.036,2.61,-4.04,123.40,0.0023,-0.0036,0.0001,761.7584,777.2061,768.4238,769.4895
0,-3.171,1.435,18.90,gust,2.90,2.489,-1.645,2.540,-1.559,-1.645,-0.016,-0.030,-0.036,2.62,-4.05,123.40,0.0016,-0.0049,0.0012,761.4858,777.1512,768.3703,769.3743
0,-3.284,1.322,18.95,gust,2.95,2.489,-1.645,2.540,-1.561,-1.645,-0.014,-0.030,-0.037,2.62,-4.06,123.41,0.0031,-0.0052,0.0007,761.4081,776.9163,768.7630,768.8389
0,-3.397,1.209,19.00,gust,3.00,2.489,-1.645,2.445,-1.735,-1.646,-0.042,-0.010,-0.036,0.84,-4.84,123.40,-0.0045,0.0036,0.0004,763.1743,775.3719,763.2278,773.9328
0,-3.510,1.095,19.05,gust,3.05,2.489,-1.645,2.445,-1.735,-1.646,-0.042,-0.010,-0.036,0.84,-4.84,123.40,-0.0045,0.0036,0.0004,763.1743,775.3719,763.2278,773.9328
0,-3.623,0.982,19.10,gust,3.10,2.489,-1.645,2.442,-1.736,-1.646,-0.041,-0.006,-0.036,0.83,-4.83,123.40,-0.0037,0.0030,0.0002,763.0762,775.3052,763.1563,774.0998
0,-3.735,0.870,19.15,gust,3.15,2.489,-1.645,2.441,-1.736,-1.646,-0.041,-0.004,-0.037,0.82,-4.82,123.41,-0.0047,0.0036,0.0007,763.0737,775.2127,763.1334,774.1232
0,-3.846,0.759,19.20,gust,3.20,2.489,-1.645,2.439,-1.736,-1.646,-0.040,-0.002,-0.037,0.81,-4.81,123.41,-0.0060,0.0039,0.0007,762.9795,775.1083,763.2413,773.9351
0,-3.957,0.649,19.25,gust,3.25,2.489,-1.645,2.436,-1.737,-1.646,-0.039,0.001,-0.037,0.79,-4.79,123.41,-0.0072,0.0053,0.0005,762.7823,775.1273,763.0273,774.0405
0,-4.065,0.540,19.30,gust,3.30,2.489,-1.645,2.434,-1.736,-1.646,-0.038,0.003,-0.037,0.78,-4.78,123.42,-0.0068,0.0056,0.0000,762.8677,774.7886,762.9294,774.0031
0,-4.172,0.433,19.35,gust,3.35,2.489,-1.645,2.431,-1.736,-1.646,-0.037,0.006,-0.037,0.75,-4.76,123.42,-0.0072,0.0057,-0.0005,762.6416,774.8352,762.9761,773.8649
0,-4.277,0.329,19.40,gust,3.40,2.489,-1.645,2.430,-1.735,-1.646,-0.036,0.008,-0.037,0.74,-4.74,123.42,-0.0070,0.0067,0.0001,762.6588,774.9072,763.1172,773.7402
0,-4.379,0.226,19.45,gust,3.45,2.489,-1.645,2.428,-1.733,-1.646,-0.033,0.012,-0.036,0.72,-4.72,123.42,-0.0044,0.0074,0.0001,762.6906,774.9167,763.0482,773.9354
0,-4.478,0.127,19.50,gust,3.50,2.489,-1.645,2.427,-1.732,-1.646,-0.032,0.014,-0.036,0.71,-4.70,123.42,-0.0032,0.0078,-0.0013,762.9119,774.9048,763.1677,773.8577
0,-4.575,0.030,19.55,gust,3.55,2.489,-1.645,2.425,-1.730,-1.646,-0.029,0.017,-0.035,0.70,-4.67,123.42,-0.0016,0.0089,-0.0006,762.9478,775.2918,763.1375,774.2842
0,-4.668,-0.063,19.60,gust,3.60,2.489,-1.645,2.424,-1.729,-1.646,-0.027,0.019,-0.035,0.70,-4.65,123.42,0.0011,0.0094,-0.0001,763.2712,775.4131,763.0536,774.5764
0,-4.758,-0.153,19.65,gust,3.65,2.489,-1.645,2.422,-1.726,-1.645,-0.024,0.022,-0.035,0.70,-4.62,123.42,0.0006,0.0088,-0.0003,763.0828,775.7885,763.3144,774.4769
0,-4.844,-0.239,19.70,gust,3.70,2.489,-1.645,2.421,-1.724,-1.645,-0.022,0.024,-0.035,0.71,-4.60,123.42,0.0025,0.0097,-0.0006,763.2623,775.7097,763.2754,774.6339
0,-4.926,-0.321,19.75,gust,3.75,2.489,-1.645,2.420,-1.720,-1.644,-0.019,0.026,-0.035,0.72,-4.57,123.41,0.0038,0.0114,-0.0015,763.0926,776.0353,762.9303,775.0926
0,-5.004,-0.399,19.80,gust,3.80,2.489,-1.645,2.419,-1.719,-1.644,-0.017,0.028,-0.036,0.73,-4.54,123.41,0.0054,0.0077,-0.0004,763.7188,775.2698,763.5070,774.3846
0,-5.078,-0.473,19.85,gust,3.85,2.489,-1.645,2.419,-1.715,-1.644,-0.014,0.029,-0.036,0.75,-4.52,123.41,0.0064,0.0098,-0.0004,763.5723,775.3632,762.9835,774.7756
0,-5.147,-0.542,19.90,gust,3.90,2.489,-1.645,2.418,-1.713,-1.644,-0.012,0.030,-0.037,0.76,-4.49,123.41,0.0058,0.0083,-0.0011,763.3662,775.4290,763.2302,774.2797
0,-5.211,-0.606,19.95,gust,3.95,2.489,-1.645,2.418,-1.709,-1.644,-0.009,0.031,-0.037,0.79,-4.47,123.41,0.0075,0.0078,0.0008,763.3870,775.3223,762.9420,774.5472
0,-5.270,-0.665,20.00,gust,4.00,2.489,-1.645,2.042,-1.559,-1.665,-0.078,-0.443,-0.027,-4.51,-0.65,123.79,-0.0453,-0.1421,-0.0240,771.3931,766.2171,760.6500,779.5792
0,-5.324,-0.719,20.05,gust,4.05,2.489,-1.645,2.042,-1.559,-1.665,-0.078,-0.443,-0.027,-4.51,-0.65,123.79,-0.0453,-0.1421,-0.0240,771.3931,766.2171,760.6500,779.5792
0,-5.373,-0.768,20.10,gust,4.10,2.489,-1.645,2.042,-1.575,-1.666,-0.056,-0.446,-0.027,-4.60,-0.98,123.81,-0.0351,-0.1403,-0.0241,770.7825,766.0940,760.2380,779.5393
0,-5.416,-0.811,20.15,gust,4.15,2.489,-1.645,2.045,-1.609,-1.668,-0.008,-0.447,-0.026,-4.70,-1.46,123.82,-0.0194,-0.1380,-0.0252,770.0844,766.0123,759.6815,779.4915
0,-5.454,-0.849,20.20,gust,4.20,2.489,-1.645,2.047,-1.624,-1.669,0.012,-0.446,-0.026,-4.73,-1.77,123.83,-0.0089,-0.1357,-0.0257,769.6957,765.9845,759.2433,779.5660
0,-5.486,-0.881,20.25,gust,4.25,2.489,-1.645,2.054,-1.653,-1.671,0.052,-0.439,-0.025,-4.75,-2.24,123.85,0.0041,-0.1302,-0.0266,769.3521,766.0284,759.2045,779.1646
0,-5.513,-0.907,20.30,gust,4.30,2.489,-1.645,2.059,-1.667,-1.673,0.072,-0.435,-0.024,-4.73,-2.53,123.86,0.0123,-0.1283,-0.0276,769.2301,765.8582,758.8534,779.0941
0,-5.533,-0.928,20.35,gust,4.35,2.489,-1.645,2.066,-1.684,-1.674,0.095,-0.428,-0.023,-4.68,-2.91,123.87,0.0235,-0.1214,-0.0271,768.6482,766.1252,758.4349,778.9421
0,-5.548,-0.943,20.40,gust,4.40,2.489,-1.645,2.078,-1.711,-1.677,0.129,-0.414,-0.022,-4.60,-3.24,123.87,0.0315,-0.1151,-0.0280,768.8224,765.8666,758.1033,778.6884
0,-5.557,-0.952,20.45,gust,4.45,2.489,-1.645,2.092,-1.735,-1.679,0.161,-0.396,-0.020,-4.48,-3.64,123.86,0.0400,-0.1090,-0.0291,768.4777,766.1951,757.4808,778.7401
0,-5.560,-0.955,20.50,gust,4.50,2.489,-1.645,2.100,-1.747,-1.680,0.176,-0.387,-0.019,-4.38,-3.89,123.86,0.0467,-0.1025,-0.0297,768.2377,766.4048,757.1686,778.3106
0,-5.557,-0.952,20.55,gust,4.55,2.489,-1.645,2.119,-1.772,-1.683,0.205,-0.363,-0.017,-4.21,-4.23,123.84,0.0534,-0.0951,-0.0297,767.9634,766.8075,756.4692,778.3794
0,-5.548,-0.943,20.60,gust,4.60,2.489,-1.645,2.128,-1.782,-1.684,0.217,-0.352,-0.016,-4.08,-4.45,123.83,0.0570,-0.0902,-0.0295,768.0784,766.8274,756.3118,777.8502
0,-5.533,-0.928,20.65,gust,4.65,2.489,-1.645,2.147,-1.801,-1.686,0.238,-0.328,-0.013,-3.88,-4.75,123.81,0.0597,-0.0797,-0.0283,768.2988,766.8220,755.7677,777.5714
0,-5.513,-0.907,20.70,gust,4.70,2.489,-1.645,2.157,-1.810,-1.688,0.247,-0.316,-0.012,-3.74,-4.94,123.79,0.0630,-0.0744,-0.0287,768.3888,766.9571,755.3967,777.4631
0,-5.486,-0.881,20.75,gust,4.75,2.489,-1.645,2.179,-1.827,-1.690,0.264,-0.287,-0.010,-3.51,-5.18,123.76,0.0658,-0.0658,-0.0278,768.0134,767.4983,754.8013,777.4178
0,-5.454,-0.849,20.80,gust,4.80,2.489,-1.645,2.189,-1.834,-1.691,0.270,-0.274,-0.008,-3.36,-5.33,123.74,0.0656,-0.0596,-0.0277,767.8098,767.8535,754.6589,776.8985
0,-5.416,-0.811,20.85,gust,4.85,2.489,-1.645,2.210,-1.846,-1.694,0.280,-0.248,-0.006,-3.12,-5.53,123.72,0.0669,-0.0502,-0.0266,768.1142,767.7191,754.0826,777.0353
0,-5.373,-0.768,20.90,gust,4.90,2.489,-1.645,2.220,-1.852,-1.695,0.284,-0.235,-0.004,-2.97,-5.65,123.70,0.0666,-0.0457,-0.0257,767.8933,768.2115,753.9559,776.8240
0,-5.324,-0.719,20.95,gust,4.95,2.489,-1.645,2.244,-1.862,-1.697,0.290,-0.206,-0.001,-2.73,-5.79,123.67,0.0660,-0.0376,-0.0241,767.9838,768.4415,753.8617,776.7473
0,-5.270,-0.665,21.00,gust,5.00,2.489,-1.645,2.254,-1.866,-1.698,0.291,-0.194,-0.000,-2.58,-5.88,123.65,0.0658,-0.0317,-0.0217,767.7959,768.7819,753.6760,776.7136
0,-5.211,-0.606,21.05,gust,5.05,2.489,-1.645,2.275,-1.873,-1.699,0.293,-0.169,0.002,-2.36,-5.98,123.62,0.0631,-0.0251,-0.0215,768.0093,768.8275,753.7137,776.6935
0,-5.147,-0.542,21.10,gust,5.10,2.489,-1.645,2.285,-1.876,-1.700,0.292,-0.157,0.004,-2.21,-6.04,123.60,0.0623,-0.0215,-0.0197,767.9550,769.0634,753.4009,776.8063
0,-5.078,-0.473,21.15,gust,5.15,2.489,-1.645,2.308,-1.881,-1.701,0.290,-0.130,0.006,-1.99,-6.11,123.58,0.0597,-0.0156,-0.0171,768.0520,769.2299,753.5862,776.8585
0,-5.004,-0.399,21.20,gust,5.20,2.489,-1.645,2.318,-1.882,-1.702,0.288,-0.119,0.007,-1.86,-6.14,123.57,0.0574,-0.0120,-0.0163,767.8772,769.6868,753.5825,777.1389
0,-4.926,-0.321,21.25,gust,5.25,2.489,-1.645,2.337,-1.884,-1.702,0.282,-0.097,0.009,-1.66,-6.18,123.56,0.0560,-0.0071,-0.0166,767.6389,770.1027,753.8375,777.1593
0,-4.844,-0.239,21.30,gust,5.30,2.489,-1.645,2.347,-1.884,-1.702,0.279,-0.087,0.010,-1.53,-6.20,123.55,0.0541,-0.0042,-0.0153,767.8770,770.2110,753.9526,777.5216
0,-4.758,-0.153,21.35,gust,5.35,2.489,-1.645,2.367,-1.884,-1.702,0.269,-0.065,0.012,-1.35,-6.21,123.54,0.0505,0.0016,-0.0133,767.6240,770.7776,754.1935,777.8781
0,-4.668,-0.063,21.40,gust,5.40,2.489,-1.645,2.376,-1.883,-1.702,0.264,-0.056,0.012,-1.23,-6.20,123.54,0.0493,0.0033,-0.0114,767.7508,770.8691,754.3873,778.3037
0,-4.575,0.030,21.45,gust,5.45,2.489,-1.645,2.393,-1.882,-1.701,0.254,-0.039,0.013,-1.08,-6.19,123.53,0.0446,0.0071,-0.0096,767.8193,771.1534,754.6799,778.6176
0,-4.478,0.127,21.50,gust,5.50,2.489,-1.645,2.401,-1.881,-1.700,0.248,-0.031,0.013,-0.96,-6.17,123.51,0.0418,0.0079,-0.0098,767.9004,771.2704,755.0317,778.7523
0,-4.379,0.226,21.55,gust,5.55,2.489,-1.645,2.416,-1.880,-1.699,0.235,-0.017,0.014,-0.84,-6.15,123.50,0.0378,0.0108,-0.0094,767.6384,771.6913,755.0616,779.0690
0,-4.277,0.329,21.60,gust,5.60,2.489,-1.645,2.424,-1.878,-1.699,0.229,-0.010,0.014,-0.74,-6.12,123.49,0.0328,0.0117,-0.0082,767.7853,771.6588,755.0746,779.3303
0,-4.172,0.433,21.65,gust,5.65,2.489,-1.645,2.439,-1.875,-1.698,0.213,0.003,0.013,-0.65,-6.08,123.48,0.0306,0.0118,-0.0083,767.3519,772.0244,755.1411,779.1597
0,-4.065,0.540,21.70,gust,5.70,2.489,-1.645,2.445,-1.874,-1.698,0.206,0.008,0.013,-0.56,-6.05,123.46,0.0263,0.0129,-0.0065,767.3394,772.0338,754.8858,779.4050
0,-3.957,0.649,21.75,gust,5.75,2.489,-1.645,2.458,-1.871,-1.698,0.192,0.017,0.013,-0.49,-6.01,123.45,0.0223,0.0133,-0.0062,767.1958,772.0953,755.0688,779.2181
0,-3.846,0.759,21.80,gust,5.80,2.489,-1.645,2.463,-1.870,-1.697,0.185,0.021,0.013,-0.43,-5.97,123.44,0.0193,0.0136,-0.0054,767.1766,772.0909,755.2725,779.0645
0,-3.735,0.870,21.85,gust,5.85,2.489,-1.645,2.474,-1.866,-1.697,0.172,0.028,0.013,-0.38,-5.94,123.43,0.0149,0.0140,-0.0048,766.6812,772.3854,755.0119,779.1455
0,-3.623,0.982,21.90,gust,5.90,2.489,-1.645,2.479,-1.865,-1.697,0.165,0.032,0.012,-0.34,-5.90,123.42,0.0134,0.0139,-0.0043,766.8853,772.0316,755.1694,778.8636
0,-3.510,1.095,21.95,gust,5.95,2.489,-1.645,2.490,-1.861,-1.697,0.149,0.038,0.012,-0.30,-5.86,123.41,0.0118,0.0132,-0.0034,766.8235,771.7947,755.1500,778.6074
0,-3.397,1.209,22.00,gust,6.00,2.489,-1.645,2.809,-1.350,-1.692,0.165,-0.403,-0.004,5.81,-4.73,123.08,-0.0974,-0.1037,0.0442,759.2258,773.1881,768.3339,770.6317
0,-3.284,1.322,22.05,gust,6.05,2.489,-1.645,2.809,-1.350,-1.692,0.165,-0.403,-0.004,5.81,-4.73,123.08,-0.0974,-0.1037,0.0442,759.2258,773.1881,768.3339,770.6317
0,-3.171,1.435,22.10,gust,6.10,2.489,-1.645,2.814,-1.380,-1.693,0.128,-0.421,-0.003,5.53,-5.02,123.11,-0.1014,-0.0939,0.0414,758.5701,773.2100,767.9577,771.3477
0,-3.058,1.547,22.15,gust,6.15,2.489,-1.645,2.815,-1.396,-1.693,0.110,-0.427,-0.002,5.22,-5.30,123.15,-0.1044,-0.0846,0.0383,758.4903,772.7272,768.3151,771.1997
0,-2.947,1.658,22.20,gust,6.20,2.489,-1.645,2.816,-1.426,-1.694,0.074,-0.436,-0.001,4.93,-5.54,123.18,-0.1071,-0.0760,0.0354,758.5308,772.3195,768.7109,770.9906
0,-2.837,1.768,22.25,gust,6.25,2.489,-1.645,2.815,-1.445,-1.695,0.053,-0.440,0.000,4.60,-5.76,123.21,-0.1084,-0.0656,0.0330,758.1281,772.6050,768.1462,771.6732
0,-2.728,1.877,22.30,gust,6.30,2.489,-1.645,2.813,-1.475,-1.695,0.020,-0.441,0.001,4.30,-5.94,123.24,-0.1084,-0.0577,0.0300,757.9761,772.6225,768.1418,771.4475
0,-2.622,1.984,22.35,gust,6.35,2.489,-1.645,2.810,-1.490,-1.696,0.004,-0.440,0.002,3.97,-6.11,123.26,-0.1068,-0.0486,0.0265,757.9034,772.6538,768.0085,771.4386
0,-2.517,2.088,22.40,gust,6.40,2.489,-1.645,2.804,-1.519,-1.697,-0.027,-0.436,0.004,3.68,-6.24,123.27,-0.1032,-0.0414,0.0247,758.1671,772.5610,767.4701,771.6611
0,-2.415,2.191,22.45,gust,6.45,2.489,-1.645,2.799,-1.537,-1.697,-0.045,-0.431,0.005,3.37,-6.36,123.28,-0.1024,-0.0313,0.0212,758.1569,772.6864,767.1364,771.5281
0,-2.315,2.290,22.50,gust,6.50,2.489,-1.645,2.790,-1.565,-1.698,-0.071,-0.421,0.006,3.09,-6.44,123.29,-0.0990,-0.0249,0.0191,758.4725,772.6699,766.9960,771.2521
0,-2.219,2.387,22.55,gust,6.55,2.489,-1.645,2.784,-1.579,-1.698,-0.084,-0.414,0.007,2.79,-6.51,123.29,-0.0971,-0.0180,0.0169,758.6613,772.8301,766.7953,771.0528
0,-2.125,2.480,22.60,gust,6.60,2.489,-1.645,2.773,-1.605,-1.699,-0.106,-0.400,0.008,2.53,-6.56,123.29,-0.0930,-0.0100,0.0138,758.5187,773.5112,766.0673,771.4993
0,-2.035,2.570,22.65,gust,6.65,2.489,-1.645,2.765,-1.620,-1.699,-0.119,-0.390,0.009,2.25,-6.59,123.29,-0.0876,-0.0053,0.0134,759.2694,773.4562,765.7374,771.4907
0,-1.949,2.656,22.70,gust,6.70,2.489,-1.645,2.753,-1.644,-1.700,-0.137,-0.371,0.011,2.01,-6.60,123.29,-0.0852,0.0003,0.0122,759.2497,774.0172,765.6382,771.4504
0,-1.867,2.738,22.75,gust,6.75,2.489,-1.645,2.746,-1.655,-1.700,-0.145,-0.362,0.012,1.76,-6.60,123.30,-0.0796,0.0054,0.0101,759.6929,774.2473,765.5701,771.3661
0,-1.789,2.816,22.80,gust,6.80,2.489,-1.645,2.732,-1.676,-1.699,-0.159,-0.341,0.013,1.55,-6.59,123.29,-0.0747,0.0072,0.0088,760.0089,774.7014,765.6703,771.1248
0,-1.716,2.890,22.85,gust,6.85,2.489,-1.645,2.724,-1.688,-1.699,-0.166,-0.327,0.014,1.33,-6.56,123.29,-0.0682,0.0133,0.0075,760.1243,775.2830,764.9136,771.7657
0,-1.647,2.959,22.90,gust,6.90,2.489,-1.645,2.709,-1.706,-1.698,-0.176,-0.304,0.014,1.15,-6.52,123.29,-0.0624,0.0167,0.0067,760.7819,775.1886,765.0643,771.5914
0,-1.583,3.023,22.95,gust,6.95,2.489,-1.645,2.702,-1.714,-1.698,-0.179,-0.292,0.015,0.97,-6.47,123.28,-0.0562,0.0202,0.0065,760.8517,775.6564,764.8058,771.7233
0,-1.523,3.082,23.00,gust,7.00,2.489,-1.645,2.604,-1.657,-1.662,0.016,0.079,-0.020,2.87,-4.39,123.40,0.0060,0.0028,0.0001,761.5784,777.0775,767.6459,769.9567
0,-1.469,3.136,23.05,gust,7.05,2.489,-1.645,2.604,-1.657,-1.662,0.016,0.079,-0.020,2.87,-4.39,123.40,0.0060,0.0028,0.0001,761.5784,777.0775,767.6459,769.9567
0,-1.421,3.185,23.10,gust,7.10,2.489,-1.645,2.605,-1.655,-1.662,0.015,0.078,-0.020,2.89,-4.37,123.40,0.0064,0.0038,-0.0001,761.3997,777.1832,767.9218,769.5420
0,-1.377,3.228,23.15,gust,7.15,2.489,-1.645,2.607,-1.651,-1.661,0.011,0.076,-0.021,2.90,-4.37,123.39,0.0058,0.0040,-0.0001,761.5673,776.9561,767.7994,769.3654
0,-1.339,3.266,23.20,gust,7.20,2.489,-1.645,2.608,-1.649,-1.661,0.009,0.075,-0.021,2.92,-4.35,123.39,0.0059,0.0038,-0.0013,761.4695,776.8803,767.8203,769.3068
0,-1.307,3.298,23.25,gust,7.25,2.489,-1.645,2.609,-1.646,-1.661,0.006,0.072,-0.022,2.94,-4.34,123.39,0.0062,0.0037,0.0003,761.5230,776.7310,767.5784,769.3087
0,-1.281,3.324,23.30,gust,7.30,2.489,-1.645,2.609,-1.644,-1.661,0.005,0.071,-0.022,2.96,-4.33,123.39,0.0052,0.0038,-0.0001,760.9547,777.3867,767.4997,769.3973
0,-1.260,3.345,23.35,gust,7.35,2.489,-1.645,2.610,-1.641,-1.660,0.001,0.068,-0.022,2.97,-4.31,123.39,0.0057,0.0059,-0.0003,761.2513,777.3232,767.3928,769.5934
0,-1.245,3.360,23.40,gust,7.40,2.489,-1.645,2.610,-1.640,-1.660,-0.001,0.067,-0.022,2.98,-4.30,123.39,0.0038,0.0047,-0.0012,761.5083,777.1638,767.7612,769.4159
0,-1.237,3.369,23.45,gust,7.45,2.489,-1.645,2.610,-1.637,-1.659,-0.005,0.063,-0.023,2.99,-4.29,123.39,0.0027,0.0037,-0.0007,761.7881,777.0601,767.9873,769.3302
0,-1.234,3.372,23.50,gust,7.50,2.489,-1.645,2.609,-1.636,-1.658,-0.007,0.061,-0.023,3.00,-4.27,123.39,0.0007,0.0035,-0.0000,761.5454,777.5255,767.8188,769.7781
0,-1.237,3.369,23.55,gust,7.55,2.489,-1.645,2.608,-1.634,-1.657,-0.011,0.057,-0.023,3.00,-4.26,123.39,-0.0016,0.0039,-0.0001,761.8436,777.4166,767.9839,769.7707
0,-1.245,3.360,23.60,gust,7.60,2.489,-1.645,2.607,-1.633,-1.657,-0.013,0.056,-0.024,3.00,-4.25,123.39,-0.0026,0.0032,0.0006,761.6822,777.4743,768.1573,769.6241
0,-1.260,3.345,23.65,gust,7.65,2.489,-1.645,2.605,-1.631,-1.657,-0.017,0.052,-0.025,2.99,-4.24,123.40,-0.0051,0.0044,0.0005,761.5418,777.3486,768.2438,769.4208
0,-1.281,3.324,23.70,gust,7.70,2.489,-1.645,2.605,-1.630,-1.656,-0.019,0.050,-0.025,2.97,-4.22,123.40,-0.0076,0.0044,0.0002,761.3569,777.2351,768.0325,769.4885
0,-1.307,3.298,23.75,gust,7.75,2.489,-1.645,2.602,-1.629,-1.656,-0.022,0.046,-0.026,2.96,-4.22,123.40,-0.0070,0.0029,-0.0002,761.3986,776.9395,767.8035,769.5884
0,-1.339,3.266,23.80,gust,7.80,2.489,-1.645,2.601,-1.629,-1.656,-0.024,0.044,-0.026,2.93,-4.20,123.40,-0.0082,0.0027,0.0003,761.0807,777.0265,768.0075,769.1819
0,-1.377,3.228,23.85,gust,7.85,2.489,-1.645,2.600,-1.629,-1.656,-0.026,0.040,-0.027,2.91,-4.20,123.41,-0.0096,0.0018,0.0004,761.1281,776.7815,767.9423,769.1041
0,-1.421,3.185,23.90,gust,7.90,2.489,-1.645,2.599,-1.629,-1.656,-0.027,0.038,-0.027,2.88,-4.19,123.41,-0.0097,-0.0004,-0.0001,761.0057,776.7314,767.7720,769.1644
0,-1.469,3.136,23.95,gust,7.95,2.489,-1.645,2.597,-1.629,-1.657,-0.028,0.033,-0.027,2.86,-4.19,123.41,-0.0100,-0.0005,0.0003,760.7490,776.7308,767.6544,769.0133
0,-3.397,1.209,24.00,fixed,0.00,2.489,-1.645,2.443,-1.716,-1.647,-0.042,-0.043,-0.035,0.67,-4.71,123.41,-0.0049,-0.0013,0.0002,763.3053,775.2125,763.4306,774.0300
0,-3.397,1.209,24.05,fixed,0.05,2.489,-1.645,2.443,-1.716,-1.647,-0.042,-0.043,-0.035,0.67,-4.71,123.41,-0.0049,-0.0013,0.0002,763.3053,775.2125,763.4306,774.0300
0,-3.397,1.209,24.10,fixed,0.10,2.489,-1.645,2.442,-1.717,-1.647,-0.040,-0.041,-0.035,0.66,-4.71,123.41,-0.0032,0.0004,0.0000,763.5165,775.0356,763.5029,774.0889
0,-3.397,1.209,24.15,fixed,0.15,2.489,-1.645,2.440,-1.719,-1.647,-0.037,-0.036,-0.035,0.65,-4.71,123.41,-0.0036,-0.0012,-0.0003,763.2712,775.3408,763.4848,774.0981
0,-3.397,1.209,24.20,fixed,0.20,2.489,-1.645,2.439,-1.720,-1.647,-0.035,-0.034,-0.035,0.64,-4.71,123.41,-0.0020,0.0008,0.0002,763.0942,775.5109,763.1750,774.3608
0,-3.397,1.209,24.25,fixed,0.25,2.489,-1.645,2.437,-1.722,-1.647,-0.032,-0.030,-0.035,0.63,-4.71,123.41,-0.0021,-0.0004,0.0000,763.3046,775.3254,763.3622,774.1519
0,-3.397,1.209,24.30,fixed,0.30,2.489,-1.645,2.436,-1.723,-1.646,-0.030,-0.027,-0.036,0.63,-4.71,123.41,-0.0012,0.0002,0.0007,763.1666,775.4667,763.0171,774.5259
0,-3.397,1.209,24.35,fixed,0.35,2.489,-1.645,2.435,-1.724,-1.646,-0.027,-0.023,-0.036,0.63,-4.71,123.41,-0.0003,0.0010,0.0004,763.1309,775.4592,763.2854,774.2439
0,-3.397,1.209,24.40,fixed,0.40,2.489,-1.645,2.434,-1.725,-1.646,-0.025,-0.021,-0.036,0.63,-4.70,123.41,-0.0008,0.0007,-0.0002,763.2528,775.2859,763.1127,774.4227
0,-3.397,1.209,24.45,fixed,0.45,2.489,-1.645,2.433,-1.726,-1.646,-0.022,-0.016,-0.036,0.62,-4.70,123.41,0.0004,0.0021,-0.0011,763.6172,774.9077,763.4935,774.1556
0,-3.397,1.209,24.50,fixed,0.50,2.489,-1.645,2.433,-1.726,-1.646,-0.021,-0.014,-0.036,0.63,-4.70,123.41,0.0020,0.0026,-0.0004,763.4631,775.2313,763.3723,774.3193
0,-3.397,1.209,24.55,fixed,0.55,2.489,-1.645,2.432,-1.726,-1.645,-0.017,-0.009,-0.036,0.63,-4.69,123.41,0.0018,0.0017,-0.0005,763.5390,775.2050,763.0552,774.5872
0,-3.397,1.209,24.60,fixed,0.60,2.489,-1.645,2.432,-1.726,-1.645,-0.016,-0.007,-0.036,0.64,-4.69,123.42,0.0033,0.0032,-0.0003,763.6021,775.1610,763.3521,774.4691
0,-3.397,1.209,24.65,fixed,0.65,2.489,-1.645,2.431,-1.725,-1.645,-0.013,-0.003,-0.037,0.65,-4.68,123.42,0.0032,0.0027,-0.0001,763.5097,775.2269,763.2367,774.5354
0,-3.397,1.209,24.70,fixed,0.70,2.489,-1.645,2.431,-1.725,-1.645,-0.012,-0.002,-0.037,0.66,-4.67,123.42,0.0036,0.0034,-0.0002,763.4619,775.1049,763.1115,774.5794
0,-3.397,1.209,24.75,fixed,0.75,2.489,-1.645,2.431,-1.724,-1.646,-0.008,0.003,-0.037,0.67,-4.66,123.42,0.0052,0.0042,-0.0008,763.4832,774.9385,763.0328,774.4487
0,-3.397,1.209,24.80,fixed,0.80,2.489,-1.645,2.432,-1.723,-1.646,-0.007,0.005,-0.037,0.68,-4.65,123.42,0.0059,0.0054,-0.0001,763.2827,774.8644,762.9725,774.2557
0,-3.397,1.209,24.85,fixed,0.85,2.489,-1.645,2.432,-1.722,-1.647,-0.004,0.008,-0.037,0.70,-4.63,123.42,0.0068,0.0053,-0.0013,763.1565,774.6764,762.7195,774.0635
0,-3.397,1.209,24.90,fixed,0.90,2.489,-1.645,2.433,-1.721,-1.647,-0.003,0.010,-0.037,0.72,-4.62,123.42,0.0072,0.0044,-0.0009,763.0651,774.4043,762.5226,773.8425
0,-3.397,1.209,24.95,fixed,0.95,2.489,-1.645,2.434,-1.720,-1.649,-0.000,0.012,-0.036,0.74,-4.61,123.42,0.0076,0.0041,-0.0005,762.8588,774.2774,762.1830,773.9265
0,-3.397,1.209,25.00,fixed,1.00,2.489,-1.645,2.435,-1.719,-1.649,0.001,0.013,-0.036,0.76,-4.60,123.42,0.0088,0.0028,-0.0003,762.6973,774.2853,762.2488,773.7385
0,-3.397,1.209,25.05,fixed,1.05,2.489,-1.645,2.436,-1.718,-1.650,0.003,0.014,-0.035,0.78,-4.59,123.41,0.0083,0.0024,-0.0017,762.4464,774.5828,762.1335,773.8688
0,-3.397,1.209,25.10,fixed,1.10,2.489,-1.645,2.437,-1.718,-1.650,0.004,0.015,-0.035,0.81,-4.58,123.41,0.0076,0.0010,-0.0008,762.8398,774.3098,762.0492,773.9733
0,-3.397,1.209,25.15,fixed,1.15,2.489,-1.645,2.439,-1.718,-1.651,0.005,0.015,-0.033,0.83,-4.58,123.41,0.0068,-0.0002,0.0002,763.0173,774.4142,762.1002,774.0289
0,-3.397,1.209,25.20,fixed,1.20,2.489,-1.645,2.439,-1.718,-1.651,0.005,0.015,-0.033,0.85,-4.58,123.41,0.0052,-0.0023,0.0003,763.0189,774.5527,761.7385,774.3781
0,-3.397,1.209,25.25,fixed,1.25,2.489,-1.645,2.440,-1.719,-1.652,0.006,0.014,-0.032,0.86,-4.58,123.40,0.0029,-0.0021,-0.0008,762.8796,774.8251,761.9324,774.3571
0,-3.397,1.209,25.30,fixed,1.30,2.489,-1.645,2.440,-1.719,-1.652,0.006,0.014,-0.032,0.87,-4.59,123.40,0.0014,-0.0040,-0.0002,763.4637,774.5460,762.4975,773.9739
0,-3.397,1.209,25.35,fixed,1.35,2.489,-1.645,2.441,-1.720,-1.652,0.005,0.013,-0.031,0.87,-4.60,123.40,-0.0009,-0.0046,-0.0009,763.7672,774.5122,762.3243,774.3809
0,-3.397,1.209,25.40,fixed,1.40,2.489,-1.645,2.442,-1.721,-1.652,0.005,0.012,-0.031,0.87,-4.61,123.40,-0.0033,-0.0061,-0.0000,763.5367,774.8246,762.5170,774.2738
0,-3.397,1.209,25.45,fixed,1.45,2.489,-1.645,2.442,-1.722,-1.652,0.005,0.012,-0.031,0.86,-4.63,123.39,-0.0040,-0.0054,-0.0001,763.7554,774.7408,762.6110,774.2250
0,-3.397,1.209,25.50,fixed,1.50,2.489,-1.645,2.443,-1.722,-1.652,0.005,0.012,-0.030,0.85,-4.64,123.39,-0.0059,-0.0052,0.0014,763.4402,775.0586,762.5818,774.2208
0,-3.397,1.209,25.55,fixed,1.55,2.489,-1.645,2.443,-1.722,-1.653,0.005,0.013,-0.030,0.84,-4.66,123.39,-0.0033,-0.0036,0.0004,763.7383,774.8206,762.7243,774.2845
0,-3.397,1.209,25.60,fixed,1.60,2.489,-1.645,2.444,-1.722,-1.653,0.005,0.013,-0.030,0.83,-4.67,123.40,-0.0053,-0.0040,0.0002,763.9609,774.5172,763.0334,774.0321
0,-3.397,1.209,25.65,fixed,1.65,2.489,-1.645,2.445,-1.721,-1.653,0.005,0.015,-0.030,0.82,-4.68,123.40,-0.0034,-0.0026,0.0011,763.5845,774.8970,762.6423,774.3680
0,-3.397,1.209,25.70,fixed,1.70,2.489,-1.645,2.446,-1.721,-1.653,0.005,0.016,-0.030,0.81,-4.68,123.40,-0.0021,-0.0009,0.0009,763.4700,774.9860,762.6990,774.3829
0,-3.397,1.209,25.75,fixed,1.75,2.489,-1.645,2.447,-1.719,-1.653,0.006,0.018,-0.030,0.80,-4.68,123.40,0.0001,0.0001,0.0009,763.6143,774.7946,762.7856,774.2899
0,-3.397,1.209,25.80,fixed,1.80,2.489,-1.645,2.447,-1.719,-1.653,0.006,0.019,-0.030,0.81,-4.68,123.40,0.0014,0.0024,0.0008,763.4572,774.8739,762.6940,774.3654
0,-3.397,1.209,25.85,fixed,1.85,2.489,-1.645,2.449,-1.717,-1.653,0.007,0.022,-0.030,0.81,-4.68,123.41,0.0027,0.0016,0.0009,763.3586,774.7839,762.7278,774.3216
0,-3.397,1.209,25.90,fixed,1.90,2.489,-1.645,2.449,-1.715,-1.653,0.007,0.023,-0.030,0.82,-4.67,123.41,0.0049,0.0030,0.0005,763.2108,774.7342,762.5651,774.3731
0,-3.397,1.209,25.95,fixed,1.95,2.489,-1.645,2.449,-1.713,-1.654,0.007,0.025,-0.030,0.83,-4.66,123.41,0.0062,0.0048,0.0002,762.9427,774.7684,762.2942,774.4396
0,-3.397,1.209,26.00,fixed,2.00,2.489,-1.645,2.449,-1.711,-1.654,0.006,0.026,-0.030,0.85,-4.65,123.41,0.0062,0.0068,-0.0007,763.3994,774.2234,762.5681,774.0806
0,-3.397,1.209,26.05,fixed,2.05,2.489,-1.645,2.449,-1.709,-1.654,0.006,0.028,-0.029,0.87,-4.63,123.41,0.0045,0.0069,0.0008,763.2877,774.2241,762.3655,774.1071
0,-3.397,1.209,26.10,fixed,2.10,2.489,-1.645,2.449,-1.708,-1.654,0.006,0.029,-0.029,0.88,-4.61,123.42,0.0045,0.0086,0.0003,763.2801,774.0176,762.3046,774.1987
0,-3.397,1.209,26.15,fixed,2.15,2.489,-1.645,2.448,-1.705,-1.655,0.005,0.030,-0.029,0.89,-4.59,123.42,0.0040,0.0097,0.0001,762.9803,774.2941,762.0858,774.3549
0,-3.397,1.209,26.20,fixed,2.20,2.489,-1.645,2.447,-1.704,-1.655,0.004,0.030,-0.028,0.90,-4.56,123.42,0.0017,0.0085,-0.0001,762.8672,774.4006,761.9672,774.4843
0,-3.397,1.209,26.25,fixed,2.25,2.489,-1.645,2.447,-1.702,-1.656,0.003,0.029,-0.028,0.91,-4.54,123.42,0.0012,0.0080,0.0005,763.2101,773.8580,762.2299,774.1236
0,-3.397,1.209,26.30,fixed,2.30,2.489,-1.645,2.446,-1.701,-1.656,0.003,0.029,-0.028,0.91,-4.52,123.42,-0.0011,0.0067,-0.0009,762.7864,774.2794,761.9325,774.3235
0,-3.397,1.209,26.35,fixed,2.35,2.489,-1.645,2.446,-1.699,-1.656,0.003,0.029,-0.027,0.90,-4.50,123.42,-0.0023,0.0065,-0.0006,762.8861,774.4194,762.2175,774.1597
0,-3.397,1.209,26.40,fixed,2.40,2.489,-1.645,2.445,-1.699,-1.656,0.003,0.028,-0.027,0.90,-4.48,123.42,-0.0023,0.0052,-0.0008,763.2219,774.2237,762.1967,774.2167
0,-3.397,1.209,26.45,fixed,2.45,2.489,-1.645,2.445,-1.697,-1.657,0.003,0.027,-0.026,0.89,-4.47,123.42,-0.0034,0.0036,-0.0005,763.0130,774.5469,762.3357,774.1353
0,-3.397,1.209,26.50,fixed,2.50,2.489,-1.645,2.445,-1.696,-1.657,0.004,0.027,-0.026,0.88,-4.46,123.41,-0.0023,0.0025,0.0002,763.1284,774.6470,762.4525,774.1816
0,-3.397,1.209,26.55,fixed,2.55,2.489,-1.645,2.445,-1.694,-1.657,0.004,0.026,-0.025,0.88,-4.45,123.41,-0.0012,0.0028,-0.0005,763.0834,774.9116,762.1309,774.6371
0,-3.397,1.209,26.60,fixed,2.60,2.489,-1.645,2.444,-1.693,-1.657,0.005,0.025,-0.025,0.87,-4.44,123.41,-0.0027,0.0022,0.0011,763.5587,774.6117,762.2758,774.6584
0,-3.397,1.209,26.65,fixed,2.65,2.489,-1.645,2.444,-1.692,-1.657,0.005,0.024,-0.025,0.87,-4.44,123.41,-0.0010,0.0004,-0.0009,763.3127,774.8259,762.5844,774.4868
0,-3.397,1.209,26.70,fixed,2.70,2.489,-1.645,2.443,-1.691,-1.657,0.005,0.024,-0.025,0.87,-4.44,123.41,-0.0007,0.0015,-0.0001,763.3804,774.9039,762.4738,774.6147
0,-3.397,1.209,26.75,fixed,2.75,2.489,-1.645,2.443,-1.690,-1.657,0.006,0.023,-0.025,0.87,-4.43,123.41,0.0003,0.0022,-0.0010,763.9271,774.6254,762.5573,774.7499
0,-3.397,1.209,26.80,fixed,2.80,2.489,-1.645,2.443,-1.689,-1.656,0.006,0.022,-0.025,0.86,-4.43,123.41,-0.0003,0.0007,0.0001,763.5632,775.0670,762.5165,774.8370
0,-3.397,1.209,26.85,fixed,2.85,2.489,-1.645,2.443,-1.688,-1.656,0.007,0.020,-0.025,0.86,-4.42,123.41,-0.0008,0.0007,-0.0016,763.6620,775.0394,762.5458,774.8079
0,-3.397,1.209,26.90,fixed,2.90,2.489,-1.645,2.443,-1.688,-1.656,0.008,0.020,-0.025,0.86,-4.42,123.40,-0.0009,-0.0013,0.0004,763.5721,775.1816,762.7981,774.4990
0,-3.397,1.209,26.95,fixed,2.95,2.489,-1.645,2.444,-1.687,-1.656,0.010,0.018,-0.025,0.86,-4.42,123.40,-0.0007,-0.0009,0.0001,763.5752,775.1244,762.6083,774.6711
0,-3.397,1.209,27.00,fixed,3.00,2.489,-1.645,2.444,-1.687,-1.656,0.010,0.017,-0.025,0.85,-4.43,123.40,0.0001,-0.0024,-0.0001,763.7119,775.0345,762.9058,774.3967
0,-3.397,1.209,27.05,fixed,3.05,2.489,-1.645,2.445,-1.686,-1.656,0.012,0.017,-0.025,0.85,-4.44,123.40,0.0002,-0.0036,-0.0001,763.7134,775.0662,762.6405,774.6857
0,-3.397,1.209,27.10,fixed,3.10,2.489,-1.645,2.446,-1.686,-1.656,0.013,0.016,-0.025,0.85,-4.44,123.40,0.0013,-0.0042,-0.0001,763.7319,774.9872,762.8088,774.5585
0,-3.397,1.209,27.15,fixed,3.15,2.489,-1.645,2.448,-1.684,-1.657,0.015,0.016,-0.025,0.86,-4.45,123.40,0.0039,-0.0040,0.0012,763.3316,775.2782,762.5409,774.6655
0,-3.397,1.209,27.20,fixed,3.20,2.489,-1.645,2.449,-1.684,-1.657,0.016,0.015,-0.025,0.87,-4.46,123.41,0.0046,-0.0036,-0.0000,763.6763,774.7973,762.7255,774.5461
0,-3.397,1.209,27.25,fixed,3.25,2.489,-1.645,2.450,-1.682,-1.657,0.017,0.015,-0.026,0.88,-4.48,123.41,0.0044,-0.0049,0.0003,763.7101,774.5247,762.8372,774.2127
0,-3.397,1.209,27.30,fixed,3.30,2.489,-1.645,2.451,-1.681,-1.657,0.017,0.015,-0.026,0.89,-4.49,123.41,0.0058,-0.0030,-0.0000,763.4127,774.7457,762.4849,774.4622
0,-3.397,1.209,27.35,fixed,3.35,2.489,-1.645,2.452,-1.679,-1.657,0.018,0.015,-0.026,0.90,-4.49,123.41,0.0061,-0.0016,-0.0001,763.6142,774.3887,762.4731,774.3361
0,-3.397,1.209,27.40,fixed,3.40,2.489,-1.645,2.453,-1.679,-1.657,0.018,0.015,-0.026,0.92,-4.50,123.41,0.0055,-0.0003,0.0004,763.6229,774.3380,762.5080,774.2424
0,-3.397,1.209,27.45,fixed,3.45,2.489,-1.645,2.454,-1.677,-1.657,0.018,0.015,-0.025,0.94,-4.50,123.41,0.0048,-0.0011,0.0006,763.3900,774.7374,762.3944,774.4272
0,-3.397,1.209,27.50,fixed,3.50,2.489,-1.645,2.454,-1.676,-1.657,0.018,0.015,-0.025,0.95,-4.50,123.41,0.0054,0.0008,0.0000,763.6669,774.6874,762.5536,774.5597
0,-3.397,1.209,27.55,fixed,3.55,2.489,-1.645,2.455,-1.675,-1.657,0.018,0.015,-0.025,0.97,-4.50,123.41,0.0051,0.0006,0.0010,763.7047,774.7139,762.7216,774.4760
0,-3.397,1.209,27.60,fixed,3.60,2.489,-1.645,2.456,-1.674,-1.657,0.018,0.014,-0.025,0.98,-4.50,123.41,0.0034,0.0007,-0.0002,763.5402,774.8808,762.5714,774.7771
0,-3.397,1.209,27.65,fixed,3.65,2.489,-1.645,2.457,-1.673,-1.657,0.017,0.013,-0.025,0.99,-4.49,123.41,0.0039,-0.0003,-0.0003,763.5454,774.8917,762.2462,775.0201
0,-3.397,1.209,27.70,fixed,3.70,2.489,-1.645,2.457,-1.673,-1.657,0.017,0.013,-0.025,1.00,-4.49,123.41,0.0011,0.0006,-0.0003,763.3421,774.9509,762.4784,774.7294
0,-3.397,1.209,27.75,fixed,3.75,2.489,-1.645,2.458,-1.673,-1.658,0.016,0.011,-0.026,1.00,-4.49,123.41,0.0014,0.0001,-0.0005,763.8102,774.2733,762.6745,774.3218
0,-3.397,1.209,27.80,fixed,3.80,2.489,-1.645,2.459,-1.673,-1.658,0.016,0.010,-0.026,1.00,-4.49,123.41,0.0011,-0.0018,0.0000,763.1955,774.6766,762.3600,774.3068
0,-3.397,1.209,27.85,fixed,3.85,2.489,-1.645,2.459,-1.673,-1.659,0.015,0.009,-0.026,1.00,-4.50,123.41,-0.0014,-0.0017,-0.0002,763.0444,774.4590,762.0170,774.2325
0,-3.397,1.209,27.90,fixed,3.90,2.489,-1.645,2.460,-1.672,-1.659,0.015,0.008,-0.026,1.00,-4.50,123.41,-0.0022,-0.0018,0.0001,763.2394,773.8121,762.1613,773.6648
0,-3.397,1.209,27.95,fixed,3.95,2.489,-1.645,2.461,-1.672,-1.661,0.015,0.007,-0.025,0.99,-4.51,123.41,-0.0023,-0.0028,-0.0002,762.6410,773.9427,761.7528,773.6362
0,-3.397,1.209,28.00,fixed,4.00,2.489,-1.645,2.461,-1.672,-1.662,0.014,0.006,-0.025,0.98,-4.52,123.41,-0.0016,-0.0025,0.0004,762.4518,773.7501,761.9137,773.2125
0,-3.397,1.209,28.05,fixed,4.05,2.489,-1.645,2.461,-1.672,-1.663,0.014,0.005,-0.024,0.98,-4.53,123.41,-0.0019,-0.0035,-0.0003,762.5924,773.5421,761.5587,773.4371
0,-3.397,1.209,28.10,fixed,4.10,2.489,-1.645,2.461,-1.671,-1.663,0.013,0.005,-0.023,0.97,-4.53,123.41,-0.0016,-0.0029,-0.0002,762.4664,773.6985,761.4650,773.5172
0,-3.397,1.209,28.15,fixed,4.15,2.489,-1.645,2.460,-1.671,-1.664,0.012,0.004,-0.022,0.97,-4.54,123.41,-0.0008,-0.0009,0.0004,762.5519,773.7759,761.8301,773.3666
0,-3.397,1.209,28.20,fixed,4.20,2.489,-1.645,2.460,-1.671,-1.665,0.011,0.004,-0.021,0.96,-4.54,123.41,-0.0024,-0.0009,0.0002,762.6768,773.7555,761.7039,773.6661
0,-3.397,1.209,28.25,fixed,4.25,2.489,-1.645,2.459,-1.671,-1.665,0.010,0.004,-0.020,0.95,-4.54,123.41,-0.0032,-0.0000,-0.0003,762.7574,774.0111,761.7502,773.8812
0,-3.397,1.209,28.30,fixed,4.30,2.489,-1.645,2.459,-1.671,-1.665,0.009,0.004,-0.019,0.94,-4.54,123.41,-0.0043,0.0020,-0.0004,763.3175,773.8263,762.2559,773.6560
0,-3.397,1.209,28.35,fixed,4.35,2.489,-1.645,2.457,-1.670,-1.665,0.008,0.004,-0.018,0.93,-4.54,123.41,-0.0054,0.0015,-0.0003,763.4702,774.0441,762.3580,773.7955
0,-3.397,1.209,28.40,fixed,4.40,2.489,-1.645,2.457,-1.670,-1.665,0.007,0.004,-0.018,0.91,-4.53,123.41,-0.0046,0.0023,0.0002,763.3862,774.3664,762.1698,774.2869
0,-3.397,1.209,28.45,fixed,4.45,2.489,-1.645,2.456,-1.670,-1.665,0.007,0.003,-0.018,0.90,-4.52,123.41,-0.0062,0.0036,0.0004,763.4094,774.5421,762.5332,774.2158
0,-3.397,1.209,28.50,fixed,4.50,2.489,-1.645,2.455,-1.670,-1.664,0.006,0.003,-0.018,0.89,-4.52,123.41,-0.0061,0.0019,0.0006,763.4502,774.6613,762.4668,774.4626
0,-3.397,1.209,28.55,fixed,4.55,2.489,-1.645,2.454,-1.671,-1.664,0.006,0.003,-0.018,0.87,-4.51,123.41,-0.0061,0.0025,0.0005,763.2923,774.8331,762.5919,774.4182
0,-3.397,1.209,28.60,fixed,4.60,2.489,-1.645,2.454,-1.671,-1.664,0.006,0.003,-0.018,0.85,-4.50,123.41,-0.0061,0.0037,-0.0015,763.4905,774.7272,762.7644,774.2869
0,-3.397,1.209,28.65,fixed,4.65,2.489,-1.645,2.453,-1.672,-1.664,0.006,0.002,-0.018,0.84,-4.50,123.41,-0.0054,0.0014,-0.0002,763.7161,774.5595,762.4601,774.4689
0,-3.397,1.209,28.70,fixed,4.70,2.489,-1.645,2.452,-1.672,-1.664,0.006,0.001,-0.018,0.83,-4.50,123.41,-0.0056,-0.0000,0.0009,763.4747,774.7281,762.4099,774.4929
0,-3.397,1.209,28.75,fixed,4.75,2.489,-1.645,2.452,-1.673,-1.665,0.006,0.000,-0.018,0.81,-4.50,123.41,-0.0056,-0.0000,0.0007,763.1811,774.6393,762.2908,774.3873
0,-3.397,1.209,28.80,fixed,4.80,2.489,-1.645,2.453,-1.674,-1.665,0.007,0.000,-0.018,0.79,-4.50,123.41,-0.0049,-0.0023,-0.0001,763.1358,774.5444,762.1433,774.3649
0,-3.397,1.209,28.85,fixed,4.85,2.489,-1.645,2.454,-1.675,-1.665,0.009,-0.000,-0.018,0.78,-4.50,123.41,-0.0046,-0.0036,-0.0003,763.3029,774.4335,762.2640,774.2448
0,-3.397,1.209,28.90,fixed,4.90,2.489,-1.645,2.455,-1.676,-1.665,0.009,-0.001,-0.018,0.77,-4.51,123.41,-0.0022,-0.0055,-0.0003,763.0887,774.6321,762.1470,774.3383
0,-3.397,1.209,28.95,fixed,4.95,2.489,-1.645,2.456,-1.677,-1.666,0.011,-0.001,-0.018,0.77,-4.53,123.41,-0.0004,-0.0068,0.0003,763.2805,774.5369,762.3639,774.1280
0,-3.397,1.209,29.00,fixed,5.00,2.489,-1.645,2.457,-1.678,-1.666,0.012,-0.001,-0.018,0.77,-4.55,123.41,0.0012,-0.0068,-0.0013,763.0294,774.7140,762.1976,774.3131
0,-3.397,1.209,29.05,fixed,5.05,2.489,-1.645,2.459,-1.679,-1.666,0.013,-0.001,-0.018,0.77,-4.56,123.41,0.0026,-0.0073,0.0002,763.2200,774.4578,762.4185,774.0674
0,-3.397,1.209,29.10,fixed,5.10,2.489,-1.645,2.460,-1.680,-1.666,0.014,-0.001,-0.018,0.78,-4.59,123.41,0.0030,-0.0085,-0.0012,763.2040,774.3600,762.5162,773.9360
0,-3.397,1.209,29.15,fixed,5.15,2.489,-1.645,2.461,-1.681,-1.667,0.015,-0.001,-0.018,0.79,-4.60,123.41,0.0027,-0.0063,0.0008,763.0486,774.5206,762.0728,774.3509
0,-3.397,1.209,29.20,fixed,5.20,2.489,-1.645,2.462,-1.681,-1.667,0.015,-0.000,-0.017,0.80,-4.62,123.41,0.0024,-0.0070,0.0005,763.2681,774.1250,762.1007,774.2086
0,-3.397,1.209,29.25,fixed,5.25,2.489,-1.645,2.463,-1.682,-1.667,0.015,0.000,-0.017,0.80,-4.64,123.41,0.0023,-0.0061,0.0001,763.0529,774.2703,762.0526,774.1052
0,-3.397,1.209,29.30,fixed,5.30,2.489,-1.645,2.463,-1.683,-1.668,0.015,0.001,-0.017,0.81,-4.66,123.41,0.0015,-0.0057,0.0004,763.1198,773.9336,762.0698,773.8978
0,-3.397,1.209,29.35,fixed,5.35,2.489,-1.645,2.465,-1.684,-1.669,0.015,0.002,-0.017,0.81,-4.67,123.41,0.0009,-0.0046,-0.0001,762.8882,773.9407,761.9006,773.7330
0,-3.397,1.209,29.40,fixed,5.40,2.489,-1.645,2.465,-1.684,-1.669,0.015,0.002,-0.016,0.82,-4.68,123.41,0.0012,-0.0028,-0.0005,763.0233,773.8244,761.8428,773.7966
0,-3.397,1.209,29.45,fixed,5.45,2.489,-1.645,2.465,-1.684,-1.669,0.014,0.003,-0.016,0.82,-4.69,123.41,0.0012,-0.0032,-0.0008,762.9568,773.8890,761.5759,774.0853
0,-3.397,1.209,29.50,fixed,5.50,2.489,-1.645,2.465,-1.684,-1.670,0.013,0.004,-0.015,0.83,-4.70,123.41,0.0004,-0.0006,-0.0003,763.1065,773.7692,761.8646,773.8099
0,-3.397,1.209,29.55,fixed,5.55,2.489,-1.645,2.465,-1.684,-1.670,0.012,0.006,-0.014,0.83,-4.70,123.41,-0.0002,0.0007,0.0002,763.2732,773.8550,762.0061,773.8433
0,-3.397,1.209,29.60,fixed,5.60,2.489,-1.645,2.465,-1.684,-1.670,0.011,0.006,-0.014,0.83,-4.70,123.41,-0.0010,0.0014,-0.0001,763.2139,774.2188,762.2625,773.9217
0,-3.397,1.209,29.65,fixed,5.65,2.489,-1.645,2.464,-1.684,-1.669,0.009,0.008,-0.013,0.83,-4.69,123.41,-0.0029,0.0025,0.0005,763.5800,774.1819,762.4169,774.1533
0,-3.397,1.209,29.70,fixed,5.70,2.489,-1.645,2.464,-1.684,-1.669,0.009,0.009,-0.013,0.82,-4.69,123.41,-0.0018,0.0043,-0.0010,763.5535,774.6158,762.6865,774.4706
0,-3.397,1.209,29.75,fixed,5.75,2.489,-1.645,2.463,-1.683,-1.668,0.007,0.011,-0.012,0.82,-4.67,123.41,-0.0014,0.0042,0.0002,763.9088,774.8040,763.0708,774.4576
0,-3.397,1.209,29.80,fixed,5.80,2.489,-1.645,2.463,-1.683,-1.668,0.007,0.011,-0.013,0.81,-4.66,123.41,-0.0030,0.0057,-0.0006,763.8080,775.2381,762.9296,774.8192
0,-3.397,1.209,29.85,fixed,5.85,2.489,-1.645,2.463,-1.683,-1.667,0.006,0.012,-0.013,0.80,-4.64,123.41,-0.0031,0.0046,0.0007,763.9109,775.4377,762.9219,775.0372
0,-3.397,1.209,29.90,fixed,5.90,2.489,-1.645,2.463,-1.682,-1.666,0.006,0.012,-0.013,0.80,-4.63,123.41,-0.0013,0.0039,0.0005,764.1677,775.2073,763.1757,774.9216
0,-3.397,1.209,29.95,fixed,5.95,2.489,-1.645,2.463,-1.682,-1.666,0.006,0.013,-0.014,0.79,-4.61,123.41,-0.0011,0.0042,0.0006,763.8911,775.3917,763.0317,775.0355
