condition_idx,wind_vx_m_s,wind_vy_m_s,t_s,cmd_north_m,cmd_east_m,actual_north_m,actual_east_m,actual_down_m,vn_m_s,ve_m_s,vd_m_s,roll_deg,pitch_deg,yaw_deg,wx_rad_s,wy_rad_s,wz_rad_s,actuator0,actuator1,actuator2,actuator3
0,6.315,1.001,0.00,0.224,0.199,0.378,0.339,-1.486,0.057,-0.035,-0.031,-2.08,3.53,-0.76,-0.0322,0.0247,-0.0848,799.8047,773.7541,746.8131,755.9984
0,6.315,1.001,0.05,0.224,0.199,0.381,0.342,-1.488,0.051,-0.018,-0.033,-2.18,3.58,-0.97,-0.0400,0.0183,-0.0682,799.9304,773.8859,746.7296,755.5256
0,6.315,1.001,0.10,0.224,0.199,0.383,0.344,-1.490,0.047,-0.010,-0.035,-2.31,3.62,-1.15,-0.0472,0.0135,-0.0496,799.2322,773.7045,746.7465,755.7726
0,6.315,1.001,0.15,0.224,0.199,0.384,0.349,-1.492,0.039,0.005,-0.036,-2.45,3.64,-1.26,-0.0528,0.0066,-0.0341,798.5836,772.7102,747.3713,756.2594
0,6.315,1.001,0.20,0.224,0.199,0.384,0.353,-1.493,0.034,0.013,-0.037,-2.61,3.65,-1.33,-0.0562,0.0005,-0.0179,797.3798,771.4500,748.3549,757.2543
0,6.315,1.001,0.25,0.224,0.199,0.384,0.359,-1.496,0.025,0.025,-0.039,-2.76,3.64,-1.36,-0.0592,-0.0052,-0.0037,795.6821,770.1124,749.6490,758.3560
0,6.315,1.001,0.30,0.224,0.199,0.384,0.363,-1.497,0.020,0.030,-0.039,-2.93,3.62,-1.35,-0.0612,-0.0105,0.0092,793.8115,768.3577,751.2190,759.8264
0,6.315,1.001,0.35,0.224,0.199,0.381,0.370,-1.500,0.010,0.038,-0.041,-3.09,3.59,-1.31,-0.0614,-0.0153,0.0201,791.9717,766.4048,752.9409,761.2361
0,6.315,1.001,0.40,0.224,0.199,0.380,0.375,-1.501,0.004,0.042,-0.041,-3.26,3.55,-1.23,-0.0596,-0.0194,0.0290,790.1115,764.2538,754.9644,762.6941
0,6.315,1.001,0.45,0.224,0.199,0.376,0.382,-1.504,-0.005,0.045,-0.042,-3.41,3.50,-1.14,-0.0582,-0.0227,0.0362,788.1538,762.5269,756.6292,764.3687
0,6.315,1.001,0.50,0.224,0.199,0.374,0.385,-1.505,-0.010,0.046,-0.042,-3.56,3.44,-1.02,-0.0547,-0.0248,0.0417,786.3002,760.3880,758.6194,765.9767
0,6.315,1.001,0.55,0.224,0.199,0.369,0.392,-1.507,-0.018,0.046,-0.042,-3.69,3.38,-0.89,-0.0499,-0.0271,0.0452,784.6143,758.6392,759.9508,767.9623
0,6.315,1.001,0.60,0.224,0.199,0.366,0.396,-1.509,-0.023,0.044,-0.042,-3.82,3.31,-0.75,-0.0459,-0.0288,0.0475,782.7126,757.1484,762.1174,769.1783
0,6.315,1.001,0.65,0.224,0.199,0.359,0.401,-1.511,-0.030,0.040,-0.042,-3.93,3.25,-0.61,-0.0385,-0.0295,0.0481,781.6937,755.2037,763.3661,770.7270
0,6.315,1.001,0.70,0.224,0.199,0.356,0.403,-1.512,-0.034,0.037,-0.042,-4.02,3.17,-0.47,-0.0325,-0.0301,0.0473,780.2816,753.8725,764.8135,771.9962
0,6.315,1.001,0.75,0.224,0.199,0.349,0.407,-1.514,-0.039,0.031,-0.042,-4.09,3.10,-0.34,-0.0251,-0.0305,0.0448,779.1936,752.7910,765.7236,773.1687
0,6.315,1.001,0.80,0.224,0.199,0.345,0.410,-1.515,-0.041,0.027,-0.042,-4.15,3.02,-0.21,-0.0206,-0.0314,0.0412,778.2386,751.8322,766.7151,774.0696
0,6.315,1.001,0.85,0.224,0.199,0.338,0.413,-1.518,-0.044,0.019,-0.042,-4.19,2.95,-0.10,-0.0157,-0.0288,0.0379,777.8030,750.8817,767.3899,774.6730
0,6.315,1.001,0.90,0.224,0.199,0.335,0.415,-1.519,-0.045,0.015,-0.041,-4.22,2.88,0.01,-0.0097,-0.0269,0.0328,777.5339,750.0397,768.0319,775.1364
0,6.315,1.001,0.95,0.224,0.199,0.328,0.417,-1.521,-0.045,0.007,-0.041,-4.23,2.82,0.09,-0.0054,-0.0245,0.0284,777.0389,749.8958,767.8980,775.7651
0,6.315,1.001,1.00,0.224,0.199,0.325,0.418,-1.523,-0.045,0.002,-0.041,-4.24,2.76,0.17,-0.0023,-0.0209,0.0228,777.2269,749.3459,768.3619,775.4980
0,6.315,1.001,1.05,0.224,0.199,0.319,0.420,-1.525,-0.043,-0.007,-0.040,-4.24,2.71,0.22,0.0000,-0.0166,0.0180,776.9867,749.6604,768.1452,775.6414
0,6.315,1.001,1.10,0.224,0.199,0.316,0.420,-1.526,-0.042,-0.011,-0.040,-4.23,2.66,0.26,0.0027,-0.0135,0.0123,777.1277,749.9745,767.8664,775.5804
0,6.315,1.001,1.15,0.224,0.199,0.311,0.421,-1.528,-0.039,-0.019,-0.039,-4.22,2.63,0.29,0.0048,-0.0123,0.0078,777.5819,750.2188,767.6315,775.2731
0,6.315,1.001,1.20,0.224,0.199,0.308,0.421,-1.530,-0.037,-0.024,-0.039,-4.20,2.60,0.30,0.0090,-0.0098,0.0031,778.3199,750.4057,767.1918,774.9268
0,6.315,1.001,1.25,0.224,0.199,0.304,0.420,-1.531,-0.033,-0.031,-0.038,-4.17,2.58,0.30,0.0090,-0.0065,0.0003,778.7384,750.9236,766.6996,774.5016
0,6.315,1.001,1.30,0.224,0.199,0.302,0.420,-1.533,-0.031,-0.034,-0.038,-4.14,2.56,0.29,0.0103,-0.0036,-0.0038,779.1425,751.6106,765.8669,774.1243
0,6.315,1.001,1.35,0.224,0.199,0.299,0.420,-1.535,-0.026,-0.040,-0.038,-4.11,2.55,0.27,0.0106,-0.0008,-0.0069,779.7175,751.9172,765.2665,773.5347
0,6.315,1.001,1.40,0.224,0.199,0.298,0.419,-1.536,-0.022,-0.043,-0.038,-4.08,2.55,0.24,0.0100,0.0014,-0.0093,780.2006,752.4857,764.6994,772.7231
0,6.315,1.001,1.45,0.224,0.199,0.297,0.418,-1.539,-0.016,-0.048,-0.037,-4.05,2.55,0.21,0.0111,0.0044,-0.0107,780.7254,753.0502,763.7308,772.5947
0,6.315,1.001,1.50,0.224,0.199,0.296,0.418,-1.540,-0.013,-0.050,-0.037,-4.02,2.56,0.17,0.0093,0.0073,-0.0120,781.3760,753.4468,763.4892,771.5817
0,6.315,1.001,1.55,0.224,0.199,0.297,0.417,-1.542,-0.007,-0.053,-0.036,-4.00,2.58,0.13,0.0086,0.0099,-0.0131,781.7759,754.0254,762.7809,771.1424
0,6.315,1.001,1.60,0.224,0.199,0.297,0.416,-1.544,-0.003,-0.055,-0.036,-3.97,2.61,0.09,0.0079,0.0130,-0.0128,782.2791,754.4987,762.0817,770.9928
0,6.315,1.001,1.65,0.224,0.199,0.298,0.416,-1.546,0.003,-0.058,-0.035,-3.95,2.64,0.05,0.0064,0.0152,-0.0125,782.4067,755.0854,761.5015,770.7654
0,6.315,1.001,1.70,0.224,0.199,0.299,0.415,-1.547,0.005,-0.059,-0.035,-3.94,2.68,0.01,0.0040,0.0172,-0.0116,782.6550,755.5544,761.2131,770.4918
0,6.315,1.001,1.75,0.224,0.199,0.301,0.414,-1.548,0.010,-0.061,-0.034,-3.92,2.73,-0.02,0.0031,0.0183,-0.0107,783.2341,755.7537,761.1653,770.1604
0,6.315,1.001,1.80,0.224,0.199,0.302,0.413,-1.549,0.013,-0.062,-0.034,-3.92,2.78,-0.06,0.0022,0.0185,-0.0092,783.5886,756.2407,761.0129,770.1533
0,6.315,1.001,1.85,0.224,0.199,0.304,0.412,-1.550,0.016,-0.063,-0.033,-3.91,2.83,-0.09,0.0020,0.0189,-0.0079,783.9054,756.6441,760.7823,770.5308
0,6.315,1.001,1.90,0.224,0.199,0.305,0.411,-1.551,0.017,-0.064,-0.033,-3.90,2.88,-0.12,0.0008,0.0180,-0.0060,784.1384,756.8996,761.1407,770.1890
0,6.315,1.001,1.95,0.224,0.199,0.306,0.411,-1.552,0.019,-0.065,-0.033,-3.90,2.93,-0.14,-0.0005,0.0164,-0.0052,784.0105,757.2525,761.0192,770.4528
0,6.315,1.001,2.00,0.224,0.199,0.307,0.410,-1.552,0.019,-0.065,-0.033,-3.90,2.97,-0.15,-0.0003,0.0148,-0.0030,784.2849,757.1616,760.9478,770.7572
0,6.315,1.001,2.05,0.224,0.199,0.308,0.409,-1.553,0.019,-0.066,-0.033,-3.90,3.01,-0.16,-0.0006,0.0124,-0.0020,784.3429,757.0076,761.0924,770.8128
0,6.315,1.001,2.10,0.224,0.199,0.308,0.409,-1.554,0.018,-0.066,-0.033,-3.90,3.05,-0.17,-0.0033,0.0092,-0.0004,784.3832,756.6893,761.3694,770.6398
0,6.315,1.001,2.15,0.224,0.199,0.309,0.408,-1.555,0.017,-0.067,-0.034,-3.91,3.07,-0.17,-0.0041,0.0082,0.0006,783.9404,756.7161,761.2173,770.8461
0,6.315,1.001,2.20,0.224,0.199,0.309,0.408,-1.556,0.016,-0.067,-0.034,-3.91,3.09,-0.17,-0.0048,0.0048,0.0013,783.6809,756.3680,761.1148,770.9401
0,6.315,1.001,2.25,0.224,0.199,0.310,0.407,-1.557,0.015,-0.067,-0.034,-3.92,3.10,-0.17,-0.0038,0.0037,0.0030,783.1740,756.1026,761.2398,770.7098
0,6.315,1.001,2.30,0.224,0.199,0.310,0.407,-1.558,0.014,-0.068,-0.034,-3.93,3.11,-0.16,-0.0059,0.0034,0.0040,782.7016,755.8159,761.3018,770.7289
0,6.315,1.001,2.35,0.224,0.199,0.311,0.405,-1.560,0.012,-0.069,-0.034,-3.94,3.11,-0.15,-0.0031,0.0019,0.0051,782.7159,755.2520,761.2511,770.9626
0,6.315,1.001,2.40,0.224,0.199,0.311,0.404,-1.561,0.012,-0.070,-0.034,-3.95,3.12,-0.13,-0.0034,0.0013,0.0051,782.6429,754.9324,761.6551,770.7964
0,6.315,1.001,2.45,0.224,0.199,0.312,0.402,-1.563,0.011,-0.072,-0.033,-3.96,3.12,-0.12,-0.0029,0.0029,0.0061,782.2401,754.9553,761.5718,771.1379
0,6.315,1.001,2.50,0.224,0.199,0.313,0.401,-1.564,0.010,-0.073,-0.033,-3.96,3.13,-0.11,-0.0020,0.0029,0.0056,781.9170,754.8715,761.8605,770.9686
0,6.315,1.001,2.55,0.224,0.199,0.314,0.398,-1.565,0.009,-0.074,-0.032,-3.96,3.14,-0.10,0.0000,0.0024,0.0061,782.0187,754.4684,762.0946,770.9977
0,6.315,1.001,2.60,0.224,0.199,0.314,0.396,-1.566,0.008,-0.076,-0.031,-3.96,3.15,-0.08,0.0014,0.0032,0.0054,781.8682,754.3489,762.1515,771.1161
0,6.315,1.001,2.65,0.224,0.199,0.315,0.393,-1.568,0.007,-0.078,-0.031,-3.95,3.15,-0.07,0.0026,0.0031,0.0047,781.5656,754.4926,762.1362,771.2446
0,6.315,1.001,2.70,0.224,0.199,0.315,0.391,-1.569,0.006,-0.079,-0.030,-3.93,3.16,-0.06,0.0054,0.0016,0.0047,782.0767,753.9485,762.4181,771.2921
0,6.315,1.001,2.75,0.224,0.199,0.315,0.388,-1.570,0.004,-0.081,-0.029,-3.92,3.17,-0.05,0.0060,0.0020,0.0040,781.6061,754.3583,762.1355,771.6372
0,6.315,1.001,2.80,0.224,0.199,0.315,0.385,-1.571,0.003,-0.082,-0.029,-3.90,3.17,-0.04,0.0077,0.0009,0.0039,781.8451,754.0105,762.1667,771.7390
0,6.315,1.001,2.85,0.224,0.199,0.316,0.381,-1.572,0.002,-0.084,-0.028,-3.87,3.17,-0.03,0.0067,0.0017,0.0037,781.5251,754.3497,762.1938,771.7740
0,6.315,1.001,2.90,0.224,0.199,0.316,0.380,-1.573,0.001,-0.084,-0.027,-3.85,3.18,-0.03,0.0091,0.0006,0.0034,781.7736,754.1588,762.2930,771.8047
0,6.315,1.001,2.95,0.224,0.199,0.316,0.376,-1.574,-0.000,-0.085,-0.027,-3.82,3.18,-0.02,0.0083,-0.0000,0.0031,781.7164,754.2067,762.2561,771.9070
0,6.315,1.001,3.00,0.224,0.199,0.317,0.374,-1.575,-0.001,-0.085,-0.026,-3.79,3.18,-0.02,0.0080,0.0013,0.0025,782.2003,753.8768,762.4216,771.8771
0,6.315,1.001,3.05,0.224,0.199,0.317,0.370,-1.575,-0.002,-0.084,-0.026,-3.77,3.18,-0.01,0.0068,0.0013,0.0028,782.0224,754.2523,762.5035,772.0593
0,6.315,1.001,3.10,0.224,0.199,0.317,0.369,-1.576,-0.003,-0.084,-0.026,-3.75,3.18,-0.01,0.0066,0.0010,0.0021,782.3700,754.1393,762.4438,772.1016
0,6.315,1.001,3.15,0.224,0.199,0.317,0.365,-1.577,-0.005,-0.084,-0.025,-3.73,3.18,-0.01,0.0039,0.0006,0.0016,782.2733,754.2513,762.6187,771.8908
0,6.315,1.001,3.20,0.224,0.199,0.317,0.363,-1.577,-0.005,-0.083,-0.025,-3.71,3.18,-0.01,0.0039,0.0008,0.0001,782.1489,754.4232,762.3880,771.9866
0,6.315,1.001,3.25,0.224,0.199,0.317,0.360,-1.579,-0.007,-0.082,-0.025,-3.70,3.18,-0.00,0.0039,-0.0001,0.0008,782.3732,754.0324,762.4575,771.6498
0,6.315,1.001,3.30,0.224,0.199,0.317,0.358,-1.579,-0.008,-0.082,-0.025,-3.69,3.18,-0.01,0.0027,0.0004,0.0005,782.0891,754.3111,762.2643,771.6490
0,6.315,1.001,3.35,0.224,0.199,0.316,0.354,-1.581,-0.009,-0.082,-0.024,-3.68,3.19,-0.01,0.0025,-0.0009,-0.0009,782.1048,754.2632,762.3789,771.2632
0,6.315,1.001,3.40,0.224,0.199,0.316,0.351,-1.581,-0.010,-0.082,-0.024,-3.67,3.18,-0.01,0.0035,-0.0014,-0.0005,782.1706,754.0782,762.2441,771.0690
0,6.315,1.001,3.45,0.224,0.199,0.315,0.346,-1.583,-0.012,-0.081,-0.023,-3.66,3.18,-0.01,0.0050,-0.0008,-0.0005,781.9382,754.2931,761.6199,771.4855
0,6.315,1.001,3.50,0.224,0.199,0.314,0.344,-1.584,-0.013,-0.081,-0.023,-3.64,3.18,-0.02,0.0053,-0.0027,-0.0004,781.8870,754.3214,761.7788,771.0654
0,6.315,1.001,3.55,0.224,0.199,0.313,0.340,-1.585,-0.015,-0.081,-0.022,-3.63,3.17,-0.02,0.0061,-0.0032,0.0000,781.7618,754.4863,761.4330,771.2476
0,6.315,1.001,3.60,0.224,0.199,0.312,0.337,-1.586,-0.016,-0.080,-0.021,-3.61,3.16,-0.03,0.0069,-0.0040,-0.0008,781.9918,754.2397,761.4315,770.9756
0,6.315,1.001,3.65,0.224,0.199,0.310,0.332,-1.588,-0.018,-0.079,-0.020,-3.59,3.14,-0.03,0.0067,-0.0047,-0.0015,782.1101,754.0005,761.4321,770.6433
0,6.315,1.001,3.70,0.224,0.199,0.309,0.330,-1.589,-0.019,-0.079,-0.020,-3.57,3.13,-0.04,0.0061,-0.0053,0.0002,781.8411,754.2537,761.2460,770.6478
0,6.315,1.001,3.75,0.224,0.199,0.308,0.325,-1.590,-0.020,-0.078,-0.019,-3.55,3.12,-0.04,0.0066,-0.0051,0.0001,781.8239,754.3964,761.2447,770.7264
0,6.315,1.001,3.80,0.224,0.199,0.307,0.321,-1.591,-0.021,-0.078,-0.018,-3.53,3.10,-0.04,0.0071,-0.0048,-0.0010,782.0798,754.2443,761.2508,770.5482
0,6.315,1.001,3.85,0.224,0.199,0.305,0.315,-1.593,-0.022,-0.077,-0.017,-3.51,3.09,-0.05,0.0079,-0.0053,0.0002,781.7993,754.5430,761.0449,770.7772
0,6.315,1.001,3.90,0.224,0.199,0.304,0.312,-1.593,-0.022,-0.077,-0.016,-3.48,3.07,-0.05,0.0103,-0.0037,-0.0000,781.9754,754.3999,761.2871,770.7358
0,6.315,1.001,3.95,0.224,0.199,0.302,0.306,-1.594,-0.023,-0.076,-0.015,-3.46,3.06,-0.05,0.0096,-0.0050,0.0006,782.1512,754.3926,761.3462,770.8442
0,6.315,1.001,4.00,0.224,0.199,0.301,0.302,-1.595,-0.024,-0.075,-0.014,-3.43,3.05,-0.05,0.0103,-0.0067,-0.0001,782.6790,754.0847,761.7253,770.7285
0,6.315,1.001,4.05,0.224,0.199,0.299,0.295,-1.596,-0.024,-0.074,-0.013,-3.40,3.03,-0.05,0.0112,-0.0054,0.0011,782.5468,754.2591,761.7806,770.9148
0,6.315,1.001,4.10,0.224,0.199,0.298,0.292,-1.596,-0.025,-0.073,-0.013,-3.37,3.02,-0.04,0.0113,-0.0051,0.0000,782.4639,754.5223,761.7939,771.1092
0,6.315,1.001,4.15,0.224,0.199,0.297,0.286,-1.597,-0.025,-0.071,-0.012,-3.34,3.00,-0.04,0.0099,-0.0058,0.0024,782.5380,754.5133,762.1404,771.0345
0,6.315,1.001,4.20,0.224,0.199,0.295,0.283,-1.597,-0.025,-0.069,-0.012,-3.30,2.99,-0.04,0.0097,-0.0041,0.0019,782.3820,754.6609,761.9387,771.3765
0,6.315,1.001,4.25,0.224,0.199,0.294,0.278,-1.598,-0.024,-0.066,-0.011,-3.28,2.98,-0.03,0.0087,-0.0045,0.0007,782.9805,754.1241,762.5764,770.9660
0,6.315,1.001,4.30,0.224,0.199,0.293,0.275,-1.598,-0.024,-0.064,-0.011,-3.25,2.97,-0.03,0.0079,-0.0027,0.0011,782.7781,754.5173,762.2739,771.4025
0,6.315,1.001,4.35,0.224,0.199,0.291,0.271,-1.598,-0.024,-0.061,-0.011,-3.23,2.96,-0.03,0.0062,-0.0022,0.0016,782.5387,755.0618,762.2788,771.8221
0,6.315,1.001,4.40,0.224,0.199,0.290,0.268,-1.598,-0.024,-0.058,-0.010,-3.21,2.96,-0.03,0.0042,-0.0035,0.0006,783.1965,754.7233,762.7289,771.7440
0,6.315,1.001,4.45,0.224,0.199,0.287,0.264,-1.598,-0.024,-0.053,-0.010,-3.20,2.95,-0.02,0.0026,-0.0026,0.0014,782.9426,755.3140,762.8150,772.0764
0,6.315,1.001,4.50,0.224,0.199,0.286,0.263,-1.597,-0.024,-0.050,-0.010,-3.19,2.95,-0.02,0.0020,-0.0042,0.0008,783.7264,754.8790,763.2080,772.1347
0,6.315,1.001,4.55,0.224,0.199,0.283,0.261,-1.597,-0.024,-0.045,-0.011,-3.19,2.94,-0.01,-0.0020,-0.0039,0.0009,783.3570,755.4092,763.0422,772.4721
0,6.315,1.001,4.60,0.224,0.199,0.281,0.260,-1.597,-0.025,-0.041,-0.011,-3.20,2.92,-0.01,-0.0049,-0.0048,0.0006,783.2850,755.5272,763.0586,772.5775
0,6.315,1.001,4.65,0.224,0.199,0.277,0.258,-1.596,-0.025,-0.035,-0.012,-3.21,2.91,-0.00,-0.0066,-0.0054,0.0005,783.4024,755.3716,763.2797,772.4572
0,6.315,1.001,4.70,0.224,0.199,0.275,0.258,-1.596,-0.025,-0.033,-0.013,-3.23,2.89,-0.00,-0.0086,-0.0074,0.0006,783.2709,755.4214,762.9870,772.6768
0,6.315,1.001,4.75,0.224,0.199,0.271,0.257,-1.596,-0.025,-0.028,-0.014,-3.25,2.88,0.01,-0.0098,-0.0077,0.0003,783.2222,755.2488,763.0562,772.5901
0,6.315,1.001,4.80,0.224,0.199,0.268,0.257,-1.596,-0.026,-0.025,-0.014,-3.28,2.85,0.01,-0.0117,-0.0099,-0.0012,783.0496,755.2548,763.1573,772.0555
0,6.315,1.001,4.85,0.224,0.199,0.264,0.257,-1.597,-0.025,-0.020,-0.015,-3.31,2.83,0.01,-0.0112,-0.0085,-0.0003,782.6912,755.2495,762.6961,772.1946
0,6.315,1.001,4.90,0.224,0.199,0.262,0.257,-1.597,-0.025,-0.018,-0.015,-3.35,2.81,0.01,-0.0127,-0.0103,-0.0005,782.6035,754.9266,762.7723,771.7408
0,6.315,1.001,4.95,0.224,0.199,0.258,0.257,-1.598,-0.025,-0.014,-0.016,-3.38,2.78,0.02,-0.0126,-0.0112,-0.0016,782.5612,754.6322,762.6205,771.5760
1,0.461,2.711,0.00,0.224,0.199,0.288,0.145,-1.610,0.078,-0.251,-0.007,-1.67,3.75,0.09,0.0819,0.0258,0.0023,777.4910,760.2994,772.6365,765.5401
1,0.461,2.711,0.05,0.224,0.199,0.299,0.129,-1.610,0.072,-0.261,-0.008,-1.39,3.83,0.11,0.0785,0.0227,0.0014,777.4431,760.2727,772.8450,765.6902
1,0.461,2.711,0.10,0.224,0.199,0.303,0.122,-1.610,0.069,-0.265,-0.008,-1.21,3.88,0.12,0.0777,0.0223,0.0007,776.9425,760.4653,772.7684,765.7809
1,0.461,2.711,0.15,0.224,0.199,0.312,0.108,-1.610,0.062,-0.270,-0.008,-0.94,3.95,0.14,0.0748,0.0197,0.0006,776.5051,760.5762,772.7866,765.7562
1,0.461,2.711,0.20,0.224,0.199,0.317,0.100,-1.611,0.059,-0.272,-0.008,-0.77,3.99,0.16,0.0725,0.0195,-0.0003,776.2731,760.6270,772.9504,765.6366
1,0.461,2.711,0.25,0.224,0.199,0.327,0.084,-1.612,0.049,-0.273,-0.008,-0.56,4.03,0.17,0.0686,0.0158,-0.0014,775.8376,760.7547,772.9311,765.6140
1,0.461,2.711,0.30,0.224,0.199,0.331,0.076,-1.612,0.045,-0.273,-0.008,-0.37,4.07,0.19,0.0661,0.0146,-0.0019,775.5756,760.6363,772.9481,765.4828
1,0.461,2.711,0.35,0.224,0.199,0.338,0.061,-1.613,0.034,-0.272,-0.008,-0.14,4.11,0.21,0.0627,0.0107,-0.0031,775.4341,760.3184,772.9583,765.1552
1,0.461,2.711,0.40,0.224,0.199,0.342,0.054,-1.614,0.029,-0.270,-0.008,-0.00,4.13,0.22,0.0601,0.0077,-0.0033,774.8517,760.3287,772.8378,764.8700
1,0.461,2.711,0.45,0.224,0.199,0.349,0.037,-1.616,0.016,-0.265,-0.007,0.20,4.15,0.23,0.0562,0.0041,-0.0044,774.3713,760.4767,772.5433,764.9136
1,0.461,2.711,0.50,0.224,0.199,0.352,0.030,-1.617,0.009,-0.262,-0.007,0.32,4.16,0.24,0.0543,0.0010,-0.0058,774.2598,760.1772,772.3356,764.6051
1,0.461,2.711,0.55,0.224,0.199,0.356,0.015,-1.618,-0.003,-0.255,-0.006,0.50,4.15,0.24,0.0504,-0.0032,-0.0056,774.0232,760.2738,772.6168,764.0259
1,0.461,2.711,0.60,0.224,0.199,0.359,0.008,-1.619,-0.010,-0.252,-0.005,0.62,4.14,0.24,0.0495,-0.0051,-0.0070,773.6158,760.6111,772.3685,763.9711
1,0.461,2.711,0.65,0.224,0.199,0.362,-0.009,-1.621,-0.024,-0.242,-0.003,0.75,4.12,0.25,0.0457,-0.0094,-0.0077,773.6927,760.4942,772.3230,763.7055
1,0.461,2.711,0.70,0.224,0.199,0.363,-0.017,-1.622,-0.031,-0.238,-0.002,0.87,4.09,0.25,0.0445,-0.0120,-0.0083,773.6351,760.5029,772.1326,763.6829
1,0.461,2.711,0.75,0.224,0.199,0.364,-0.024,-1.623,-0.037,-0.233,-0.001,1.00,4.04,0.25,0.0417,-0.0156,-0.0080,773.3199,760.7976,771.9786,763.4854
1,0.461,2.711,0.80,0.224,0.199,0.364,-0.039,-1.625,-0.051,-0.223,0.001,1.11,4.00,0.25,0.0400,-0.0182,-0.0087,773.1542,760.9529,772.1623,763.1194
1,0.461,2.711,0.85,0.224,0.199,0.363,-0.055,-1.626,-0.066,-0.211,0.003,1.24,3.93,0.24,0.0375,-0.0218,-0.0096,773.2672,761.1174,771.7886,763.4825
1,0.461,2.711,0.90,0.224,0.199,0.362,-0.063,-1.627,-0.072,-0.205,0.004,1.32,3.87,0.24,0.0385,-0.0232,-0.0093,773.8373,761.1283,772.3289,763.1285
1,0.461,2.711,0.95,0.224,0.199,0.361,-0.070,-1.627,-0.078,-0.199,0.005,1.42,3.80,0.24,0.0344,-0.0273,-0.0095,774.0522,761.6921,772.5531,763.4102
1,0.461,2.711,1.00,0.224,0.199,0.359,-0.085,-1.627,-0.090,-0.187,0.007,1.51,3.72,0.23,0.0348,-0.0299,-0.0094,774.2311,762.4193,772.8761,763.8304
1,0.461,2.711,1.05,0.224,0.199,0.357,-0.092,-1.626,-0.096,-0.181,0.008,1.61,3.63,0.23,0.0336,-0.0312,-0.0102,774.5000,762.8904,773.0900,764.0842
1,0.461,2.711,1.10,0.224,0.199,0.352,-0.107,-1.626,-0.109,-0.166,0.009,1.69,3.54,0.23,0.0318,-0.0321,-0.0098,774.7661,763.3235,773.6110,763.8691
1,0.461,2.711,1.15,0.224,0.199,0.347,-0.121,-1.625,-0.118,-0.152,0.009,1.78,3.43,0.23,0.0300,-0.0356,-0.0095,775.0692,763.6198,773.5598,764.3815
1,0.461,2.711,1.20,0.224,0.199,0.344,-0.128,-1.624,-0.123,-0.145,0.009,1.84,3.35,0.23,0.0274,-0.0352,-0.0094,775.2839,764.0378,773.9393,764.6921
1,0.461,2.711,1.25,0.224,0.199,0.337,-0.142,-1.623,-0.133,-0.128,0.009,1.93,3.23,0.23,0.0262,-0.0364,-0.0098,775.2410,764.3683,774.1357,764.8482
1,0.461,2.711,1.30,0.224,0.199,0.333,-0.148,-1.623,-0.137,-0.121,0.008,1.98,3.15,0.23,0.0242,-0.0362,-0.0094,775.7725,763.9865,774.3542,764.7660
1,0.461,2.711,1.35,0.224,0.199,0.326,-0.160,-1.622,-0.143,-0.106,0.007,2.05,3.03,0.23,0.0209,-0.0354,-0.0097,775.6519,764.0861,774.3791,764.6623
1,0.461,2.711,1.40,0.224,0.199,0.322,-0.165,-1.622,-0.146,-0.098,0.007,2.09,2.94,0.23,0.0202,-0.0373,-0.0100,775.3242,764.1901,774.2414,764.7084
1,0.461,2.711,1.45,0.224,0.199,0.312,-0.177,-1.622,-0.152,-0.080,0.006,2.15,2.82,0.24,0.0169,-0.0349,-0.0100,774.8098,764.4608,774.0892,764.5886
1,0.461,2.711,1.50,0.224,0.199,0.308,-0.182,-1.622,-0.154,-0.072,0.005,2.18,2.74,0.24,0.0155,-0.0366,-0.0089,775.0239,763.9509,774.4813,763.9473
1,0.461,2.711,1.55,0.224,0.199,0.298,-0.192,-1.622,-0.158,-0.056,0.004,2.22,2.62,0.25,0.0133,-0.0355,-0.0095,774.6014,763.8337,774.2578,763.7863
1,0.461,2.711,1.60,0.224,0.199,0.294,-0.196,-1.622,-0.159,-0.048,0.004,2.24,2.54,0.25,0.0093,-0.0357,-0.0088,774.2269,763.5725,774.1628,763.5481
1,0.461,2.711,1.65,0.224,0.199,0.282,-0.205,-1.624,-0.161,-0.029,0.004,2.26,2.42,0.26,0.0078,-0.0350,-0.0098,774.0149,763.2307,773.7102,763.6427
1,0.461,2.711,1.70,0.224,0.199,0.277,-0.208,-1.624,-0.161,-0.021,0.004,2.27,2.34,0.27,0.0058,-0.0350,-0.0103,773.7204,762.9487,773.5865,763.3882
1,0.461,2.711,1.75,0.224,0.199,0.267,-0.214,-1.625,-0.161,-0.005,0.005,2.28,2.23,0.27,0.0027,-0.0339,-0.0109,773.4313,762.6718,773.7480,762.9576
1,0.461,2.711,1.80,0.224,0.199,0.262,-0.217,-1.626,-0.161,0.003,0.005,2.27,2.15,0.28,0.0007,-0.0328,-0.0100,772.9182,762.9514,773.3970,762.9883
1,0.461,2.711,1.85,0.224,0.199,0.250,-0.222,-1.627,-0.160,0.021,0.006,2.27,2.06,0.28,-0.0009,-0.0319,-0.0095,772.8722,762.7617,773.2172,763.0699
1,0.461,2.711,1.90,0.224,0.199,0.245,-0.224,-1.627,-0.159,0.029,0.007,2.26,1.98,0.29,-0.0035,-0.0311,-0.0113,772.6884,762.8759,773.4791,763.0292
1,0.461,2.711,1.95,0.224,0.199,0.234,-0.226,-1.628,-0.156,0.045,0.008,2.23,1.88,0.30,-0.0056,-0.0292,-0.0107,772.9691,762.6131,773.7115,762.8501
1,0.461,2.711,2.00,0.224,0.199,0.228,-0.227,-1.628,-0.155,0.053,0.008,2.21,1.82,0.30,-0.0068,-0.0295,-0.0111,772.6702,762.9597,773.7012,763.0876
1,0.461,2.711,2.05,0.224,0.199,0.216,-0.229,-1.629,-0.151,0.070,0.010,2.18,1.74,0.31,-0.0094,-0.0277,-0.0116,772.7840,763.0469,774.0352,762.9886
1,0.461,2.711,2.10,0.224,0.199,0.210,-0.229,-1.629,-0.148,0.077,0.010,2.14,1.66,0.31,-0.0124,-0.0275,-0.0114,772.7653,763.1653,773.8058,763.3721
1,0.461,2.711,2.15,0.224,0.199,0.200,-0.229,-1.630,-0.144,0.091,0.011,2.10,1.59,0.31,-0.0140,-0.0263,-0.0126,772.7307,763.2500,773.9696,763.3360
1,0.461,2.711,2.20,0.224,0.199,0.194,-0.228,-1.630,-0.141,0.097,0.011,2.05,1.52,0.32,-0.0145,-0.0246,-0.0138,772.6487,763.4164,773.8809,763.3701
1,0.461,2.711,2.25,0.224,0.199,0.182,-0.226,-1.630,-0.135,0.111,0.012,1.99,1.45,0.32,-0.0155,-0.0238,-0.0124,772.7161,763.5287,773.9946,763.2744
1,0.461,2.711,2.30,0.224,0.199,0.176,-0.225,-1.630,-0.132,0.118,0.012,1.95,1.40,0.32,-0.0172,-0.0240,-0.0130,772.7211,763.6755,774.1460,763.3369
1,0.461,2.711,2.35,0.224,0.199,0.165,-0.222,-1.630,-0.126,0.129,0.012,1.88,1.32,0.33,-0.0185,-0.0240,-0.0126,772.9592,763.6678,774.4229,763.3470
1,0.461,2.711,2.40,0.224,0.199,0.160,-0.220,-1.630,-0.123,0.135,0.013,1.84,1.28,0.33,-0.0179,-0.0216,-0.0130,772.7986,763.9260,774.2300,763.7256
1,0.461,2.711,2.45,0.224,0.199,0.147,-0.215,-1.630,-0.115,0.147,0.013,1.77,1.21,0.33,-0.0194,-0.0206,-0.0135,772.9622,763.8682,774.7678,763.1825
1,0.461,2.711,2.50,0.224,0.199,0.142,-0.212,-1.630,-0.111,0.152,0.013,1.71,1.17,0.33,-0.0221,-0.0201,-0.0146,772.8929,764.0750,774.4537,763.5417
1,0.461,2.711,2.55,0.224,0.199,0.132,-0.206,-1.630,-0.104,0.161,0.013,1.64,1.11,0.33,-0.0229,-0.0184,-0.0148,773.1133,764.0389,774.5397,763.5337
1,0.461,2.711,2.60,0.224,0.199,0.127,-0.202,-1.630,-0.100,0.166,0.013,1.58,1.07,0.33,-0.0239,-0.0195,-0.0139,773.3021,764.0536,774.6869,763.5585
1,0.461,2.711,2.65,0.224,0.199,0.122,-0.199,-1.630,-0.096,0.170,0.013,1.51,1.02,0.33,-0.0246,-0.0175,-0.0142,773.1280,764.4170,774.6475,763.6184
1,0.461,2.711,2.70,0.224,0.199,0.110,-0.190,-1.630,-0.086,0.179,0.013,1.43,0.98,0.32,-0.0253,-0.0174,-0.0154,772.8829,764.6940,774.4261,763.8101
1,0.461,2.711,2.75,0.224,0.199,0.100,-0.181,-1.630,-0.078,0.186,0.013,1.34,0.94,0.32,-0.0262,-0.0165,-0.0150,772.9231,764.6522,774.1637,763.8292
1,0.461,2.711,2.80,0.224,0.199,0.096,-0.176,-1.630,-0.074,0.189,0.013,1.28,0.91,0.32,-0.0258,-0.0139,-0.0149,772.9122,764.8005,774.4686,763.6959
1,0.461,2.711,2.85,0.224,0.199,0.085,-0.164,-1.630,-0.064,0.196,0.013,1.18,0.87,0.31,-0.0280,-0.0137,-0.0150,773.2463,764.5433,774.6342,763.3798
1,0.461,2.711,2.90,0.224,0.199,0.081,-0.159,-1.630,-0.059,0.198,0.013,1.12,0.85,0.31,-0.0284,-0.0133,-0.0142,773.0010,764.8161,774.5489,763.4119
1,0.461,2.711,2.95,0.224,0.199,0.077,-0.154,-1.630,-0.055,0.200,0.013,1.03,0.82,0.31,-0.0289,-0.0111,-0.0151,773.1663,764.6791,774.7369,763.2294
1,0.461,2.711,3.00,0.224,0.199,0.068,-0.142,-1.630,-0.045,0.204,0.013,0.95,0.79,0.30,-0.0298,-0.0110,-0.0152,773.0090,764.8162,774.4295,763.5098
1,0.461,2.711,3.05,0.224,0.199,0.065,-0.136,-1.630,-0.040,0.206,0.013,0.86,0.77,0.30,-0.0285,-0.0098,-0.0146,772.9820,764.9723,774.5090,763.3961
1,0.461,2.711,3.10,0.224,0.199,0.057,-0.122,-1.630,-0.029,0.209,0.013,0.78,0.75,0.29,-0.0284,-0.0074,-0.0136,772.8128,765.1967,774.3099,763.6103
1,0.461,2.711,3.15,0.224,0.199,0.050,-0.108,-1.630,-0.019,0.211,0.012,0.68,0.74,0.29,-0.0299,-0.0053,-0.0143,772.9818,765.1841,774.2662,763.7208
1,0.461,2.711,3.20,0.224,0.199,0.047,-0.102,-1.629,-0.014,0.211,0.012,0.61,0.73,0.28,-0.0309,-0.0050,-0.0140,773.2115,765.0037,774.5240,763.4203
1,0.461,2.711,3.25,0.224,0.199,0.042,-0.085,-1.630,-0.002,0.212,0.012,0.51,0.73,0.27,-0.0305,-0.0036,-0.0132,772.9352,765.2209,774.2704,763.5406
1,0.461,2.711,3.30,0.224,0.199,0.040,-0.078,-1.630,0.003,0.212,0.012,0.44,0.73,0.27,-0.0309,0.0008,-0.0144,772.6697,765.3441,774.2437,763.4821
1,0.461,2.711,3.35,0.224,0.199,0.036,-0.063,-1.630,0.014,0.211,0.011,0.33,0.74,0.26,-0.0319,0.0015,-0.0134,772.6457,765.2240,774.1257,763.2523
1,0.461,2.711,3.40,0.224,0.199,0.035,-0.055,-1.631,0.019,0.211,0.011,0.26,0.75,0.25,-0.0316,0.0032,-0.0126,772.4111,765.2374,773.8618,763.0887
1,0.461,2.711,3.45,0.224,0.199,0.032,-0.038,-1.632,0.030,0.208,0.011,0.15,0.78,0.24,-0.0313,0.0074,-0.0133,772.6595,764.7925,773.5856,763.0648
1,0.461,2.711,3.50,0.224,0.199,0.031,-0.031,-1.632,0.035,0.206,0.012,0.08,0.80,0.23,-0.0314,0.0070,-0.0123,772.0659,765.1111,773.4051,762.8536
1,0.461,2.711,3.55,0.224,0.199,0.030,-0.015,-1.633,0.045,0.203,0.012,-0.02,0.83,0.22,-0.0302,0.0095,-0.0124,771.9645,765.1324,773.4584,762.5778
1,0.461,2.711,3.60,0.224,0.199,0.030,-0.008,-1.634,0.050,0.200,0.012,-0.09,0.86,0.21,-0.0291,0.0109,-0.0122,772.4060,764.6972,773.4537,762.5271
1,0.461,2.711,3.65,0.224,0.199,0.031,-0.000,-1.634,0.055,0.198,0.013,-0.17,0.89,0.20,-0.0288,0.0120,-0.0119,772.3016,764.9658,773.3708,762.6322
1,0.461,2.711,3.70,0.224,0.199,0.032,0.016,-1.634,0.065,0.191,0.013,-0.24,0.93,0.19,-0.0258,0.0134,-0.0108,772.3486,765.2307,773.4736,762.6464
1,0.461,2.711,3.75,0.224,0.199,0.034,0.031,-1.634,0.074,0.184,0.014,-0.31,0.98,0.18,-0.0252,0.0146,-0.0114,772.3060,765.5522,773.3197,762.8969
1,0.461,2.711,3.80,0.224,0.199,0.035,0.038,-1.634,0.078,0.180,0.014,-0.38,1.03,0.17,-0.0219,0.0164,-0.0113,772.5201,765.6877,773.2781,763.0302
1,0.461,2.711,3.85,0.224,0.199,0.039,0.053,-1.634,0.087,0.170,0.014,-0.45,1.09,0.15,-0.0182,0.0188,-0.0118,772.2838,766.0876,772.9684,763.2628
1,0.461,2.711,3.90,0.224,0.199,0.040,0.060,-1.634,0.090,0.166,0.014,-0.49,1.14,0.14,-0.0180,0.0185,-0.0097,772.8626,765.9243,773.3985,763.0170
1,0.461,2.711,3.95,0.224,0.199,0.044,0.073,-1.633,0.097,0.157,0.014,-0.54,1.21,0.13,-0.0150,0.0199,-0.0092,772.9630,766.1292,773.3882,763.2771
1,0.461,2.711,4.00,0.224,0.199,0.047,0.080,-1.633,0.100,0.152,0.014,-0.57,1.26,0.12,-0.0136,0.0204,-0.0083,773.3105,766.1607,773.5302,763.5671
1,0.461,2.711,4.05,0.224,0.199,0.052,0.094,-1.632,0.106,0.141,0.014,-0.61,1.33,0.12,-0.0133,0.0209,-0.0072,773.5118,766.1851,773.6259,763.7811
1,0.461,2.711,4.10,0.224,0.199,0.055,0.100,-1.631,0.109,0.137,0.013,-0.64,1.38,0.12,-0.0107,0.0215,-0.0079,773.6417,766.3311,773.9213,763.8309
1,0.461,2.711,4.15,0.224,0.199,0.061,0.112,-1.630,0.113,0.126,0.012,-0.67,1.45,0.11,-0.0095,0.0210,-0.0067,773.6976,766.3620,773.9429,763.9701
1,0.461,2.711,4.20,0.224,0.199,0.064,0.118,-1.630,0.115,0.121,0.012,-0.69,1.51,0.11,-0.0100,0.0197,-0.0068,773.2889,766.7610,773.9248,764.1623
1,0.461,2.711,4.25,0.224,0.199,0.071,0.130,-1.629,0.119,0.109,0.010,-0.72,1.58,0.10,-0.0066,0.0215,-0.0064,773.3718,766.6680,773.8437,764.2266
1,0.461,2.711,4.30,0.224,0.199,0.075,0.135,-1.629,0.120,0.103,0.010,-0.73,1.63,0.10,-0.0055,0.0217,-0.0068,773.4482,766.4453,774.0120,764.0386
1,0.461,2.711,4.35,0.224,0.199,0.083,0.144,-1.628,0.123,0.092,0.009,-0.74,1.71,0.09,-0.0036,0.0210,-0.0051,773.0090,766.8298,773.7415,764.3203
1,0.461,2.711,4.40,0.224,0.199,0.087,0.149,-1.627,0.124,0.087,0.008,-0.75,1.76,0.09,-0.0015,0.0216,-0.0059,773.3005,766.5175,773.8773,764.2366
1,0.461,2.711,4.45,0.224,0.199,0.096,0.159,-1.627,0.126,0.075,0.007,-0.74,1.83,0.09,0.0007,0.0225,-0.0041,773.3512,766.4000,773.8385,764.3371
1,0.461,2.711,4.50,0.224,0.199,0.100,0.163,-1.626,0.126,0.070,0.007,-0.74,1.88,0.09,0.0002,0.0226,-0.0053,773.3358,766.2144,773.8367,764.5234
1,0.461,2.711,4.55,0.224,0.199,0.109,0.171,-1.626,0.127,0.059,0.006,-0.74,1.95,0.09,0.0020,0.0221,-0.0037,773.3347,766.2783,774.1832,764.4048
1,0.461,2.711,4.60,0.224,0.199,0.114,0.175,-1.625,0.127,0.054,0.006,-0.73,2.01,0.10,0.0015,0.0234,-0.0042,773.2507,766.3451,774.2108,764.7699
1,0.461,2.711,4.65,0.224,0.199,0.126,0.183,-1.624,0.127,0.043,0.005,-0.71,2.09,0.11,0.0034,0.0231,-0.0036,773.4731,766.2963,774.5647,764.7816
1,0.461,2.711,4.70,0.224,0.199,0.131,0.186,-1.623,0.127,0.038,0.005,-0.70,2.14,0.11,0.0037,0.0239,-0.0036,773.6267,766.4128,774.6035,765.2189
1,0.461,2.711,4.75,0.224,0.199,0.142,0.192,-1.622,0.126,0.028,0.004,-0.68,2.22,0.12,0.0043,0.0245,-0.0039,773.6076,766.6332,774.8151,765.3901
1,0.461,2.711,4.80,0.224,0.199,0.148,0.195,-1.621,0.125,0.023,0.003,-0.67,2.28,0.13,0.0054,0.0255,-0.0041,773.8805,766.4167,774.9181,765.5372
1,0.461,2.711,4.85,0.224,0.199,0.161,0.201,-1.619,0.123,0.013,0.001,-0.64,2.37,0.14,0.0066,0.0260,-0.0038,773.8096,766.6435,774.9186,765.7314
1,0.461,2.711,4.90,0.224,0.199,0.167,0.203,-1.619,0.122,0.008,0.001,-0.62,2.43,0.15,0.0064,0.0264,-0.0037,773.6432,766.7382,774.9816,765.9714
1,0.461,2.711,4.95,0.224,0.199,0.180,0.208,-1.617,0.118,-0.001,-0.001,-0.60,2.51,0.16,0.0070,0.0257,-0.0039,774.0363,766.2223,775.1354,765.9606
2,-3.273,-6.597,0.00,0.224,0.199,0.199,0.226,-1.623,-0.300,0.415,-0.007,-2.49,1.30,0.17,-0.1547,-0.1050,-0.0113,772.0368,766.6253,758.0864,781.1366
2,-3.273,-6.597,0.05,0.224,0.199,0.185,0.238,-1.623,-0.315,0.419,-0.008,-2.95,0.97,0.20,-0.1487,-0.1179,-0.0116,770.1123,767.7272,757.7534,781.8298
2,-3.273,-6.597,0.10,0.224,0.199,0.153,0.264,-1.624,-0.349,0.421,-0.009,-3.35,0.64,0.24,-0.1403,-0.1291,-0.0129,769.2258,767.6979,757.8797,782.0290
2,-3.273,-6.597,0.15,0.224,0.199,0.138,0.275,-1.625,-0.363,0.419,-0.010,-3.76,0.24,0.28,-0.1291,-0.1402,-0.0148,767.8041,768.0295,757.9111,782.2460
2,-3.273,-6.597,0.20,0.224,0.199,0.106,0.296,-1.627,-0.390,0.410,-0.011,-4.10,-0.15,0.32,-0.1171,-0.1474,-0.0163,766.7128,768.0701,758.4006,781.7879
2,-3.273,-6.597,0.25,0.224,0.199,0.089,0.306,-1.628,-0.402,0.402,-0.011,-4.43,-0.59,0.36,-0.1021,-0.1525,-0.0195,765.6275,767.9550,757.7654,782.2922
2,-3.273,-6.597,0.30,0.224,0.199,0.051,0.327,-1.630,-0.426,0.381,-0.011,-4.69,-1.01,0.39,-0.0871,-0.1559,-0.0206,764.4160,768.2648,758.0305,781.8132
2,-3.273,-6.597,0.35,0.224,0.199,0.033,0.335,-1.632,-0.435,0.370,-0.011,-4.93,-1.48,0.42,-0.0706,-0.1580,-0.0226,763.5951,768.2556,758.0555,781.5114
2,-3.273,-6.597,0.40,0.224,0.199,-0.002,0.350,-1.634,-0.450,0.343,-0.010,-5.11,-1.92,0.44,-0.0544,-0.1583,-0.0263,762.9327,768.3386,757.8910,781.3897
2,-3.273,-6.597,0.45,0.224,0.199,-0.020,0.357,-1.635,-0.455,0.328,-0.010,-5.25,-2.39,0.44,-0.0384,-0.1567,-0.0284,761.8308,769.2890,757.7753,781.1138
2,-3.273,-6.597,0.50,0.224,0.199,-0.059,0.370,-1.637,-0.463,0.292,-0.008,-5.34,-2.81,0.43,-0.0251,-0.1523,-0.0305,761.8414,769.5247,757.5163,780.8792
2,-3.273,-6.597,0.55,0.224,0.199,-0.076,0.375,-1.638,-0.464,0.275,-0.008,-5.39,-3.27,0.41,-0.0088,-0.1476,-0.0320,762.1465,769.9902,757.3719,780.4436
2,-3.273,-6.597,0.60,0.224,0.199,-0.110,0.383,-1.639,-0.463,0.240,-0.006,-5.40,-3.67,0.37,0.0035,-0.1399,-0.0331,761.9095,771.0103,756.8931,780.1168
2,-3.273,-6.597,0.65,0.224,0.199,-0.127,0.386,-1.640,-0.461,0.222,-0.005,-5.36,-4.08,0.32,0.0166,-0.1328,-0.0335,761.9619,771.9835,756.2658,779.6630
2,-3.273,-6.597,0.70,0.224,0.199,-0.162,0.390,-1.641,-0.452,0.180,-0.004,-5.30,-4.44,0.26,0.0272,-0.1222,-0.0343,762.2169,772.7474,755.8401,778.9627
2,-3.273,-6.597,0.75,0.224,0.199,-0.177,0.392,-1.642,-0.446,0.162,-0.003,-5.20,-4.80,0.19,0.0387,-0.1152,-0.0338,762.6061,773.6953,755.1160,778.3690
2,-3.273,-6.597,0.80,0.224,0.199,-0.206,0.392,-1.642,-0.431,0.125,-0.001,-5.08,-5.11,0.12,0.0472,-0.1036,-0.0331,762.9067,774.7657,754.4698,777.8186
2,-3.273,-6.597,0.85,0.224,0.199,-0.219,0.391,-1.643,-0.422,0.107,-0.000,-4.92,-5.41,0.03,0.0558,-0.0939,-0.0313,763.3471,775.9434,754.1002,776.8669
2,-3.273,-6.597,0.90,0.224,0.199,-0.248,0.388,-1.643,-0.399,0.068,0.001,-4.75,-5.66,-0.04,0.0624,-0.0848,-0.0293,763.4727,777.1853,753.2480,776.4763
2,-3.273,-6.597,0.95,0.224,0.199,-0.259,0.386,-1.643,-0.388,0.051,0.002,-4.55,-5.91,-0.12,0.0692,-0.0731,-0.0278,763.7218,778.1934,752.6060,775.9016
2,-3.273,-6.597,1.00,0.224,0.199,-0.280,0.380,-1.643,-0.363,0.018,0.003,-4.36,-6.10,-0.18,0.0721,-0.0642,-0.0230,764.0594,779.0137,752.2656,775.4022
2,-3.273,-6.597,1.05,0.224,0.199,-0.290,0.377,-1.643,-0.349,0.003,0.004,-4.13,-6.28,-0.24,0.0758,-0.0517,-0.0196,764.4394,779.5784,752.1679,774.7391
2,-3.273,-6.597,1.10,0.224,0.199,-0.308,0.368,-1.642,-0.317,-0.030,0.005,-3.92,-6.42,-0.28,0.0785,-0.0421,-0.0157,764.1868,780.5319,751.6051,775.0320
2,-3.273,-6.597,1.15,0.224,0.199,-0.315,0.363,-1.642,-0.302,-0.044,0.006,-3.68,-6.53,-0.31,0.0810,-0.0297,-0.0120,764.2587,780.8435,751.8290,774.7618
2,-3.273,-6.597,1.20,0.224,0.199,-0.327,0.353,-1.641,-0.271,-0.069,0.007,-3.46,-6.61,-0.32,0.0797,-0.0203,-0.0085,764.0814,781.3962,752.0629,774.8195
2,-3.273,-6.597,1.25,0.224,0.199,-0.331,0.348,-1.640,-0.255,-0.081,0.008,-3.22,-6.66,-0.32,0.0805,-0.0119,-0.0051,763.9390,781.6681,752.4072,775.2724
2,-3.273,-6.597,1.30,0.224,0.199,-0.340,0.335,-1.638,-0.219,-0.105,0.008,-3.00,-6.69,-0.31,0.0792,-0.0007,-0.0018,763.5453,781.9589,752.8018,775.7017
2,-3.273,-6.597,1.35,0.224,0.199,-0.343,0.329,-1.638,-0.203,-0.114,0.008,-2.77,-6.68,-0.30,0.0790,0.0066,0.0005,763.1169,781.7526,753.1031,776.1420
2,-3.273,-6.597,1.40,0.224,0.199,-0.346,0.317,-1.637,-0.171,-0.131,0.008,-2.56,-6.66,-0.27,0.0756,0.0149,0.0032,762.1204,781.8798,753.1447,776.6569
2,-3.273,-6.597,1.45,0.224,0.199,-0.347,0.311,-1.636,-0.156,-0.138,0.008,-2.34,-6.61,-0.24,0.0731,0.0213,0.0064,761.3461,781.5869,753.8751,776.7532
2,-3.273,-6.597,1.50,0.224,0.199,-0.346,0.298,-1.635,-0.122,-0.152,0.008,-2.14,-6.55,-0.20,0.0704,0.0268,0.0079,760.5079,781.1348,754.2328,777.0336
2,-3.273,-6.597,1.55,0.224,0.199,-0.345,0.293,-1.635,-0.108,-0.157,0.008,-1.94,-6.47,-0.15,0.0661,0.0328,0.0086,759.5850,780.7443,754.4563,777.6248
2,-3.273,-6.597,1.60,0.224,0.199,-0.342,0.282,-1.635,-0.080,-0.164,0.008,-1.76,-6.38,-0.10,0.0611,0.0353,0.0084,758.8177,780.0634,754.7969,777.9224
2,-3.273,-6.597,1.65,0.224,0.199,-0.339,0.278,-1.635,-0.067,-0.167,0.008,-1.59,-6.28,-0.04,0.0564,0.0392,0.0086,757.8116,779.6946,755.3798,777.9411
2,-3.273,-6.597,1.70,0.224,0.199,-0.332,0.268,-1.635,-0.039,-0.170,0.008,-1.44,-6.18,0.01,0.0505,0.0408,0.0071,757.0071,779.3535,755.6042,778.4080
2,-3.273,-6.597,1.75,0.224,0.199,-0.329,0.264,-1.635,-0.028,-0.170,0.008,-1.30,-6.06,0.07,0.0442,0.0441,0.0073,756.3770,778.8683,756.1107,778.4623
2,-3.273,-6.597,1.80,0.224,0.199,-0.321,0.257,-1.634,-0.006,-0.170,0.008,-1.18,-5.94,0.12,0.0374,0.0451,0.0066,755.6924,778.5637,756.2401,778.8801
2,-3.273,-6.597,1.85,0.224,0.199,-0.316,0.254,-1.634,0.003,-0.169,0.009,-1.07,-5.81,0.18,0.0321,0.0457,0.0049,755.0231,778.3148,756.6305,779.1713
2,-3.273,-6.597,1.90,0.224,0.199,-0.306,0.248,-1.634,0.023,-0.166,0.009,-0.99,-5.70,0.22,0.0264,0.0436,0.0028,754.3815,778.4188,757.1917,779.1971
2,-3.273,-6.597,1.95,0.224,0.199,-0.301,0.246,-1.634,0.030,-0.163,0.010,-0.91,-5.57,0.27,0.0207,0.0431,0.0010,754.3221,778.2043,757.4615,779.5151
2,-3.273,-6.597,2.00,0.224,0.199,-0.292,0.243,-1.633,0.043,-0.158,0.010,-0.86,-5.46,0.31,0.0155,0.0404,-0.0008,753.8704,778.5289,757.8025,779.7739
2,-3.273,-6.597,2.05,0.224,0.199,-0.287,0.243,-1.633,0.049,-0.155,0.010,-0.81,-5.35,0.35,0.0097,0.0368,-0.0034,753.5511,778.9805,757.8329,780.3290
2,-3.273,-6.597,2.10,0.224,0.199,-0.276,0.242,-1.631,0.060,-0.148,0.010,-0.78,-5.25,0.38,0.0046,0.0357,-0.0056,753.8564,778.9990,758.3548,780.3867
2,-3.273,-6.597,2.15,0.224,0.199,-0.271,0.241,-1.630,0.064,-0.145,0.010,-0.77,-5.15,0.40,-0.0005,0.0331,-0.0090,753.8411,779.4631,759.0491,780.1682
2,-3.273,-6.597,2.20,0.224,0.199,-0.262,0.241,-1.629,0.070,-0.139,0.010,-0.76,-5.07,0.41,-0.0030,0.0288,-0.0105,754.0043,779.8911,758.9870,780.4176
2,-3.273,-6.597,2.25,0.224,0.199,-0.258,0.242,-1.628,0.072,-0.137,0.009,-0.76,-4.99,0.41,-0.0048,0.0244,-0.0123,753.8943,780.5262,759.2567,780.1046
2,-3.273,-6.597,2.30,0.224,0.199,-0.248,0.242,-1.626,0.076,-0.132,0.008,-0.77,-4.93,0.40,-0.0076,0.0222,-0.0143,754.3919,780.7090,759.3603,779.9928
2,-3.273,-6.597,2.35,0.224,0.199,-0.244,0.243,-1.625,0.077,-0.130,0.007,-0.78,-4.87,0.39,-0.0059,0.0166,-0.0161,754.6874,781.2142,759.2354,779.7474
2,-3.273,-6.597,2.40,0.224,0.199,-0.237,0.244,-1.624,0.079,-0.126,0.006,-0.79,-4.83,0.37,-0.0077,0.0151,-0.0170,754.7474,781.7866,758.9449,779.5910
2,-3.273,-6.597,2.45,0.224,0.199,-0.233,0.244,-1.623,0.079,-0.125,0.005,-0.79,-4.79,0.34,-0.0055,0.0114,-0.0194,755.1500,781.9365,758.9756,778.9142
2,-3.273,-6.597,2.50,0.224,0.199,-0.224,0.246,-1.622,0.079,-0.122,0.003,-0.80,-4.76,0.32,-0.0061,0.0093,-0.0188,755.4270,782.2320,758.5389,778.5726
2,-3.273,-6.597,2.55,0.224,0.199,-0.221,0.246,-1.621,0.079,-0.121,0.002,-0.80,-4.74,0.29,-0.0028,0.0062,-0.0186,755.6693,782.5178,758.2591,777.9828
2,-3.273,-6.597,2.60,0.224,0.199,-0.214,0.247,-1.620,0.078,-0.120,0.001,-0.80,-4.73,0.25,-0.0040,0.0050,-0.0201,755.6475,782.9768,758.0153,777.4569
2,-3.273,-6.597,2.65,0.224,0.199,-0.211,0.248,-1.620,0.078,-0.119,0.000,-0.80,-4.72,0.22,-0.0023,0.0035,-0.0198,756.1578,782.9623,757.7856,776.8335
2,-3.273,-6.597,2.70,0.224,0.199,-0.204,0.249,-1.619,0.076,-0.119,-0.001,-0.79,-4.71,0.18,-0.0001,0.0019,-0.0186,755.8929,783.7215,757.2369,776.6984
2,-3.273,-6.597,2.75,0.224,0.199,-0.201,0.249,-1.619,0.076,-0.119,-0.001,-0.78,-4.71,0.15,-0.0003,-0.0005,-0.0172,756.3992,783.7462,757.1616,776.1167
2,-3.273,-6.597,2.80,0.224,0.199,-0.195,0.249,-1.618,0.074,-0.120,-0.002,-0.77,-4.72,0.11,0.0033,-0.0026,-0.0178,756.3597,784.0197,756.7855,775.9308
2,-3.273,-6.597,2.85,0.224,0.199,-0.193,0.248,-1.618,0.073,-0.120,-0.002,-0.75,-4.72,0.07,0.0044,-0.0028,-0.0164,756.2920,784.5563,756.7010,775.6709
2,-3.273,-6.597,2.90,0.224,0.199,-0.187,0.247,-1.617,0.071,-0.122,-0.004,-0.73,-4.73,0.04,0.0059,-0.0021,-0.0142,756.8399,784.2855,756.6899,775.1025
2,-3.273,-6.597,2.95,0.224,0.199,-0.184,0.246,-1.617,0.070,-0.123,-0.004,-0.70,-4.74,0.01,0.0087,-0.0033,-0.0132,756.8779,784.5137,756.3922,775.0632
2,-3.273,-6.597,3.00,0.224,0.199,-0.179,0.245,-1.617,0.069,-0.125,-0.005,-0.67,-4.76,-0.01,0.0103,-0.0052,-0.0104,756.7853,784.6474,756.2294,774.9011
2,-3.273,-6.597,3.05,0.224,0.199,-0.177,0.244,-1.617,0.068,-0.126,-0.005,-0.63,-4.77,-0.04,0.0116,-0.0032,-0.0105,756.5792,784.7042,756.3015,774.6271
2,-3.273,-6.597,3.10,0.224,0.199,-0.171,0.241,-1.617,0.067,-0.128,-0.006,-0.59,-4.78,-0.05,0.0135,-0.0053,-0.0082,756.5917,784.5817,755.8949,774.7272
2,-3.273,-6.597,3.15,0.224,0.199,-0.169,0.240,-1.617,0.067,-0.129,-0.006,-0.55,-4.80,-0.07,0.0153,-0.0038,-0.0068,756.3670,784.6171,755.7047,774.6118
2,-3.273,-6.597,3.20,0.224,0.199,-0.164,0.237,-1.617,0.066,-0.130,-0.006,-0.50,-4.81,-0.08,0.0143,-0.0045,-0.0049,756.3875,784.3007,755.9741,774.2480
2,-3.273,-6.597,3.25,0.224,0.199,-0.162,0.236,-1.617,0.066,-0.130,-0.006,-0.45,-4.82,-0.08,0.0153,-0.0026,-0.0036,756.4979,783.7437,755.8945,774.3047
2,-3.273,-6.597,3.30,0.224,0.199,-0.156,0.233,-1.618,0.065,-0.130,-0.007,-0.41,-4.83,-0.08,0.0141,-0.0025,-0.0023,756.0080,783.7582,756.1437,774.0080
2,-3.273,-6.597,3.35,0.224,0.199,-0.154,0.232,-1.618,0.065,-0.129,-0.007,-0.36,-4.84,-0.07,0.0135,-0.0009,-0.0012,755.8019,783.3739,756.1255,774.1074
2,-3.273,-6.597,3.40,0.224,0.199,-0.149,0.230,-1.619,0.065,-0.128,-0.006,-0.32,-4.84,-0.06,0.0114,-0.0011,-0.0004,755.4485,783.1949,756.1307,774.3063
2,-3.273,-6.597,3.45,0.224,0.199,-0.146,0.229,-1.619,0.065,-0.127,-0.006,-0.29,-4.84,-0.05,0.0102,0.0010,0.0001,755.1676,782.8646,756.2130,774.3903
2,-3.273,-6.597,3.50,0.224,0.199,-0.140,0.227,-1.620,0.066,-0.125,-0.005,-0.26,-4.84,-0.04,0.0084,0.0006,0.0011,754.7395,782.9656,756.2302,774.6038
2,-3.273,-6.597,3.55,0.224,0.199,-0.137,0.227,-1.620,0.066,-0.124,-0.005,-0.23,-4.84,-0.02,0.0065,0.0009,0.0009,754.3630,782.7395,756.2163,774.9971
2,-3.273,-6.597,3.60,0.224,0.199,-0.132,0.225,-1.621,0.066,-0.122,-0.004,-0.21,-4.84,-0.01,0.0044,0.0020,0.0011,754.1960,782.4392,756.6100,774.9104
2,-3.273,-6.597,3.65,0.224,0.199,-0.129,0.224,-1.621,0.066,-0.121,-0.004,-0.20,-4.84,0.00,0.0041,0.0029,0.0021,754.2365,782.2792,756.8736,775.0880
2,-3.273,-6.597,3.70,0.224,0.199,-0.122,0.222,-1.621,0.067,-0.118,-0.003,-0.18,-4.83,0.02,0.0029,0.0030,0.0017,754.0745,782.2502,757.2507,775.0028
2,-3.273,-6.597,3.75,0.224,0.199,-0.119,0.221,-1.621,0.067,-0.117,-0.003,-0.17,-4.82,0.03,0.0029,0.0048,-0.0002,754.1265,782.1304,757.3568,775.3402
2,-3.273,-6.597,3.80,0.224,0.199,-0.114,0.219,-1.621,0.067,-0.115,-0.003,-0.16,-4.81,0.04,0.0040,0.0039,0.0002,753.7565,782.5271,757.5451,775.4507
2,-3.273,-6.597,3.85,0.224,0.199,-0.111,0.218,-1.621,0.067,-0.114,-0.002,-0.14,-4.80,0.04,0.0030,0.0038,0.0010,753.8253,782.3515,757.9209,775.2346
2,-3.273,-6.597,3.90,0.224,0.199,-0.104,0.216,-1.622,0.066,-0.113,-0.002,-0.13,-4.79,0.05,0.0036,0.0038,-0.0004,753.7156,782.4503,757.8940,775.4136
2,-3.273,-6.597,3.95,0.224,0.199,-0.102,0.214,-1.622,0.066,-0.112,-0.002,-0.12,-4.78,0.05,0.0039,0.0035,-0.0004,753.7625,782.4218,757.6799,775.6069
2,-3.273,-6.597,4.00,0.224,0.199,-0.096,0.211,-1.622,0.065,-0.111,-0.002,-0.10,-4.77,0.05,0.0055,0.0019,-0.0015,753.7288,782.3560,757.7131,775.4435
2,-3.273,-6.597,4.05,0.224,0.199,-0.094,0.210,-1.623,0.064,-0.111,-0.001,-0.08,-4.76,0.04,0.0075,0.0027,-0.0026,753.6292,782.4600,757.4712,775.3075
2,-3.273,-6.597,4.10,0.224,0.199,-0.088,0.205,-1.624,0.063,-0.110,-0.001,-0.06,-4.75,0.04,0.0093,0.0040,-0.0022,753.5049,782.4233,757.5370,774.9748
2,-3.273,-6.597,4.15,0.224,0.199,-0.085,0.203,-1.624,0.062,-0.110,-0.001,-0.03,-4.75,0.04,0.0099,0.0016,-0.0011,753.5996,782.2299,757.4483,774.7651
2,-3.273,-6.597,4.20,0.224,0.199,-0.079,0.199,-1.625,0.060,-0.109,-0.000,0.00,-4.75,0.03,0.0112,0.0017,-0.0015,753.4402,782.4315,757.2303,774.8171
2,-3.273,-6.597,4.25,0.224,0.199,-0.077,0.197,-1.625,0.060,-0.108,-0.000,0.04,-4.75,0.03,0.0126,-0.0002,-0.0008,753.4189,782.3459,756.8149,774.8444
2,-3.273,-6.597,4.30,0.224,0.199,-0.070,0.192,-1.626,0.059,-0.106,0.001,0.07,-4.74,0.02,0.0123,0.0006,-0.0030,753.3838,782.3357,756.7303,774.8302
2,-3.273,-6.597,4.35,0.224,0.199,-0.068,0.190,-1.626,0.058,-0.106,0.001,0.11,-4.74,0.02,0.0132,0.0015,-0.0021,753.7362,782.1879,756.8961,774.4856
2,-3.273,-6.597,4.40,0.224,0.199,-0.062,0.186,-1.627,0.057,-0.104,0.002,0.15,-4.74,0.01,0.0128,0.0024,-0.0019,753.9048,782.2698,757.0524,774.3904
2,-3.273,-6.597,4.45,0.224,0.199,-0.059,0.183,-1.627,0.057,-0.103,0.003,0.19,-4.73,0.01,0.0123,0.0026,-0.0023,754.0366,782.4993,757.1986,774.4647
2,-3.273,-6.597,4.50,0.224,0.199,-0.053,0.179,-1.627,0.055,-0.100,0.004,0.22,-4.72,0.00,0.0135,0.0024,-0.0020,754.2573,782.6600,757.0101,774.8788
2,-3.273,-6.597,4.55,0.224,0.199,-0.050,0.176,-1.627,0.054,-0.098,0.004,0.26,-4.72,-0.00,0.0111,0.0033,-0.0020,754.3569,782.8719,757.2411,774.6915
2,-3.273,-6.597,4.60,0.224,0.199,-0.045,0.172,-1.627,0.053,-0.095,0.004,0.29,-4.71,-0.00,0.0109,0.0031,-0.0018,754.6035,782.8925,757.4120,774.7748
2,-3.273,-6.597,4.65,0.224,0.199,-0.042,0.171,-1.627,0.052,-0.093,0.004,0.32,-4.70,-0.01,0.0095,0.0023,-0.0016,754.7493,782.8874,757.4780,774.8636
2,-3.273,-6.597,4.70,0.224,0.199,-0.036,0.166,-1.626,0.050,-0.089,0.004,0.35,-4.69,-0.01,0.0088,0.0027,-0.0012,754.5221,783.1852,757.3879,775.0173
2,-3.273,-6.597,4.75,0.224,0.199,-0.034,0.164,-1.626,0.049,-0.087,0.004,0.37,-4.69,-0.01,0.0063,0.0022,-0.0011,754.9137,782.8336,757.8316,774.7318
2,-3.273,-6.597,4.80,0.224,0.199,-0.029,0.160,-1.626,0.047,-0.083,0.004,0.39,-4.69,-0.01,0.0071,0.0020,-0.0006,754.4651,783.4015,757.5292,775.1613
2,-3.273,-6.597,4.85,0.224,0.199,-0.027,0.158,-1.626,0.046,-0.081,0.004,0.41,-4.68,-0.01,0.0059,0.0009,-0.0003,754.4902,783.2205,757.7188,774.8689
2,-3.273,-6.597,4.90,0.224,0.199,-0.022,0.153,-1.626,0.044,-0.077,0.004,0.42,-4.68,-0.01,0.0039,0.0002,-0.0006,754.5501,783.0597,757.7900,774.7935
2,-3.273,-6.597,4.95,0.224,0.199,-0.020,0.151,-1.627,0.043,-0.075,0.004,0.44,-4.68,-0.01,0.0057,0.0009,-0.0011,754.5858,782.9913,757.5965,774.9717
3,-0.128,-0.364,0.00,0.224,0.199,0.076,0.337,-1.626,0.294,0.302,0.030,3.27,4.29,-178.30,0.0385,-0.0804,-0.2040,805.0463,791.9136,744.0888,738.4243
3,-0.128,-0.364,0.05,0.224,0.199,0.087,0.351,-1.625,0.306,0.280,0.029,3.32,4.10,-178.82,0.0246,-0.0835,-0.1737,806.8633,793.6317,742.4623,736.6479
3,-0.128,-0.364,0.10,0.224,0.199,0.105,0.370,-1.623,0.323,0.245,0.027,3.33,3.87,-179.29,0.0082,-0.0877,-0.1419,807.4089,794.4525,742.2454,735.6888
3,-0.128,-0.364,0.15,0.224,0.199,0.115,0.379,-1.622,0.331,0.228,0.027,3.31,3.65,-179.64,-0.0016,-0.0901,-0.1109,806.7654,794.7238,742.2111,736.4702
3,-0.128,-0.364,0.20,0.224,0.199,0.136,0.395,-1.620,0.346,0.193,0.025,3.26,3.39,-179.93,-0.0139,-0.0923,-0.0802,805.5499,793.9519,743.4344,737.3248
3,-0.128,-0.364,0.25,0.224,0.199,0.150,0.403,-1.619,0.353,0.171,0.023,3.20,3.15,179.89,-0.0234,-0.0946,-0.0519,803.5253,792.2780,745.4930,738.9445
3,-0.128,-0.364,0.30,0.224,0.199,0.174,0.416,-1.617,0.364,0.138,0.021,3.11,2.87,179.77,-0.0291,-0.0947,-0.0248,801.2830,789.9660,747.5365,741.3445
3,-0.128,-0.364,0.35,0.224,0.199,0.186,0.422,-1.616,0.369,0.122,0.020,3.01,2.61,179.74,-0.0378,-0.0963,-0.0015,797.9349,787.6566,750.4221,744.3281
3,-0.128,-0.364,0.40,0.224,0.199,0.211,0.431,-1.615,0.375,0.093,0.018,2.89,2.32,179.77,-0.0412,-0.0966,0.0199,794.7922,784.7465,753.5093,747.1106
3,-0.128,-0.364,0.45,0.224,0.199,0.227,0.437,-1.614,0.379,0.075,0.017,2.77,2.06,179.85,-0.0449,-0.0948,0.0376,791.0607,781.4962,756.8221,750.6567
3,-0.128,-0.364,0.50,0.224,0.199,0.253,0.444,-1.613,0.381,0.049,0.015,2.63,1.78,179.98,-0.0456,-0.0947,0.0512,787.8590,778.1644,760.3745,753.5626
3,-0.128,-0.364,0.55,0.224,0.199,0.266,0.448,-1.612,0.381,0.037,0.014,2.50,1.52,-179.85,-0.0475,-0.0922,0.0608,783.8033,775.2233,763.7720,757.1953
3,-0.128,-0.364,0.60,0.224,0.199,0.293,0.453,-1.611,0.380,0.015,0.012,2.36,1.24,-179.65,-0.0471,-0.0902,0.0680,780.6926,772.0094,766.9877,760.0179
3,-0.128,-0.364,0.65,0.224,0.199,0.310,0.457,-1.611,0.378,0.002,0.011,2.24,0.99,-179.44,-0.0453,-0.0876,0.0724,777.0082,769.1421,770.1254,763.3612
3,-0.128,-0.364,0.70,0.224,0.199,0.338,0.460,-1.610,0.374,-0.016,0.009,2.11,0.73,-179.21,-0.0425,-0.0854,0.0737,774.3421,766.3534,772.8654,766.0581
3,-0.128,-0.364,0.75,0.224,0.199,0.352,0.462,-1.610,0.371,-0.024,0.009,1.99,0.50,-179.00,-0.0399,-0.0824,0.0717,771.1984,764.1470,775.0917,769.0191
3,-0.128,-0.364,0.80,0.224,0.199,0.381,0.464,-1.609,0.363,-0.040,0.007,1.88,0.25,-178.77,-0.0377,-0.0808,0.0664,769.1636,761.7003,777.4636,770.8505
3,-0.128,-0.364,0.85,0.224,0.199,0.399,0.465,-1.609,0.357,-0.049,0.006,1.78,0.04,-178.57,-0.0350,-0.0771,0.0615,766.9518,759.9655,779.1115,772.9151
3,-0.128,-0.364,0.90,0.224,0.199,0.427,0.466,-1.609,0.346,-0.062,0.005,1.67,-0.19,-178.37,-0.0328,-0.0759,0.0541,765.5248,758.5225,780.8456,773.9593
3,-0.128,-0.364,0.95,0.224,0.199,0.441,0.466,-1.609,0.340,-0.068,0.005,1.58,-0.39,-178.21,-0.0305,-0.0730,0.0449,764.2402,757.5890,781.6306,775.5553
3,-0.128,-0.364,1.00,0.224,0.199,0.469,0.466,-1.609,0.327,-0.080,0.004,1.49,-0.60,-178.06,-0.0289,-0.0702,0.0358,763.3140,757.1960,782.3177,776.3798
3,-0.128,-0.364,1.05,0.224,0.199,0.486,0.465,-1.608,0.317,-0.086,0.004,1.41,-0.78,-177.95,-0.0258,-0.0661,0.0258,762.8955,756.8461,782.7234,776.9681
3,-0.128,-0.364,1.10,0.224,0.199,0.514,0.463,-1.608,0.301,-0.096,0.003,1.34,-0.97,-177.86,-0.0237,-0.0625,0.0161,762.5562,757.0101,782.8983,777.1626
3,-0.128,-0.364,1.15,0.224,0.199,0.527,0.461,-1.608,0.292,-0.101,0.002,1.27,-1.13,-177.80,-0.0236,-0.0587,0.0070,762.6274,757.2529,782.6136,777.2686
3,-0.128,-0.364,1.20,0.224,0.199,0.553,0.457,-1.608,0.273,-0.110,0.002,1.20,-1.29,-177.76,-0.0222,-0.0558,-0.0039,763.3470,757.3245,782.4131,776.7732
3,-0.128,-0.364,1.25,0.224,0.199,0.569,0.454,-1.608,0.260,-0.116,0.001,1.14,-1.43,-177.76,-0.0223,-0.0510,-0.0123,763.6505,758.2999,781.5555,776.0961
3,-0.128,-0.364,1.30,0.224,0.199,0.592,0.449,-1.608,0.238,-0.124,0.000,1.08,-1.56,-177.78,-0.0226,-0.0452,-0.0202,764.1132,759.2101,780.4225,775.5315
3,-0.128,-0.364,1.35,0.224,0.199,0.604,0.446,-1.608,0.227,-0.128,-0.000,1.02,-1.67,-177.82,-0.0235,-0.0408,-0.0271,764.8877,760.0436,779.4890,774.2628
3,-0.128,-0.364,1.40,0.224,0.199,0.626,0.438,-1.608,0.203,-0.136,-0.001,0.95,-1.78,-177.88,-0.0231,-0.0359,-0.0339,765.7571,761.0781,778.1409,773.4920
3,-0.128,-0.364,1.45,0.224,0.199,0.639,0.433,-1.608,0.188,-0.140,-0.001,0.89,-1.86,-177.96,-0.0241,-0.0324,-0.0383,766.9988,762.1689,777.2866,772.1914
3,-0.128,-0.364,1.50,0.224,0.199,0.659,0.424,-1.608,0.164,-0.147,-0.001,0.82,-1.94,-178.05,-0.0249,-0.0265,-0.0424,767.8864,763.4934,775.9838,771.4802
3,-0.128,-0.364,1.55,0.224,0.199,0.668,0.419,-1.609,0.151,-0.151,-0.001,0.75,-2.00,-178.14,-0.0280,-0.0225,-0.0443,768.7435,764.9059,774.8193,770.4759
3,-0.128,-0.364,1.60,0.224,0.199,0.686,0.408,-1.609,0.126,-0.157,-0.001,0.67,-2.05,-178.25,-0.0298,-0.0182,-0.0465,769.5544,765.9487,773.7786,769.5035
3,-0.128,-0.364,1.65,0.224,0.199,0.697,0.401,-1.609,0.111,-0.161,-0.001,0.60,-2.09,-178.35,-0.0305,-0.0156,-0.0473,770.6390,766.9194,772.8562,768.5042
3,-0.128,-0.364,1.70,0.224,0.199,0.712,0.389,-1.609,0.085,-0.166,-0.002,0.51,-2.12,-178.45,-0.0335,-0.0112,-0.0472,771.0909,767.9358,771.8174,767.7523
3,-0.128,-0.364,1.75,0.224,0.199,0.719,0.383,-1.609,0.073,-0.168,-0.002,0.42,-2.14,-178.55,-0.0354,-0.0072,-0.0472,771.5949,768.5846,770.8625,766.7856
3,-0.128,-0.364,1.80,0.224,0.199,0.732,0.369,-1.610,0.047,-0.172,-0.002,0.33,-2.15,-178.65,-0.0365,-0.0038,-0.0457,772.0936,768.9542,770.0555,766.1929
3,-0.128,-0.364,1.85,0.224,0.199,0.739,0.360,-1.611,0.032,-0.174,-0.002,0.23,-2.15,-178.74,-0.0371,-0.0006,-0.0444,772.3998,769.4951,769.6048,765.3353
3,-0.128,-0.364,1.90,0.224,0.199,0.749,0.346,-1.612,0.007,-0.176,-0.002,0.13,-2.14,-178.82,-0.0375,0.0020,-0.0401,772.6671,769.7853,768.9106,765.0170
3,-0.128,-0.364,1.95,0.224,0.199,0.753,0.338,-1.613,-0.006,-0.177,-0.002,0.03,-2.12,-178.90,-0.0393,0.0061,-0.0378,772.3962,770.2272,768.2806,764.7531
3,-0.128,-0.364,2.00,0.224,0.199,0.761,0.322,-1.614,-0.030,-0.178,-0.001,-0.08,-2.09,-178.96,-0.0390,0.0093,-0.0348,772.6345,770.2305,767.7571,764.8742
3,-0.128,-0.364,2.05,0.224,0.199,0.766,0.312,-1.614,-0.044,-0.178,-0.001,-0.18,-2.06,-179.01,-0.0412,0.0110,-0.0320,772.6056,770.4185,767.9850,764.5306
3,-0.128,-0.364,2.10,0.224,0.199,0.772,0.296,-1.615,-0.066,-0.177,0.000,-0.30,-2.02,-179.05,-0.0410,0.0148,-0.0289,772.4506,770.4458,767.7841,764.9747
3,-0.128,-0.364,2.15,0.224,0.199,0.774,0.287,-1.615,-0.077,-0.176,0.001,-0.40,-1.97,-179.09,-0.0411,0.0153,-0.0269,772.2606,770.4562,768.0121,765.0795
3,-0.128,-0.364,2.20,0.224,0.199,0.778,0.271,-1.616,-0.098,-0.173,0.001,-0.52,-1.92,-179.11,-0.0411,0.0163,-0.0228,772.1393,770.1826,768.2616,765.3131
3,-0.128,-0.364,2.25,0.224,0.199,0.780,0.260,-1.617,-0.110,-0.171,0.001,-0.63,-1.87,-179.13,-0.0403,0.0182,-0.0197,771.3959,770.4437,768.2792,765.8665
3,-0.128,-0.364,2.30,0.224,0.199,0.781,0.242,-1.617,-0.130,-0.166,0.002,-0.74,-1.81,-179.14,-0.0393,0.0195,-0.0184,771.3950,769.8864,768.7451,765.9348
3,-0.128,-0.364,2.35,0.224,0.199,0.781,0.234,-1.617,-0.139,-0.164,0.002,-0.84,-1.75,-179.14,-0.0385,0.0206,-0.0175,770.9927,769.7097,769.1474,766.2856
3,-0.128,-0.364,2.40,0.224,0.199,0.780,0.216,-1.618,-0.157,-0.158,0.002,-0.95,-1.68,-179.14,-0.0377,0.0223,-0.0149,770.6857,769.3495,769.5917,766.5089
3,-0.128,-0.364,2.45,0.224,0.199,0.779,0.205,-1.618,-0.168,-0.154,0.002,-1.04,-1.61,-179.13,-0.0368,0.0249,-0.0150,769.9922,769.2795,769.5914,767.1763
3,-0.128,-0.364,2.50,0.224,0.199,0.775,0.187,-1.618,-0.184,-0.146,0.002,-1.14,-1.53,-179.12,-0.0359,0.0265,-0.0136,769.7150,768.9010,769.6266,767.6816
3,-0.128,-0.364,2.55,0.224,0.199,0.773,0.178,-1.619,-0.192,-0.142,0.002,-1.23,-1.45,-179.11,-0.0345,0.0305,-0.0134,769.0981,768.8818,769.6783,768.3027
3,-0.128,-0.364,2.60,0.224,0.199,0.767,0.161,-1.619,-0.207,-0.134,0.003,-1.33,-1.36,-179.09,-0.0331,0.0298,-0.0128,769.2967,768.0964,770.2466,768.3945
3,-0.128,-0.364,2.65,0.224,0.199,0.763,0.150,-1.620,-0.216,-0.128,0.003,-1.41,-1.27,-179.08,-0.0314,0.0311,-0.0134,768.8953,767.9010,770.7618,768.4507
3,-0.128,-0.364,2.70,0.224,0.199,0.755,0.134,-1.620,-0.229,-0.117,0.004,-1.49,-1.17,-179.07,-0.0303,0.0337,-0.0132,768.5710,767.8864,770.9066,768.6987
3,-0.128,-0.364,2.75,0.224,0.199,0.751,0.126,-1.620,-0.236,-0.111,0.004,-1.56,-1.07,-179.07,-0.0267,0.0357,-0.0140,768.1990,767.9244,770.6606,769.3234
3,-0.128,-0.364,2.80,0.224,0.199,0.742,0.111,-1.621,-0.247,-0.099,0.004,-1.63,-0.97,-179.06,-0.0238,0.0352,-0.0147,768.3832,767.4367,771.0280,769.1324
3,-0.128,-0.364,2.85,0.224,0.199,0.735,0.101,-1.621,-0.253,-0.091,0.004,-1.69,-0.87,-179.06,-0.0205,0.0362,-0.0157,768.1434,767.4611,770.9688,769.2590
3,-0.128,-0.364,2.90,0.224,0.199,0.724,0.088,-1.622,-0.262,-0.078,0.005,-1.74,-0.76,-179.07,-0.0189,0.0365,-0.0166,767.8516,767.7082,770.9180,769.3221
3,-0.128,-0.364,2.95,0.224,0.199,0.718,0.081,-1.622,-0.266,-0.071,0.005,-1.78,-0.65,-179.08,-0.0153,0.0371,-0.0176,768.0673,767.5797,771.0061,769.2263
3,-0.128,-0.364,3.00,0.224,0.199,0.705,0.069,-1.623,-0.273,-0.057,0.005,-1.81,-0.54,-179.09,-0.0126,0.0387,-0.0189,768.0669,767.5941,770.7957,769.2702
3,-0.128,-0.364,3.05,0.224,0.199,0.697,0.061,-1.623,-0.277,-0.048,0.005,-1.83,-0.44,-179.11,-0.0089,0.0385,-0.0187,767.9182,767.9109,770.4337,769.4637
3,-0.128,-0.364,3.10,0.224,0.199,0.684,0.050,-1.624,-0.282,-0.034,0.006,-1.85,-0.32,-179.13,-0.0057,0.0380,-0.0191,768.1496,768.0798,770.3332,769.4352
3,-0.128,-0.364,3.15,0.224,0.199,0.676,0.045,-1.624,-0.283,-0.026,0.006,-1.86,-0.22,-179.15,-0.0038,0.0365,-0.0204,768.4608,768.2865,770.5000,769.2427
3,-0.128,-0.364,3.20,0.224,0.199,0.661,0.037,-1.624,-0.286,-0.011,0.007,-1.86,-0.11,-179.19,-0.0006,0.0367,-0.0209,768.7488,768.5871,770.3900,769.2844
3,-0.128,-0.364,3.25,0.224,0.199,0.652,0.032,-1.624,-0.287,-0.001,0.007,-1.85,-0.01,-179.22,0.0044,0.0351,-0.0200,769.3076,768.6393,770.0874,769.3097
3,-0.128,-0.364,3.30,0.224,0.199,0.636,0.025,-1.623,-0.288,0.014,0.007,-1.83,0.09,-179.25,0.0054,0.0343,-0.0200,769.5828,768.9242,770.1342,769.0717
3,-0.128,-0.364,3.35,0.224,0.199,0.628,0.022,-1.623,-0.288,0.021,0.007,-1.80,0.19,-179.28,0.0094,0.0354,-0.0200,769.5497,769.2664,769.6982,769.3009
3,-0.128,-0.364,3.40,0.224,0.199,0.612,0.016,-1.623,-0.287,0.036,0.007,-1.77,0.29,-179.32,0.0113,0.0349,-0.0191,769.9084,769.2701,769.7365,769.1240
3,-0.128,-0.364,3.45,0.224,0.199,0.601,0.014,-1.623,-0.286,0.045,0.007,-1.73,0.38,-179.35,0.0125,0.0340,-0.0185,769.8212,769.8045,769.3586,769.2540
3,-0.128,-0.364,3.50,0.224,0.199,0.585,0.010,-1.622,-0.283,0.058,0.006,-1.68,0.48,-179.38,0.0147,0.0341,-0.0191,770.1645,769.8707,769.1274,769.2652
3,-0.128,-0.364,3.55,0.224,0.199,0.577,0.009,-1.622,-0.281,0.065,0.006,-1.63,0.56,-179.42,0.0163,0.0309,-0.0177,770.2854,770.0508,769.1570,769.0577
3,-0.128,-0.364,3.60,0.224,0.199,0.561,0.007,-1.622,-0.276,0.078,0.006,-1.58,0.65,-179.45,0.0183,0.0279,-0.0167,770.6350,770.0425,769.1943,768.9199
3,-0.128,-0.364,3.65,0.224,0.199,0.551,0.006,-1.621,-0.272,0.086,0.005,-1.52,0.73,-179.48,0.0197,0.0265,-0.0161,770.9515,770.0928,769.0771,769.1284
3,-0.128,-0.364,3.70,0.224,0.199,0.535,0.006,-1.620,-0.266,0.097,0.005,-1.46,0.80,-179.51,0.0197,0.0244,-0.0145,771.2076,770.1757,769.2477,769.1164
3,-0.128,-0.364,3.75,0.224,0.199,0.527,0.007,-1.619,-0.262,0.103,0.004,-1.40,0.87,-179.53,0.0207,0.0239,-0.0140,770.9445,770.6586,769.2213,769.2336
3,-0.128,-0.364,3.80,0.224,0.199,0.511,0.008,-1.618,-0.255,0.113,0.003,-1.33,0.93,-179.56,0.0222,0.0217,-0.0126,771.0874,770.8433,769.2188,769.3818
3,-0.128,-0.364,3.85,0.224,0.199,0.501,0.009,-1.617,-0.250,0.119,0.003,-1.27,0.99,-179.58,0.0233,0.0206,-0.0117,771.6506,770.4722,769.4972,769.2308
3,-0.128,-0.364,3.90,0.224,0.199,0.485,0.011,-1.616,-0.241,0.128,0.002,-1.19,1.05,-179.60,0.0238,0.0200,-0.0096,771.5554,770.8387,769.3621,769.6625
3,-0.128,-0.364,3.95,0.224,0.199,0.478,0.013,-1.615,-0.236,0.132,0.001,-1.13,1.10,-179.62,0.0243,0.0189,-0.0096,771.5841,770.8031,769.4550,769.9537
3,-0.128,-0.364,4.00,0.224,0.199,0.463,0.017,-1.614,-0.227,0.140,-0.000,-1.05,1.15,-179.63,0.0239,0.0171,-0.0095,771.8596,770.6924,769.6548,770.0259
3,-0.128,-0.364,4.05,0.224,0.199,0.454,0.019,-1.613,-0.220,0.144,-0.001,-0.99,1.20,-179.65,0.0239,0.0149,-0.0071,771.8378,770.7820,769.7565,770.2446
3,-0.128,-0.364,4.10,0.224,0.199,0.440,0.024,-1.611,-0.210,0.151,-0.003,-0.91,1.24,-179.66,0.0241,0.0120,-0.0070,771.8113,770.8917,769.8477,770.3303
3,-0.128,-0.364,4.15,0.224,0.199,0.433,0.027,-1.610,-0.204,0.154,-0.004,-0.84,1.27,-179.67,0.0247,0.0121,-0.0064,771.6171,770.8396,769.6158,770.6323
3,-0.128,-0.364,4.20,0.224,0.199,0.419,0.034,-1.609,-0.193,0.159,-0.006,-0.77,1.30,-179.69,0.0246,0.0100,-0.0061,771.4463,770.8587,769.7675,770.5236
3,-0.128,-0.364,4.25,0.224,0.199,0.411,0.038,-1.608,-0.186,0.162,-0.007,-0.70,1.32,-179.70,0.0250,0.0065,-0.0049,771.7736,770.2130,770.1967,770.0193
3,-0.128,-0.364,4.30,0.224,0.199,0.399,0.046,-1.607,-0.174,0.166,-0.009,-0.62,1.34,-179.71,0.0261,0.0068,-0.0038,771.3127,770.2487,769.7318,770.3057
3,-0.128,-0.364,4.35,0.224,0.199,0.393,0.050,-1.607,-0.168,0.168,-0.009,-0.55,1.35,-179.72,0.0260,0.0034,-0.0044,771.3461,770.0599,769.8968,770.0617
3,-0.128,-0.364,4.40,0.224,0.199,0.381,0.058,-1.606,-0.157,0.170,-0.010,-0.47,1.36,-179.72,0.0253,0.0030,-0.0035,771.1085,770.0269,769.8702,770.0696
3,-0.128,-0.364,4.45,0.224,0.199,0.374,0.064,-1.606,-0.151,0.172,-0.011,-0.39,1.37,-179.72,0.0268,0.0026,-0.0038,771.2945,769.4960,769.9095,769.8864
3,-0.128,-0.364,4.50,0.224,0.199,0.362,0.072,-1.606,-0.140,0.172,-0.012,-0.31,1.38,-179.73,0.0266,0.0040,-0.0033,771.0282,769.2872,769.7162,769.8989
3,-0.128,-0.364,4.55,0.224,0.199,0.356,0.077,-1.606,-0.135,0.172,-0.013,-0.24,1.38,-179.72,0.0257,0.0019,-0.0034,770.7059,768.9293,769.5870,769.7433
3,-0.128,-0.364,4.60,0.224,0.199,0.346,0.085,-1.607,-0.124,0.172,-0.013,-0.17,1.39,-179.72,0.0238,0.0033,-0.0028,770.2208,768.8656,769.4438,769.5367
3,-0.128,-0.364,4.65,0.224,0.199,0.339,0.091,-1.607,-0.118,0.171,-0.014,-0.10,1.39,-179.72,0.0221,0.0020,-0.0029,770.1494,768.4152,769.3187,769.4664
3,-0.128,-0.364,4.70,0.224,0.199,0.329,0.100,-1.608,-0.108,0.168,-0.013,-0.03,1.40,-179.72,0.0209,0.0024,-0.0026,769.9763,768.3098,769.0863,769.6340
3,-0.128,-0.364,4.75,0.224,0.199,0.324,0.104,-1.608,-0.102,0.167,-0.013,0.02,1.40,-179.72,0.0198,0.0011,-0.0025,769.9283,768.1032,769.1483,769.5201
3,-0.128,-0.364,4.80,0.224,0.199,0.315,0.113,-1.609,-0.092,0.164,-0.013,0.08,1.40,-179.72,0.0191,0.0008,-0.0033,769.7460,767.9534,769.1548,769.3828
3,-0.128,-0.364,4.85,0.224,0.199,0.309,0.119,-1.610,-0.086,0.162,-0.013,0.13,1.40,-179.72,0.0170,-0.0000,-0.0027,769.6233,767.8027,769.1630,769.2609
3,-0.128,-0.364,4.90,0.224,0.199,0.300,0.128,-1.611,-0.077,0.158,-0.012,0.18,1.40,-179.72,0.0173,0.0006,-0.0042,769.5381,767.7092,768.8407,769.5951
3,-0.128,-0.364,4.95,0.224,0.199,0.295,0.133,-1.611,-0.072,0.156,-0.012,0.23,1.39,-179.72,0.0155,0.0001,-0.0034,769.4276,767.6328,769.1448,769.0887
4,-1.400,0.336,0.00,0.224,0.199,0.365,0.338,-1.620,0.053,-0.059,-0.006,0.87,-0.48,-179.91,0.0103,-0.0293,-0.0036,766.4202,770.5764,767.0721,769.5432
4,-1.400,0.336,0.05,0.224,0.199,0.369,0.338,-1.621,0.055,-0.063,-0.005,0.89,-0.56,-179.91,0.0085,-0.0309,-0.0030,766.8401,770.4106,766.9917,769.7498
4,-1.400,0.336,0.10,0.224,0.199,0.375,0.337,-1.621,0.058,-0.070,-0.004,0.91,-0.65,-179.92,0.0039,-0.0308,-0.0021,766.8386,770.4742,766.9128,769.9987
4,-1.400,0.336,0.15,0.224,0.199,0.378,0.337,-1.622,0.059,-0.073,-0.003,0.91,-0.74,-179.92,0.0007,-0.0313,-0.0028,766.9652,770.4934,766.7673,770.4651
4,-1.400,0.336,0.20,0.224,0.199,0.385,0.335,-1.622,0.060,-0.082,-0.003,0.91,-0.83,-179.92,-0.0040,-0.0309,-0.0024,767.2496,770.4524,766.5653,770.8135
4,-1.400,0.336,0.25,0.224,0.199,0.389,0.333,-1.622,0.060,-0.088,-0.002,0.89,-0.91,-179.93,-0.0073,-0.0318,-0.0028,767.7316,770.0688,766.7643,770.5683
4,-1.400,0.336,0.30,0.224,0.199,0.396,0.330,-1.622,0.059,-0.097,-0.002,0.86,-1.00,-179.93,-0.0139,-0.0303,-0.0031,767.5606,770.2566,766.6825,770.7838
4,-1.400,0.336,0.35,0.224,0.199,0.399,0.328,-1.623,0.058,-0.102,-0.002,0.81,-1.08,-179.93,-0.0173,-0.0278,-0.0018,767.4525,770.3099,766.3689,771.1368
4,-1.400,0.336,0.40,0.224,0.199,0.406,0.324,-1.623,0.055,-0.112,-0.001,0.76,-1.16,-179.93,-0.0201,-0.0272,-0.0009,767.9634,769.6551,766.5822,770.9067
4,-1.400,0.336,0.45,0.224,0.199,0.409,0.320,-1.624,0.053,-0.119,-0.001,0.69,-1.23,-179.94,-0.0250,-0.0250,-0.0011,767.7573,769.5731,766.5485,770.7258
4,-1.400,0.336,0.50,0.224,0.199,0.415,0.314,-1.625,0.048,-0.129,-0.001,0.61,-1.30,-179.94,-0.0293,-0.0222,-0.0016,767.8286,769.3663,766.3179,770.7507
4,-1.400,0.336,0.55,0.224,0.199,0.417,0.311,-1.625,0.045,-0.134,-0.000,0.53,-1.35,-179.94,-0.0330,-0.0189,-0.0021,767.5565,769.4871,766.0985,770.7818
4,-1.400,0.336,0.60,0.224,0.199,0.422,0.303,-1.626,0.038,-0.144,0.000,0.43,-1.40,-179.94,-0.0352,-0.0161,-0.0017,767.8207,769.1338,766.0870,770.7627
4,-1.400,0.336,0.65,0.224,0.199,0.425,0.298,-1.626,0.033,-0.149,0.001,0.33,-1.44,-179.94,-0.0377,-0.0142,-0.0012,767.9688,769.0414,766.2293,770.8177
4,-1.400,0.336,0.70,0.224,0.199,0.429,0.289,-1.627,0.026,-0.158,0.002,0.21,-1.47,-179.95,-0.0399,-0.0114,-0.0020,768.1557,769.0016,766.4350,770.6846
4,-1.400,0.336,0.75,0.224,0.199,0.430,0.285,-1.627,0.021,-0.161,0.002,0.10,-1.50,-179.95,-0.0426,-0.0060,-0.0010,767.7089,769.4537,766.0621,771.2096
4,-1.400,0.336,0.80,0.224,0.199,0.433,0.275,-1.627,0.012,-0.168,0.003,-0.02,-1.51,-179.95,-0.0432,-0.0048,-0.0017,768.2255,768.9774,766.3351,771.0060
4,-1.400,0.336,0.85,0.224,0.199,0.434,0.268,-1.627,0.006,-0.171,0.003,-0.14,-1.52,-179.95,-0.0439,-0.0013,-0.0011,768.1260,769.1960,766.4902,771.0220
4,-1.400,0.336,0.90,0.224,0.199,0.435,0.257,-1.628,-0.004,-0.176,0.003,-0.27,-1.51,-179.95,-0.0416,0.0018,-0.0017,768.4585,769.0107,766.1915,771.4558
4,-1.400,0.336,0.95,0.224,0.199,0.435,0.252,-1.628,-0.009,-0.178,0.004,-0.38,-1.50,-179.95,-0.0431,0.0047,-0.0027,768.6597,769.0560,766.4929,771.4168
4,-1.400,0.336,1.00,0.224,0.199,0.435,0.240,-1.628,-0.020,-0.181,0.004,-0.51,-1.48,-179.95,-0.0416,0.0088,-0.0020,768.7465,769.1298,766.1028,771.7689
4,-1.400,0.336,1.05,0.224,0.199,0.434,0.233,-1.628,-0.027,-0.181,0.004,-0.62,-1.46,-179.95,-0.0423,0.0107,-0.0022,769.0377,769.0682,766.7928,771.2169
4,-1.400,0.336,1.10,0.224,0.199,0.433,0.221,-1.627,-0.037,-0.182,0.005,-0.75,-1.42,-179.96,-0.0403,0.0140,-0.0015,769.1595,769.1624,766.5988,771.5866
4,-1.400,0.336,1.15,0.224,0.199,0.432,0.215,-1.627,-0.043,-0.181,0.005,-0.86,-1.37,-179.96,-0.0394,0.0165,-0.0016,769.2724,769.2366,766.7659,771.5502
4,-1.400,0.336,1.20,0.224,0.199,0.429,0.203,-1.627,-0.053,-0.179,0.005,-0.97,-1.32,-179.97,-0.0368,0.0187,-0.0006,769.6509,769.0112,766.6701,771.6439
4,-1.400,0.336,1.25,0.224,0.199,0.427,0.196,-1.627,-0.059,-0.177,0.005,-1.07,-1.26,-179.97,-0.0355,0.0211,-0.0002,769.4941,769.2223,766.9336,771.4845
4,-1.400,0.336,1.30,0.224,0.199,0.423,0.185,-1.627,-0.069,-0.173,0.004,-1.17,-1.19,-179.97,-0.0331,0.0227,-0.0015,769.4995,769.2134,766.7173,771.6722
4,-1.400,0.336,1.35,0.224,0.199,0.421,0.179,-1.627,-0.073,-0.171,0.004,-1.26,-1.13,-179.98,-0.0309,0.0234,-0.0009,769.5402,769.1777,766.6229,771.6085
4,-1.400,0.336,1.40,0.224,0.199,0.416,0.167,-1.627,-0.081,-0.166,0.004,-1.35,-1.06,-179.98,-0.0290,0.0241,-0.0006,769.8328,768.7789,766.4911,771.5602
4,-1.400,0.336,1.45,0.224,0.199,0.414,0.160,-1.627,-0.085,-0.162,0.004,-1.42,-0.99,-179.98,-0.0264,0.0233,-0.0010,769.8896,768.7048,766.4022,771.5450
4,-1.400,0.336,1.50,0.224,0.199,0.408,0.149,-1.627,-0.092,-0.155,0.003,-1.50,-0.92,-179.98,-0.0241,0.0240,-0.0009,769.5317,768.8718,765.9069,771.8944
4,-1.400,0.336,1.55,0.224,0.199,0.406,0.143,-1.627,-0.095,-0.152,0.003,-1.57,-0.85,-179.98,-0.0235,0.0240,0.0001,769.5858,768.6567,766.0022,771.6786
4,-1.400,0.336,1.60,0.224,0.199,0.400,0.133,-1.627,-0.101,-0.144,0.003,-1.63,-0.78,-179.98,-0.0213,0.0251,-0.0007,769.4434,768.5717,765.9288,771.6672
4,-1.400,0.336,1.65,0.224,0.199,0.396,0.127,-1.628,-0.104,-0.139,0.003,-1.69,-0.71,-179.98,-0.0200,0.0241,-0.0009,769.3804,768.3820,765.9593,771.3876
4,-1.400,0.336,1.70,0.224,0.199,0.389,0.117,-1.628,-0.109,-0.129,0.003,-1.75,-0.64,-179.99,-0.0183,0.0245,0.0000,769.1593,768.4645,765.8146,771.2487
4,-1.400,0.336,1.75,0.224,0.199,0.385,0.113,-1.628,-0.111,-0.124,0.004,-1.79,-0.57,-179.99,-0.0149,0.0249,-0.0008,769.4794,768.2182,765.7829,771.2996
4,-1.400,0.336,1.80,0.224,0.199,0.378,0.104,-1.629,-0.115,-0.114,0.004,-1.83,-0.49,-179.99,-0.0118,0.0253,-0.0001,769.4832,768.2847,765.6786,771.4127
4,-1.400,0.336,1.85,0.224,0.199,0.373,0.099,-1.629,-0.117,-0.108,0.005,-1.86,-0.43,-179.99,-0.0098,0.0243,0.0007,769.7914,767.9988,765.8238,771.3043
4,-1.400,0.336,1.90,0.224,0.199,0.364,0.091,-1.630,-0.119,-0.098,0.005,-1.89,-0.35,-180.00,-0.0079,0.0248,0.0008,769.8578,767.9641,765.7593,771.3762
4,-1.400,0.336,1.95,0.224,0.199,0.360,0.087,-1.630,-0.120,-0.093,0.005,-1.91,-0.28,-180.00,-0.0061,0.0243,0.0011,769.7940,767.8215,765.9249,771.1160
4,-1.400,0.336,2.00,0.224,0.199,0.352,0.080,-1.631,-0.122,-0.083,0.006,-1.92,-0.21,-180.00,-0.0046,0.0254,0.0005,769.6440,767.8570,765.7130,771.2701
4,-1.400,0.336,2.05,0.224,0.199,0.346,0.076,-1.631,-0.122,-0.076,0.006,-1.93,-0.14,-179.99,-0.0044,0.0246,0.0009,769.6038,767.9812,765.5767,771.5604
4,-1.400,0.336,2.10,0.224,0.199,0.338,0.070,-1.631,-0.122,-0.066,0.007,-1.94,-0.07,-179.99,-0.0016,0.0226,0.0002,769.7000,768.0730,765.8771,771.5956
4,-1.400,0.336,2.15,0.224,0.199,0.334,0.067,-1.631,-0.121,-0.061,0.008,-1.94,-0.00,-179.99,-0.0022,0.0228,0.0007,770.0433,768.3505,766.2050,771.8396
4,-1.400,0.336,2.20,0.224,0.199,0.325,0.062,-1.630,-0.120,-0.051,0.008,-1.95,0.06,-179.99,-0.0007,0.0216,0.0009,770.4033,768.3776,766.1484,772.3184
4,-1.400,0.336,2.25,0.224,0.199,0.320,0.059,-1.629,-0.119,-0.045,0.008,-1.94,0.12,-179.99,0.0013,0.0196,0.0002,770.7109,768.3494,766.5447,772.3683
4,-1.400,0.336,2.30,0.224,0.199,0.311,0.054,-1.628,-0.116,-0.035,0.008,-1.94,0.18,-179.98,0.0003,0.0190,0.0007,770.8438,768.6111,766.7749,772.5198
4,-1.400,0.336,2.35,0.224,0.199,0.307,0.052,-1.627,-0.115,-0.031,0.007,-1.93,0.23,-179.98,0.0027,0.0180,0.0018,771.1781,768.6322,766.7991,773.1037
4,-1.400,0.336,2.40,0.224,0.199,0.299,0.049,-1.626,-0.112,-0.021,0.007,-1.92,0.28,-179.98,0.0025,0.0177,0.0004,770.7983,769.1589,767.0803,773.1312
4,-1.400,0.336,2.45,0.224,0.199,0.294,0.047,-1.625,-0.109,-0.016,0.006,-1.91,0.32,-179.97,0.0043,0.0146,0.0005,771.5668,768.6268,767.3259,773.2072
4,-1.400,0.336,2.50,0.224,0.199,0.286,0.044,-1.624,-0.105,-0.007,0.005,-1.90,0.37,-179.97,0.0034,0.0150,0.0010,771.3289,769.0776,767.3275,773.4508
4,-1.400,0.336,2.55,0.224,0.199,0.283,0.043,-1.623,-0.103,-0.003,0.004,-1.88,0.41,-179.97,0.0050,0.0121,0.0002,771.5500,768.7094,767.5627,773.2211
4,-1.400,0.336,2.60,0.224,0.199,0.276,0.042,-1.622,-0.099,0.006,0.003,-1.86,0.44,-179.96,0.0066,0.0114,0.0000,771.4042,768.6927,767.4386,773.3160
4,-1.400,0.336,2.65,0.224,0.199,0.271,0.042,-1.621,-0.096,0.012,0.002,-1.84,0.47,-179.96,0.0070,0.0112,-0.0005,771.1893,768.8368,767.3762,773.2507
4,-1.400,0.336,2.70,0.224,0.199,0.265,0.042,-1.620,-0.090,0.021,0.001,-1.82,0.50,-179.96,0.0101,0.0108,0.0001,771.3994,768.3934,767.3026,773.1980
4,-1.400,0.336,2.75,0.224,0.199,0.261,0.043,-1.620,-0.088,0.025,0.000,-1.79,0.53,-179.95,0.0118,0.0083,-0.0001,771.1534,768.3691,767.4539,772.9656
4,-1.400,0.336,2.80,0.224,0.199,0.256,0.045,-1.619,-0.082,0.034,-0.001,-1.75,0.55,-179.95,0.0132,0.0073,-0.0017,770.9055,768.4799,767.2006,773.0581
4,-1.400,0.336,2.85,0.224,0.199,0.252,0.046,-1.619,-0.079,0.039,-0.001,-1.71,0.57,-179.95,0.0163,0.0051,-0.0017,771.3665,767.9619,767.1025,772.8757
4,-1.400,0.336,2.90,0.224,0.199,0.246,0.048,-1.618,-0.073,0.046,-0.002,-1.66,0.59,-179.95,0.0184,0.0049,-0.0015,770.9675,768.1412,766.5703,773.2600
4,-1.400,0.336,2.95,0.224,0.199,0.243,0.049,-1.618,-0.071,0.049,-0.003,-1.62,0.60,-179.95,0.0177,0.0053,-0.0004,771.0179,767.9147,766.7105,772.8303
4,-1.400,0.336,3.00,0.224,0.199,0.237,0.052,-1.618,-0.066,0.055,-0.004,-1.56,0.61,-179.95,0.0193,0.0049,-0.0011,771.1898,767.5198,766.7017,772.6228
4,-1.400,0.336,3.05,0.224,0.199,0.233,0.054,-1.618,-0.063,0.059,-0.004,-1.51,0.62,-179.94,0.0182,0.0049,-0.0016,771.0325,767.3181,766.5709,772.4882
4,-1.400,0.336,3.10,0.224,0.199,0.227,0.057,-1.619,-0.058,0.063,-0.004,-1.46,0.63,-179.94,0.0174,0.0060,-0.0015,770.8546,767.1053,766.4679,772.3036
4,-1.400,0.336,3.15,0.224,0.199,0.224,0.059,-1.619,-0.056,0.065,-0.004,-1.41,0.64,-179.93,0.0154,0.0059,-0.0022,770.5052,767.0416,766.3057,771.9839
4,-1.400,0.336,3.20,0.224,0.199,0.218,0.062,-1.620,-0.052,0.068,-0.005,-1.36,0.66,-179.93,0.0146,0.0068,-0.0021,770.3942,766.7180,766.0580,771.7841
4,-1.400,0.336,3.25,0.224,0.199,0.214,0.064,-1.621,-0.049,0.070,-0.005,-1.32,0.68,-179.93,0.0138,0.0069,-0.0019,770.1757,766.6212,765.7312,771.7263
4,-1.400,0.336,3.30,0.224,0.199,0.209,0.068,-1.622,-0.044,0.072,-0.004,-1.28,0.69,-179.93,0.0128,0.0069,-0.0021,770.0479,766.4624,765.6454,771.6011
4,-1.400,0.336,3.35,0.224,0.199,0.206,0.070,-1.622,-0.041,0.073,-0.004,-1.25,0.71,-179.93,0.0134,0.0067,-0.0028,769.9636,766.2075,765.1155,771.7327
4,-1.400,0.336,3.40,0.224,0.199,0.201,0.075,-1.624,-0.036,0.075,-0.003,-1.21,0.72,-179.93,0.0116,0.0051,-0.0030,769.8541,766.3112,765.3839,771.1591
4,-1.400,0.336,3.45,0.224,0.199,0.198,0.078,-1.624,-0.033,0.076,-0.002,-1.18,0.74,-179.93,0.0115,0.0042,-0.0024,769.9094,766.3351,765.5166,771.0420
4,-1.400,0.336,3.50,0.224,0.199,0.193,0.083,-1.625,-0.027,0.078,-0.001,-1.14,0.75,-179.94,0.0124,0.0041,-0.0029,770.0844,766.4354,765.3978,771.3290
4,-1.400,0.336,3.55,0.224,0.199,0.190,0.085,-1.625,-0.025,0.079,-0.000,-1.11,0.75,-179.94,0.0121,0.0040,-0.0023,769.9360,766.8123,765.3918,771.5831
4,-1.400,0.336,3.60,0.224,0.199,0.186,0.091,-1.626,-0.020,0.079,0.001,-1.07,0.76,-179.94,0.0129,0.0019,-0.0023,770.3918,766.3104,765.6963,771.2391
4,-1.400,0.336,3.65,0.224,0.199,0.183,0.094,-1.626,-0.017,0.080,0.001,-1.03,0.76,-179.94,0.0132,0.0028,-0.0025,770.3577,766.4089,765.5800,771.4265
4,-1.400,0.336,3.70,0.224,0.199,0.178,0.100,-1.627,-0.012,0.080,0.002,-1.00,0.77,-179.94,0.0129,0.0023,-0.0028,770.4814,766.3864,765.5472,771.5310
4,-1.400,0.336,3.75,0.224,0.199,0.176,0.103,-1.627,-0.009,0.079,0.003,-0.96,0.77,-179.94,0.0130,0.0032,-0.0026,770.3198,766.6467,765.4689,771.7397
4,-1.400,0.336,3.80,0.224,0.199,0.173,0.108,-1.628,-0.004,0.078,0.003,-0.92,0.78,-179.94,0.0120,0.0026,-0.0023,770.4702,766.5632,765.6790,771.5911
4,-1.400,0.336,3.85,0.224,0.199,0.171,0.112,-1.628,-0.000,0.077,0.004,-0.89,0.78,-179.94,0.0117,0.0002,-0.0029,770.7510,766.2807,765.7539,771.4544
4,-1.400,0.336,3.90,0.224,0.199,0.168,0.117,-1.629,0.005,0.076,0.004,-0.86,0.78,-179.95,0.0103,0.0002,-0.0031,770.3012,766.6610,765.3771,771.5667
4,-1.400,0.336,3.95,0.224,0.199,0.167,0.120,-1.630,0.008,0.075,0.005,-0.83,0.77,-179.95,0.0109,-0.0013,-0.0021,770.4797,766.3458,765.2351,771.3580
4,-1.400,0.336,4.00,0.224,0.199,0.165,0.126,-1.630,0.013,0.073,0.006,-0.80,0.76,-179.96,0.0087,-0.0038,-0.0028,770.4614,766.4496,765.5060,771.0641
4,-1.400,0.336,4.05,0.224,0.199,0.164,0.129,-1.631,0.017,0.072,0.006,-0.78,0.75,-179.96,0.0091,-0.0039,-0.0032,770.7095,766.3960,765.5851,771.0601
4,-1.400,0.336,4.10,0.224,0.199,0.162,0.135,-1.631,0.021,0.069,0.007,-0.76,0.74,-179.96,0.0088,-0.0022,-0.0021,770.1201,767.2610,765.1459,771.5805
4,-1.400,0.336,4.15,0.224,0.199,0.162,0.138,-1.631,0.024,0.068,0.008,-0.73,0.73,-179.97,0.0081,-0.0048,-0.0015,770.8550,766.7395,765.8011,771.2332
4,-1.400,0.336,4.20,0.224,0.199,0.160,0.144,-1.631,0.029,0.066,0.008,-0.71,0.71,-179.97,0.0083,-0.0058,-0.0021,771.1458,766.6805,766.1661,771.2170
4,-1.400,0.336,4.25,0.224,0.199,0.160,0.148,-1.631,0.032,0.064,0.009,-0.69,0.69,-179.97,0.0089,-0.0045,-0.0012,770.8177,767.1710,765.7360,771.8139
4,-1.400,0.336,4.30,0.224,0.199,0.159,0.154,-1.631,0.036,0.061,0.009,-0.66,0.67,-179.97,0.0087,-0.0060,-0.0017,771.0469,767.0333,765.8696,771.8092
4,-1.400,0.336,4.35,0.224,0.199,0.159,0.157,-1.631,0.038,0.060,0.009,-0.64,0.65,-179.97,0.0071,-0.0066,-0.0015,771.1416,767.0858,766.4400,771.4944
4,-1.400,0.336,4.40,0.224,0.199,0.158,0.162,-1.631,0.041,0.056,0.009,-0.61,0.63,-179.97,0.0075,-0.0061,-0.0016,771.6504,766.7231,766.5021,771.5365
4,-1.400,0.336,4.45,0.224,0.199,0.157,0.166,-1.631,0.043,0.054,0.009,-0.59,0.61,-179.97,0.0077,-0.0054,-0.0016,771.5450,767.0167,766.3295,771.8733
4,-1.400,0.336,4.50,0.224,0.199,0.157,0.170,-1.630,0.046,0.050,0.009,-0.58,0.60,-179.97,0.0062,-0.0040,-0.0018,771.2986,767.3428,766.3350,772.0500
4,-1.400,0.336,4.55,0.224,0.199,0.157,0.173,-1.630,0.047,0.048,0.009,-0.56,0.58,-179.97,0.0051,-0.0036,-0.0024,771.4983,767.2083,766.3305,772.1132
4,-1.400,0.336,4.60,0.224,0.199,0.157,0.177,-1.630,0.049,0.043,0.009,-0.55,0.57,-179.97,0.0038,-0.0036,-0.0012,771.5396,767.2574,766.3690,772.1216
4,-1.400,0.336,4.65,0.224,0.199,0.157,0.180,-1.629,0.051,0.040,0.009,-0.54,0.55,-179.97,0.0030,-0.0042,-0.0014,771.8274,767.0519,766.7119,771.9156
4,-1.400,0.336,4.70,0.224,0.199,0.157,0.184,-1.629,0.053,0.035,0.008,-0.54,0.54,-179.97,0.0002,-0.0027,-0.0022,771.4891,767.5971,766.4444,772.3584
4,-1.400,0.336,4.75,0.224,0.199,0.157,0.186,-1.628,0.054,0.033,0.008,-0.54,0.53,-179.97,0.0002,-0.0049,-0.0006,771.9092,767.3168,766.9468,771.9948
4,-1.400,0.336,4.80,0.224,0.199,0.158,0.189,-1.628,0.056,0.028,0.008,-0.54,0.52,-179.97,-0.0003,-0.0039,-0.0008,771.7195,767.6367,766.8419,772.3026
4,-1.400,0.336,4.85,0.224,0.199,0.159,0.191,-1.627,0.058,0.026,0.007,-0.54,0.50,-179.98,-0.0013,-0.0047,-0.0013,771.7426,767.8105,766.8790,772.3802
4,-1.400,0.336,4.90,0.224,0.199,0.161,0.195,-1.626,0.060,0.021,0.007,-0.54,0.49,-179.98,-0.0019,-0.0059,-0.0007,771.7429,767.8345,766.9532,772.4914
4,-1.400,0.336,4.95,0.224,0.199,0.162,0.196,-1.626,0.061,0.019,0.006,-0.55,0.47,-179.97,-0.0010,-0.0073,-0.0016,772.0093,767.6036,767.1286,772.4561
5,1.791,-6.473,0.00,0.224,0.199,0.362,0.261,-1.635,0.185,0.249,0.006,-0.37,-2.62,-179.98,0.1259,-0.0734,-0.0042,760.4277,778.9789,774.5031,762.5964
5,1.791,-6.473,0.05,0.224,0.199,0.368,0.272,-1.636,0.178,0.268,0.006,-0.02,-2.81,-179.97,0.1377,-0.0609,-0.0032,760.8776,778.6733,774.9675,762.0463
5,1.791,-6.473,0.10,0.224,0.199,0.377,0.296,-1.636,0.160,0.302,0.006,0.41,-2.97,-179.97,0.1495,-0.0476,-0.0044,761.2657,778.3115,775.8005,761.2821
5,1.791,-6.473,0.15,0.224,0.199,0.381,0.308,-1.637,0.148,0.319,0.005,0.82,-3.09,-179.96,0.1570,-0.0327,-0.0058,761.7630,777.8484,776.4233,760.7021
5,1.791,-6.473,0.20,0.224,0.199,0.388,0.338,-1.637,0.118,0.351,0.005,1.30,-3.17,-179.95,0.1640,-0.0163,-0.0039,762.3799,777.0405,777.0743,760.1886
5,1.791,-6.473,0.25,0.224,0.199,0.390,0.352,-1.637,0.103,0.363,0.004,1.75,-3.20,-179.94,0.1678,-0.0030,-0.0044,762.6462,776.6129,777.6147,759.8954
5,1.791,-6.473,0.30,0.224,0.199,0.392,0.381,-1.638,0.069,0.383,0.004,2.25,-3.19,-179.92,0.1683,0.0134,-0.0053,762.9695,776.0590,778.1830,759.8297
5,1.791,-6.473,0.35,0.224,0.199,0.391,0.396,-1.638,0.052,0.390,0.004,2.71,-3.14,-179.90,0.1662,0.0283,-0.0047,763.3219,775.3569,778.9656,759.5345
5,1.791,-6.473,0.40,0.224,0.199,0.387,0.429,-1.638,0.009,0.402,0.003,3.19,-3.03,-179.87,0.1604,0.0457,-0.0061,763.5519,774.6098,779.3716,759.7124
5,1.791,-6.473,0.45,0.224,0.199,0.384,0.443,-1.638,-0.010,0.404,0.003,3.63,-2.90,-179.85,0.1557,0.0581,-0.0071,763.7531,773.8979,780.2030,759.5203
5,1.791,-6.473,0.50,0.224,0.199,0.376,0.471,-1.638,-0.049,0.404,0.002,4.07,-2.71,-179.82,0.1454,0.0723,-0.0079,763.9151,772.9451,780.6728,759.4327
5,1.791,-6.473,0.55,0.224,0.199,0.371,0.485,-1.638,-0.068,0.401,0.001,4.46,-2.50,-179.79,0.1355,0.0845,-0.0107,764.1528,771.8574,780.7998,759.4574
5,1.791,-6.473,0.60,0.224,0.199,0.358,0.514,-1.639,-0.111,0.390,0.001,4.85,-2.24,-179.76,0.1234,0.0940,-0.0118,763.4933,771.6895,780.8008,759.5347
5,1.791,-6.473,0.65,0.224,0.199,0.351,0.526,-1.639,-0.129,0.382,0.001,5.17,-1.98,-179.73,0.1106,0.1021,-0.0137,763.4929,771.1743,781.0730,759.4881
5,1.791,-6.473,0.70,0.224,0.199,0.335,0.548,-1.639,-0.165,0.363,0.000,5.48,-1.67,-179.71,0.0949,0.1096,-0.0156,764.0511,769.9489,781.4855,759.0652
5,1.791,-6.473,0.75,0.224,0.199,0.327,0.558,-1.640,-0.181,0.352,0.000,5.73,-1.36,-179.69,0.0810,0.1133,-0.0174,764.3960,769.1810,781.9424,758.4170
5,1.791,-6.473,0.80,0.224,0.199,0.306,0.579,-1.640,-0.216,0.322,0.001,5.95,-1.02,-179.67,0.0650,0.1193,-0.0200,763.9944,769.4215,781.4376,758.8234
5,1.791,-6.473,0.85,0.224,0.199,0.295,0.586,-1.640,-0.230,0.307,0.001,6.12,-0.69,-179.65,0.0508,0.1204,-0.0218,764.3936,768.8820,781.6121,758.4868
5,1.791,-6.473,0.90,0.224,0.199,0.274,0.600,-1.641,-0.256,0.275,0.002,6.26,-0.32,-179.64,0.0359,0.1222,-0.0245,764.8415,768.2646,781.4894,758.2056
5,1.791,-6.473,0.95,0.224,0.199,0.263,0.605,-1.641,-0.268,0.258,0.002,6.35,0.02,-179.63,0.0219,0.1230,-0.0247,765.2636,767.9317,781.7881,757.5063
5,1.791,-6.473,1.00,0.224,0.199,0.237,0.615,-1.641,-0.290,0.219,0.003,6.40,0.38,-179.62,0.0080,0.1225,-0.0286,765.3361,767.9465,781.5626,757.3094
5,1.791,-6.473,1.05,0.224,0.199,0.226,0.618,-1.642,-0.299,0.201,0.003,6.41,0.72,-179.62,-0.0042,0.1213,-0.0294,765.5110,768.0261,781.2029,757.0610
5,1.791,-6.473,1.10,0.224,0.199,0.202,0.622,-1.642,-0.313,0.164,0.004,6.39,1.08,-179.63,-0.0156,0.1166,-0.0299,765.8968,767.9253,780.9510,756.3705
5,1.791,-6.473,1.15,0.224,0.199,0.190,0.623,-1.643,-0.318,0.145,0.005,6.34,1.41,-179.63,-0.0259,0.1147,-0.0313,766.3887,767.7231,780.9678,755.6297
5,1.791,-6.473,1.20,0.224,0.199,0.164,0.622,-1.643,-0.327,0.104,0.006,6.25,1.75,-179.65,-0.0365,0.1085,-0.0319,766.6276,767.8914,780.7271,754.9976
5,1.791,-6.473,1.25,0.224,0.199,0.153,0.620,-1.643,-0.329,0.086,0.006,6.15,2.05,-179.66,-0.0454,0.1032,-0.0327,767.0153,768.0887,780.1080,754.9471
5,1.791,-6.473,1.30,0.224,0.199,0.130,0.615,-1.643,-0.330,0.051,0.008,6.01,2.36,-179.68,-0.0519,0.0981,-0.0323,767.9449,767.9534,780.3188,754.2129
5,1.791,-6.473,1.35,0.224,0.199,0.120,0.612,-1.643,-0.330,0.034,0.009,5.86,2.62,-179.70,-0.0576,0.0905,-0.0318,768.5084,768.1378,780.0887,753.9530
5,1.791,-6.473,1.40,0.224,0.199,0.097,0.603,-1.643,-0.325,-0.002,0.010,5.69,2.89,-179.73,-0.0642,0.0831,-0.0317,768.8353,768.4803,779.9853,753.4903
5,1.791,-6.473,1.45,0.224,0.199,0.088,0.598,-1.644,-0.322,-0.017,0.010,5.51,3.12,-179.76,-0.0666,0.0753,-0.0304,769.2462,768.5559,779.6649,753.1626
5,1.791,-6.473,1.50,0.224,0.199,0.070,0.588,-1.644,-0.313,-0.045,0.011,5.31,3.35,-179.78,-0.0710,0.0661,-0.0297,769.8171,768.3543,779.4280,752.7060
5,1.791,-6.473,1.55,0.224,0.199,0.062,0.582,-1.644,-0.307,-0.058,0.011,5.11,3.53,-179.81,-0.0721,0.0581,-0.0276,769.8408,768.6770,778.9922,752.5196
5,1.791,-6.473,1.60,0.224,0.199,0.045,0.568,-1.644,-0.293,-0.084,0.012,4.90,3.70,-179.84,-0.0724,0.0502,-0.0269,770.4336,768.3466,779.2178,751.7021
5,1.791,-6.473,1.65,0.224,0.199,0.038,0.562,-1.644,-0.287,-0.094,0.012,4.70,3.84,-179.87,-0.0716,0.0430,-0.0249,770.6481,768.3445,779.0073,751.4759
5,1.791,-6.473,1.70,0.224,0.199,0.025,0.548,-1.644,-0.272,-0.113,0.013,4.49,3.97,-179.90,-0.0694,0.0355,-0.0217,771.1013,768.1133,779.1342,750.9292
5,1.791,-6.473,1.75,0.224,0.199,0.019,0.541,-1.644,-0.264,-0.121,0.013,4.30,4.07,-179.92,-0.0684,0.0289,-0.0210,771.3226,768.0308,778.9993,750.9482
5,1.791,-6.473,1.80,0.224,0.199,0.007,0.526,-1.644,-0.246,-0.137,0.014,4.10,4.16,-179.95,-0.0652,0.0223,-0.0195,771.6797,768.0021,779.1003,750.9398
5,1.791,-6.473,1.85,0.224,0.199,0.002,0.519,-1.643,-0.238,-0.143,0.015,3.93,4.23,-179.97,-0.0623,0.0195,-0.0184,772.0469,767.9579,778.8924,751.2583
5,1.791,-6.473,1.90,0.224,0.199,-0.006,0.505,-1.643,-0.220,-0.153,0.015,3.74,4.28,-179.99,-0.0582,0.0129,-0.0168,772.3929,767.7822,779.5136,750.7407
5,1.791,-6.473,1.95,0.224,0.199,-0.009,0.498,-1.643,-0.212,-0.156,0.015,3.58,4.32,180.00,-0.0546,0.0080,-0.0134,772.5950,767.6232,779.2260,751.0743
5,1.791,-6.473,2.00,0.224,0.199,-0.015,0.483,-1.642,-0.192,-0.162,0.016,3.42,4.35,179.99,-0.0512,0.0037,-0.0120,772.8430,767.3235,779.6711,750.8601
5,1.791,-6.473,2.05,0.224,0.199,-0.017,0.477,-1.642,-0.183,-0.164,0.015,3.28,4.36,179.98,-0.0470,-0.0011,-0.0112,773.0411,766.9870,779.8146,750.9291
5,1.791,-6.473,2.10,0.224,0.199,-0.021,0.465,-1.641,-0.167,-0.166,0.015,3.15,4.36,179.97,-0.0414,-0.0040,-0.0091,772.9637,767.0018,779.7930,751.1956
5,1.791,-6.473,2.15,0.224,0.199,-0.022,0.459,-1.641,-0.159,-0.166,0.015,3.04,4.35,179.97,-0.0364,-0.0069,-0.0073,773.2205,766.4584,780.1621,751.1340
5,1.791,-6.473,2.20,0.224,0.199,-0.024,0.447,-1.640,-0.141,-0.164,0.015,2.93,4.34,179.97,-0.0329,-0.0101,-0.0064,773.1561,766.1979,780.0659,751.3840
5,1.791,-6.473,2.25,0.224,0.199,-0.025,0.441,-1.640,-0.133,-0.163,0.015,2.85,4.31,179.98,-0.0271,-0.0124,-0.0047,773.0952,765.7676,780.0255,751.5314
5,1.791,-6.473,2.30,0.224,0.199,-0.025,0.432,-1.640,-0.119,-0.160,0.015,2.77,4.29,179.98,-0.0228,-0.0135,-0.0038,773.0875,765.2083,780.1937,751.3689
5,1.791,-6.473,2.35,0.224,0.199,-0.025,0.427,-1.640,-0.112,-0.158,0.015,2.71,4.25,179.99,-0.0190,-0.0142,-0.0038,772.8668,765.0013,780.0905,751.6546
5,1.791,-6.473,2.40,0.224,0.199,-0.026,0.417,-1.640,-0.099,-0.153,0.015,2.65,4.21,179.99,-0.0155,-0.0144,-0.0024,772.9224,764.6068,780.3101,751.5769
5,1.791,-6.473,2.45,0.224,0.199,-0.026,0.413,-1.640,-0.093,-0.151,0.016,2.61,4.18,180.00,-0.0117,-0.0142,-0.0022,773.3872,764.1208,780.8200,751.5287
5,1.791,-6.473,2.50,0.224,0.199,-0.026,0.406,-1.640,-0.084,-0.146,0.016,2.58,4.15,180.00,-0.0092,-0.0116,-0.0027,773.4916,764.1326,780.9575,751.8972
5,1.791,-6.473,2.55,0.224,0.199,-0.026,0.402,-1.639,-0.079,-0.143,0.016,2.55,4.12,180.00,-0.0073,-0.0100,-0.0016,773.5425,764.3282,781.1404,752.2821
5,1.791,-6.473,2.60,0.224,0.199,-0.027,0.394,-1.637,-0.071,-0.137,0.016,2.53,4.09,180.00,-0.0064,-0.0084,-0.0010,773.8895,764.4146,781.3967,752.7009
5,1.791,-6.473,2.65,0.224,0.199,-0.027,0.391,-1.637,-0.067,-0.134,0.016,2.51,4.07,-180.00,-0.0056,-0.0063,-0.0021,774.1225,764.4772,781.8693,752.9764
5,1.791,-6.473,2.70,0.224,0.199,-0.028,0.385,-1.635,-0.062,-0.129,0.015,2.49,4.06,180.00,-0.0035,-0.0044,-0.0010,774.3810,764.6753,781.8227,753.4030
5,1.791,-6.473,2.75,0.224,0.199,-0.028,0.382,-1.634,-0.059,-0.126,0.014,2.48,4.05,180.00,-0.0024,-0.0017,-0.0016,774.7515,764.3887,782.1329,753.4120
5,1.791,-6.473,2.80,0.224,0.199,-0.029,0.376,-1.633,-0.053,-0.120,0.013,2.48,4.05,180.00,-0.0020,-0.0005,-0.0019,775.0358,764.2988,782.1874,753.4563
5,1.791,-6.473,2.85,0.224,0.199,-0.030,0.374,-1.632,-0.051,-0.117,0.012,2.47,4.05,180.00,-0.0007,0.0013,-0.0021,774.8387,764.6243,782.0172,753.7088
5,1.791,-6.473,2.90,0.224,0.199,-0.030,0.369,-1.630,-0.046,-0.112,0.011,2.47,4.06,180.00,0.0007,0.0034,-0.0018,774.9108,764.6967,781.8231,754.0267
5,1.791,-6.473,2.95,0.224,0.199,-0.031,0.367,-1.629,-0.044,-0.109,0.010,2.47,4.07,180.00,0.0014,0.0024,-0.0013,775.2259,764.4351,782.0272,753.8306
5,1.791,-6.473,3.00,0.224,0.199,-0.032,0.363,-1.628,-0.039,-0.104,0.008,2.47,4.08,180.00,0.0022,0.0046,-0.0021,775.3954,764.3069,782.1850,753.6881
5,1.791,-6.473,3.05,0.224,0.199,-0.032,0.361,-1.627,-0.038,-0.101,0.008,2.47,4.10,180.00,0.0032,0.0045,-0.0020,775.5121,764.2900,782.2484,753.6719
5,1.791,-6.473,3.10,0.224,0.199,-0.033,0.358,-1.626,-0.034,-0.097,0.006,2.48,4.11,180.00,0.0029,0.0052,-0.0022,775.2893,764.4324,781.9105,754.0168
5,1.791,-6.473,3.15,0.224,0.199,-0.034,0.356,-1.625,-0.032,-0.094,0.005,2.49,4.13,180.00,0.0033,0.0047,-0.0017,775.5462,764.1155,782.0181,753.7500
5,1.791,-6.473,3.20,0.224,0.199,-0.035,0.353,-1.624,-0.028,-0.090,0.003,2.49,4.14,179.99,0.0050,0.0062,-0.0018,775.3945,764.1639,781.7709,753.7352
5,1.791,-6.473,3.25,0.224,0.199,-0.036,0.352,-1.624,-0.026,-0.088,0.002,2.50,4.16,179.99,0.0034,0.0069,-0.0009,775.5087,763.8879,781.6722,753.6655
5,1.791,-6.473,3.30,0.224,0.199,-0.036,0.349,-1.623,-0.023,-0.084,0.001,2.51,4.18,179.99,0.0040,0.0059,-0.0017,775.3694,763.8729,781.3794,753.8557
5,1.791,-6.473,3.35,0.224,0.199,-0.037,0.348,-1.623,-0.021,-0.083,0.001,2.53,4.20,179.99,0.0038,0.0076,-0.0010,775.5293,763.7141,781.1766,753.9975
5,1.791,-6.473,3.40,0.224,0.199,-0.037,0.345,-1.622,-0.017,-0.081,-0.000,2.54,4.22,179.99,0.0025,0.0057,-0.0016,775.8638,763.4231,781.6088,753.4944
5,1.791,-6.473,3.45,0.224,0.199,-0.037,0.343,-1.621,-0.015,-0.080,-0.001,2.54,4.24,179.99,0.0026,0.0065,-0.0015,775.6465,763.6895,781.4158,753.6321
5,1.791,-6.473,3.50,0.224,0.199,-0.037,0.340,-1.620,-0.011,-0.078,-0.002,2.54,4.25,179.98,-0.0000,0.0048,-0.0011,775.6392,763.8074,781.3359,753.7761
5,1.791,-6.473,3.55,0.224,0.199,-0.037,0.339,-1.619,-0.009,-0.077,-0.002,2.54,4.26,179.98,-0.0009,0.0044,-0.0008,776.0253,763.6136,781.4695,753.8278
5,1.791,-6.473,3.60,0.224,0.199,-0.037,0.336,-1.618,-0.005,-0.074,-0.003,2.54,4.27,179.98,-0.0013,0.0029,-0.0028,776.0806,763.7129,781.6647,753.7679
5,1.791,-6.473,3.65,0.224,0.199,-0.037,0.335,-1.618,-0.003,-0.073,-0.003,2.53,4.28,179.98,-0.0007,0.0016,-0.0016,776.2872,763.6633,781.4395,753.9747
5,1.791,-6.473,3.70,0.224,0.199,-0.036,0.332,-1.616,0.001,-0.072,-0.004,2.53,4.29,179.98,-0.0020,0.0021,0.0000,776.1986,763.7544,781.7730,753.6316
5,1.791,-6.473,3.75,0.224,0.199,-0.036,0.331,-1.616,0.003,-0.071,-0.005,2.53,4.29,179.98,-0.0004,0.0007,0.0001,776.0959,763.8406,781.5009,754.0427
5,1.791,-6.473,3.80,0.224,0.199,-0.034,0.329,-1.615,0.007,-0.069,-0.006,2.52,4.30,179.98,-0.0009,0.0010,-0.0011,776.1931,763.7412,781.6639,753.8320
5,1.791,-6.473,3.85,0.224,0.199,-0.034,0.328,-1.614,0.009,-0.068,-0.007,2.51,4.30,179.98,-0.0021,-0.0006,-0.0011,776.1996,763.6815,781.4258,753.8441
5,1.791,-6.473,3.90,0.224,0.199,-0.033,0.326,-1.614,0.012,-0.066,-0.008,2.51,4.30,179.98,-0.0000,0.0006,0.0000,776.0400,763.5677,781.1935,753.9243
5,1.791,-6.473,3.95,0.224,0.199,-0.032,0.326,-1.614,0.014,-0.065,-0.009,2.50,4.29,179.98,-0.0003,-0.0002,-0.0009,775.9487,763.4082,781.3853,753.5764
5,1.791,-6.473,4.00,0.224,0.199,-0.031,0.325,-1.613,0.017,-0.062,-0.009,2.50,4.29,179.99,0.0019,-0.0005,0.0007,775.9307,763.3680,781.5242,753.5409
5,1.791,-6.473,4.05,0.224,0.199,-0.030,0.325,-1.613,0.018,-0.060,-0.010,2.51,4.29,179.99,0.0035,-0.0004,-0.0002,776.1900,762.9719,781.6387,753.4960
5,1.791,-6.473,4.10,0.224,0.199,-0.029,0.326,-1.612,0.021,-0.057,-0.010,2.51,4.29,179.99,0.0059,0.0017,-0.0002,775.9459,763.1948,781.5493,753.5578
5,1.791,-6.473,4.15,0.224,0.199,-0.028,0.326,-1.612,0.022,-0.056,-0.011,2.53,4.29,180.00,0.0064,-0.0004,-0.0000,775.8320,763.1564,781.5975,753.4787
5,1.791,-6.473,4.20,0.224,0.199,-0.026,0.327,-1.612,0.025,-0.053,-0.011,2.54,4.29,-180.00,0.0072,-0.0004,-0.0012,775.6220,763.0078,781.2755,753.6439
5,1.791,-6.473,4.25,0.224,0.199,-0.025,0.327,-1.612,0.027,-0.052,-0.012,2.56,4.29,-179.99,0.0086,-0.0011,-0.0003,775.4763,762.6965,780.9529,753.5834
5,1.791,-6.473,4.30,0.224,0.199,-0.023,0.329,-1.612,0.030,-0.049,-0.012,2.59,4.29,-179.99,0.0093,-0.0013,-0.0003,775.1245,762.6360,780.9435,753.2847
5,1.791,-6.473,4.35,0.224,0.199,-0.021,0.329,-1.613,0.031,-0.048,-0.012,2.61,4.28,-179.99,0.0111,-0.0020,-0.0001,774.8259,762.7908,780.6511,753.5164
5,1.791,-6.473,4.40,0.224,0.199,-0.018,0.331,-1.613,0.035,-0.046,-0.012,2.64,4.27,-179.98,0.0104,-0.0036,-0.0002,775.3721,762.0077,781.1197,752.9048
5,1.791,-6.473,4.45,0.224,0.199,-0.016,0.332,-1.613,0.036,-0.046,-0.012,2.66,4.26,-179.98,0.0109,-0.0047,-0.0008,775.1896,761.9501,780.6091,753.2221
5,1.791,-6.473,4.50,0.224,0.199,-0.013,0.333,-1.614,0.039,-0.045,-0.012,2.69,4.25,-179.98,0.0101,-0.0064,-0.0010,774.9012,762.0273,780.3439,753.1454
5,1.791,-6.473,4.55,0.224,0.199,-0.011,0.334,-1.614,0.040,-0.045,-0.012,2.72,4.24,-179.98,0.0097,-0.0048,-0.0008,774.9658,761.8175,780.2079,753.0875
5,1.791,-6.473,4.60,0.224,0.199,-0.007,0.335,-1.615,0.043,-0.045,-0.011,2.74,4.22,-179.98,0.0092,-0.0074,-0.0012,775.1817,761.5513,780.4672,752.7010
5,1.791,-6.473,4.65,0.224,0.199,-0.005,0.335,-1.615,0.044,-0.045,-0.011,2.76,4.20,-179.98,0.0083,-0.0071,-0.0009,775.0778,761.5923,780.3199,752.6448
5,1.791,-6.473,4.70,0.224,0.199,-0.001,0.336,-1.616,0.045,-0.046,-0.010,2.78,4.18,-179.99,0.0061,-0.0071,-0.0016,774.9812,761.4532,780.2348,752.5093
5,1.791,-6.473,4.75,0.224,0.199,0.001,0.335,-1.617,0.046,-0.047,-0.010,2.80,4.16,-179.99,0.0046,-0.0061,-0.0005,775.0348,761.2158,780.0146,752.3619
5,1.791,-6.473,4.80,0.224,0.199,0.004,0.335,-1.618,0.046,-0.049,-0.009,2.81,4.14,-179.99,0.0032,-0.0063,-0.0016,774.7698,761.3973,779.8406,752.3909
5,1.791,-6.473,4.85,0.224,0.199,0.006,0.334,-1.619,0.046,-0.050,-0.009,2.81,4.13,-179.99,0.0004,-0.0048,-0.0009,774.7717,761.2776,779.7799,752.1420
5,1.791,-6.473,4.90,0.224,0.199,0.009,0.333,-1.621,0.046,-0.053,-0.007,2.81,4.11,-180.00,-0.0012,-0.0037,-0.0012,774.5798,761.1407,779.4943,752.0730
5,1.791,-6.473,4.95,0.224,0.199,0.011,0.332,-1.621,0.046,-0.054,-0.007,2.81,4.11,-180.00,-0.0025,-0.0022,-0.0014,774.3637,761.1508,779.0839,752.1423
